Date,Variation,Valeur,Volume Devise Total,Cours Ajuste,Volume Ajuste Total,Cours Normal,Volume Normal Total,source
2026-01-02,-0.69,1863130,1863130,1435,1304,1435,1304,Vivo energy
2026-01-02,-0.1,10727415,10727415,5235,2052,5235,2052,DATA
2026-01-02,-1.33,2238470,2238470,7795,290,7795,290,DATA
2026-01-02,-1.38,4488500,4488500,28500,157,28500,157,DATA
2026-01-02,-0.38,2842190,2842190,2600,1117,2600,1117,DATA
2026-01-02,-0.48,59203710,59203710,25995,2383,25995,2383,DATA
2026-01-02,-1.42,6980610,6980610,1045,6651,1045,6651,DATA
2026-01-02,-0.25,7983405,7983405,3990,2004,3990,2004,DATA
2026-01-02,0.0,1723280,1723280,2335,738,2335,738,DATA
2026-01-02,1.2,1136830,1136830,2530,453,2530,453,DATA
2026-01-02,-1.32,1745900,1745900,1495,1190,1495,1190,AGL
2026-01-02,-0.13,842475,842475,3870,222,3870,222,DATA
2026-01-02,0.0,5225595,5225595,7180,728,7180,728,DATA
2026-01-02,2.26,245000,245000,35000,7,35000,7,DATA
2026-01-02,0.71,7687890,7687890,1410,5488,1410,5488,DATA
2026-01-02,5.07,1722290,1722290,3940,439,3940,439,DATA
2026-01-02,-0.69,1863130,1863130,1435,1304,1435,1304,DATA
2026-01-02,0.0,306156145,306156145,16000,19750,16000,19750,ECOBANK_CI
2026-01-02,0.0,4779290,4779290,5850,817,5850,817,DATA
2026-01-02,6.33,18555675,18555675,1680,10948,1680,10948,Erium ci
2026-01-02,-0.75,21740700,21740700,19300,1143,19300,1143,DATA
2026-01-02,-1.13,9013735,9013735,2195,4132,2195,4132,Filtisac
2026-01-02,0.0,1136550,1136550,4295,284,4295,284,LNBB
2026-01-02,0.0,7024605,7024605,4975,1414,4975,1414,DATA
2026-01-02,0.0,2209800,2209800,5800,381,5800,381,DATA
2026-01-02,-7.5,1589285,1589285,1110,1381,1110,1381,NEI-CEDA
2026-01-02,-0.05,996545,996545,9495,105,9495,105,DATA
2026-01-02,-0.46,3450090,3450090,19690,175,19690,175,DATA
2026-01-02,3.24,4942965,4942965,10995,464,10995,464,DATA
2026-01-02,0.0,1136550,1136550,4295,284,4295,284,DATA
2026-01-02,-0.13,7121425,7121425,11430,642,11430,642,DATA
2026-01-02,-1.41,4053485,4053485,2450,1690,2450,1690,DATA
2026-01-02,-1.13,9013735,9013735,2195,4132,2195,4132,DATA
2026-01-02,3.54,582995,582995,2485,239,2485,239,DATA
2026-01-02,-1.37,37492280,37492280,14055,2639,14055,2639,DATA
2026-01-02,0.0,2054586,2054586,23,89496,23,89496,DATA
2026-01-02,-1.23,1784975,1784975,8000,221,8000,221,DATA
2026-01-02,-3.94,3045635,3045635,2245,1321,3175,934,DATA
2026-01-02,6.33,18555675,18555675,1680,10948,1680,10948,DATA
2026-01-02,-1.9,2742940,2742940,7750,351,7750,351,DATA
2026-01-02,7.14,101638500,101638500,750,135518,750,135518,DATA
2026-01-02,0.0,306156145,306156145,16000,19750,16000,19750,DATA
2026-01-02,0.69,2733045,2733045,2920,936,2920,936,DATA
2026-01-02,-3.4,5079755,5079755,1280,4096,1280,4096,DATA
2026-01-02,0.6,12280795,12280795,10845,1139,10845,1139,DATA
2026-01-02,-0.99,171434580,171434580,29600,6186,29600,6186,DATA
2026-01-02,-0.17,4360885,4360885,5740,761,5740,761,DATA
2026-01-02,1.69,14154730,14154730,2400,5847,2400,5847,DATA
2026-01-02,-0.42,1728600,1728600,2350,742,2350,742,DATA
2026-01-02,0.0,6600,6600,3300,2,3300,2,DATA
2026-01-02,-3.19,1669395,1669395,1365,1223,1365,1223,Bernabe
2026-01-02,-2.45,3817860,3817860,1395,2776,1395,2776,DATA
2026-01-02,3.24,4942965,4942965,10995,464,10995,464,Nestle
2026-01-02,0.0,2054586,2054586,23,89496,23,89496,ETIT
2026-01-02,-7.5,1589285,1589285,1110,1381,1110,1381,DATA
2026-01-02,0.0,1723280,1723280,2335,738,2335,738,Total ci
2026-01-02,-3.4,5079755,5079755,1280,4096,1280,4096,Setao
2026-01-02,-0.1,10727415,10727415,5235,2052,5235,2052,BOA_SN
2026-01-02,-0.99,171434580,171434580,29600,6186,29600,6186,SGB CI
2026-01-02,-1.42,6980610,6980610,1045,6651,1045,6651,Sucrivoire
2026-01-02,-0.17,4360885,4360885,5740,761,5740,761,SIBC
2026-01-02,-0.38,2842190,2842190,2600,1117,2600,1117,BOA_NIGER
2026-01-02,-0.42,1728600,1728600,2350,742,2350,742,Sicable
2026-01-02,-1.33,2238470,2238470,7795,290,7795,290,SOGB
2026-01-02,-3.19,1669395,1669395,1365,1223,1365,1223,DATA
2026-01-02,0.0,6600,6600,3300,2,3300,2,Sicor_ci
2026-01-02,-0.25,7983405,7983405,3990,2004,3990,2004,BOA_MALI
2026-01-02,-0.46,3450090,3450090,19690,175,19690,175,Sitab_ci
2026-01-02,-0.48,59203710,59203710,25995,2383,25995,2383,Sonatel
2026-01-02,-0.05,996545,996545,9495,105,9495,105,SMBC
2026-01-02,0.0,5225595,5225595,7180,728,7180,728,BOA_CI
2026-01-02,0.0,2209800,2209800,5800,381,5800,381,SODE CI
2026-01-02,-1.38,4488500,4488500,28500,157,28500,157,Solibra
2026-01-02,0.0,4779290,4779290,5850,817,5850,817,BOA_BENIN
2026-01-02,-0.75,21740700,21740700,19300,1143,19300,1143,BICC
2026-01-02,0.69,2733045,2733045,2920,936,2920,936,Servair
2026-01-02,7.14,101638500,101638500,750,135518,750,135518,SEMC
2026-01-02,-0.13,7121425,7121425,11430,642,11430,642,NSIA
2026-01-02,0.71,7687890,7687890,1410,5488,1410,5488,Uniwax
2026-01-02,-1.41,4053485,4053485,2450,1690,2450,1690,Onatel bf
2026-01-02,-1.32,1745900,1745900,1495,1190,1495,1190,DATA
2026-01-02,3.54,582995,582995,2485,239,2485,239,ORAGROUP_TOGO
2026-01-02,2.26,245000,245000,35000,7,35000,7,Unilever
2026-01-02,0.0,7024605,7024605,4975,1414,4975,1414,BICB
2026-01-02,-2.45,3817860,3817860,1395,2776,1395,2776,Cfao
2026-01-02,0.6,12280795,12280795,10845,1139,10845,1139,CORIS_BANK
2026-01-02,-1.37,37492280,37492280,14055,2639,14055,2639,Orange ci
2026-01-02,-1.23,1784975,1784975,8000,221,8000,221,Palm ci
2026-01-02,-3.94,3045635,3045635,2245,1321,3175,934,SAFCA
2026-01-02,1.69,14154730,14154730,2400,5847,2400,5847,CIE CI
2026-01-02,-1.9,2742940,2742940,7750,351,7750,351,Saph
2026-01-02,1.2,1136830,1136830,2530,453,2530,453,Total senegal
2026-01-02,-0.13,842475,842475,3870,222,3870,222,Tractafric
2026-01-02,5.07,1722290,1722290,3940,439,3940,439,BOA_BF
2026-01-05,-0.26,2748110,2748110,19250,143,19250,143,BICC
2026-01-05,-0.09,12702730,12702730,5845,2171,5845,2171,BOA_BENIN
2026-01-05,0.0,1519500,1519500,4295,355,4295,355,DATA
2026-01-05,-5.24,27308880,27308880,2080,13366,2080,13366,DATA
2026-01-05,2.08,14518710,14518710,1715,8529,1715,8529,DATA
2026-01-05,-4.35,13264320,13264320,22,600533,22,600533,DATA
2026-01-05,-1.31,2382395,2382395,4910,483,4910,483,BICB
2026-01-05,1.02,4169135,4169135,3980,1060,3980,1060,BOA_BF
2026-01-05,-1.31,2382395,2382395,4910,483,4910,483,DATA
2026-01-05,-0.84,12534475,12534475,7120,1768,7120,1768,BOA_CI
2026-01-05,0.37,4862970,4862970,1370,3563,1370,3563,DATA
2026-01-05,-0.26,2748110,2748110,19250,143,19250,143,DATA
2026-01-05,-7.21,1188150,1188150,1030,1153,1030,1153,DATA
2026-01-05,-0.09,12702730,12702730,5845,2171,5845,2171,DATA
2026-01-05,-2.68,7523140,7523140,1455,5201,1455,5201,DATA
2026-01-05,1.02,4169135,4169135,3980,1060,3980,1060,DATA
2026-01-05,0.14,4783575,4783575,10860,441,10860,441,CORIS_BANK
2026-01-05,-0.84,12534475,12534475,7120,1768,7120,1768,DATA
2026-01-05,-1.28,3452560,3452560,15795,215,15795,215,DATA
2026-01-05,-1.04,8135410,8135410,2375,3426,2375,3426,CIE CI
2026-01-05,-6.45,8740230,8740230,1305,6653,1305,6653,Cfao
2026-01-05,-0.38,1052560,1052560,2590,410,2590,410,DATA
2026-01-05,-0.1,6804580,6804580,5230,1301,5230,1301,BOA_SN
2026-01-05,-0.1,6804580,6804580,5230,1301,5230,1301,DATA
2026-01-05,-0.38,1052560,1052560,2590,410,2590,410,BOA_NIGER
2026-01-05,0.0,16367360,16367360,3990,4096,3990,4096,BOA_MALI
2026-01-05,-1.04,8135410,8135410,2375,3426,2375,3426,DATA
2026-01-05,0.14,4783575,4783575,10860,441,10860,441,DATA
2026-01-05,0.0,16367360,16367360,3990,4096,3990,4096,DATA
2026-01-05,-6.45,8740230,8740230,1305,6653,1305,6653,DATA
2026-01-05,-0.05,12107930,12107930,19680,616,19680,616,DATA
2026-01-05,-0.26,22851550,22851550,11400,2029,11400,2029,DATA
2026-01-05,-0.45,9640065,9640065,10945,881,10945,881,Nestle
2026-01-05,-0.26,22851550,22851550,11400,2029,11400,2029,NSIA
2026-01-05,1.22,2863195,2863195,2480,1160,2480,1160,Onatel bf
2026-01-05,6.04,14705815,14705815,2635,5612,2635,5612,ORAGROUP_TOGO
2026-01-05,-0.25,23200650,23200650,14020,1646,14020,1646,Orange ci
2026-01-05,-0.13,13601035,13601035,7990,1687,7990,1687,Palm ci
2026-01-05,0.8,10334250,10334250,2263,4565,3200,3228,SAFCA
2026-01-05,-0.19,16859880,16859880,7735,2179,7735,2179,Saph
2026-01-05,7.33,5219160,5219160,805,6485,805,6485,SEMC
2026-01-05,-4.11,7154680,7154680,2800,2543,2800,2543,Servair
2026-01-05,0.0,3895315,3895315,1280,3139,1280,3139,Setao
2026-01-05,-2.03,7472210,7472210,29000,254,29000,254,SGB CI
2026-01-05,0.0,12420460,12420460,5740,2180,5740,2180,SIBC
2026-01-05,0.43,1647025,1647025,2360,700,2360,700,Sicable
2026-01-05,0.3,165500,165500,3310,50,3310,50,Sicor_ci
2026-01-05,-0.05,12107930,12107930,19680,616,19680,616,Sitab_ci
2026-01-05,-1.0,3472515,3472515,9400,368,9400,368,SMBC
2026-01-05,-0.78,2208575,2208575,5755,382,5755,382,SODE CI
2026-01-05,-3.08,3338885,3338885,7555,439,7555,439,SOGB
2026-01-05,1.05,8893100,8893100,28800,324,28800,324,Solibra
2026-01-05,-3.85,76672255,76672255,24995,3073,24995,3073,Sonatel
2026-01-05,0.0,3526345,3526345,1045,3350,1045,3350,Sucrivoire
2026-01-05,0.64,25770085,25770085,2350,11041,2350,11041,Total ci
2026-01-05,-7.11,6921560,6921560,2350,2916,2350,2916,Total senegal
2026-01-05,-0.78,2972350,2972350,3840,782,3840,782,Tractafric
2026-01-05,0.0,247155,247155,35000,7,35000,7,Unilever
2026-01-05,0.0,3444280,3444280,1410,2482,1410,2482,Uniwax
2026-01-05,-7.21,1188150,1188150,1030,1153,1030,1153,NEI-CEDA
2026-01-05,-0.45,9640065,9640065,10945,881,10945,881,DATA
2026-01-05,0.0,1519500,1519500,4295,355,4295,355,LNBB
2026-01-05,-4.35,13264320,13264320,22,600533,22,600533,ETIT
2026-01-05,1.22,2863195,2863195,2480,1160,2480,1160,DATA
2026-01-05,6.04,14705815,14705815,2635,5612,2635,5612,DATA
2026-01-05,-0.25,23200650,23200650,14020,1646,14020,1646,DATA
2026-01-05,-0.13,13601035,13601035,7990,1687,7990,1687,DATA
2026-01-05,0.8,10334250,10334250,2263,4565,3200,3228,DATA
2026-01-05,-0.19,16859880,16859880,7735,2179,7735,2179,DATA
2026-01-05,7.33,5219160,5219160,805,6485,805,6485,DATA
2026-01-05,-4.11,7154680,7154680,2800,2543,2800,2543,DATA
2026-01-05,0.0,3895315,3895315,1280,3139,1280,3139,DATA
2026-01-05,-2.03,7472210,7472210,29000,254,29000,254,DATA
2026-01-05,0.0,12420460,12420460,5740,2180,5740,2180,DATA
2026-01-05,0.43,1647025,1647025,2360,700,2360,700,DATA
2026-01-05,-1.74,3504000,3504000,1410,2441,1410,2441,Vivo energy
2026-01-05,-1.0,3472515,3472515,9400,368,9400,368,DATA
2026-01-05,-0.78,2208575,2208575,5755,382,5755,382,DATA
2026-01-05,-3.08,3338885,3338885,7555,439,7555,439,DATA
2026-01-05,1.05,8893100,8893100,28800,324,28800,324,DATA
2026-01-05,-3.85,76672255,76672255,24995,3073,24995,3073,DATA
2026-01-05,0.0,3526345,3526345,1045,3350,1045,3350,DATA
2026-01-05,0.64,25770085,25770085,2350,11041,2350,11041,DATA
2026-01-05,-7.11,6921560,6921560,2350,2916,2350,2916,DATA
2026-01-05,-0.78,2972350,2972350,3840,782,3840,782,DATA
2026-01-05,0.0,247155,247155,35000,7,35000,7,DATA
2026-01-05,0.0,3444280,3444280,1410,2482,1410,2482,DATA
2026-01-05,-1.74,3504000,3504000,1410,2441,1410,2441,DATA
2026-01-05,-1.28,3452560,3452560,15795,215,15795,215,ECOBANK_CI
2026-01-05,2.08,14518710,14518710,1715,8529,1715,8529,Erium ci
2026-01-05,-5.24,27308880,27308880,2080,13366,2080,13366,Filtisac
2026-01-05,0.37,4862970,4862970,1370,3563,1370,3563,Bernabe
2026-01-05,0.3,165500,165500,3310,50,3310,50,DATA
2026-01-05,-2.68,7523140,7523140,1455,5201,1455,5201,AGL
2026-01-06,7.4,39105,39105,3555,11,3555,11,Sicor_ci
2026-01-06,-0.21,656580,656580,2355,279,2355,279,DATA
2026-01-06,-0.39,1843650,1843650,1275,1444,1275,1444,Setao
2026-01-06,-4.21,11479635,11479635,1250,9269,1250,9269,DATA
2026-01-06,7.4,39105,39105,3555,11,3555,11,DATA
2026-01-06,0.0,11097875,11097875,5230,2121,5230,2121,DATA
2026-01-06,-4.5,2824095,2824095,27505,99,27505,99,Solibra
2026-01-06,-0.58,4912530,4912530,2575,1932,2575,1932,DATA
2026-01-06,0.0,12452665,12452665,19680,634,19680,634,DATA
2026-01-06,1.06,6868605,6868605,9500,726,9500,726,DATA
2026-01-06,-0.71,6513655,6513655,2780,2348,2780,2348,Servair
2026-01-06,0.69,3915595,3915595,1465,2683,1465,2683,AGL
2026-01-06,0.0,8399095,8399095,3990,2105,3990,2105,DATA
2026-01-06,-0.21,21358400,21358400,7105,3008,7105,3008,DATA
2026-01-06,0.78,5656845,5656845,5800,980,5800,980,DATA
2026-01-06,2.02,75068925,75068925,25500,2947,25500,2947,Sonatel
2026-01-06,0.21,3013535,3013535,19290,158,19290,158,BICC
2026-01-06,-0.09,25924135,25924135,5735,4515,5735,4515,DATA
2026-01-06,-2.91,4391055,4391055,1000,4354,1000,4354,NEI-CEDA
2026-01-06,-0.41,7050965,7050965,10900,646,10900,646,Nestle
2026-01-06,0.0,7713960,7713960,2375,3279,2375,3279,DATA
2026-01-06,-0.36,609360,609360,1365,449,1365,449,Bernabe
2026-01-06,4.96,1122095,1122095,1480,771,1480,771,Vivo energy
2026-01-06,1.06,6868605,6868605,9500,726,9500,726,SMBC
2026-01-06,-0.45,6324285,6324285,7700,823,7700,823,DATA
2026-01-06,-7.45,30989360,30989360,1925,16020,1925,16020,DATA
2026-01-06,7.45,8736500,8736500,865,10100,865,10100,DATA
2026-01-06,-0.09,25924135,25924135,5735,4515,5735,4515,SIBC
2026-01-06,0.0,5974299,5974299,22,273645,22,273645,DATA
2026-01-06,-0.71,6513655,6513655,2780,2348,2780,2348,DATA
2026-01-06,-1.17,10448070,10448070,1695,6255,1695,6255,DATA
2026-01-06,0.78,5656845,5656845,5800,980,5800,980,SODE CI
2026-01-06,-0.39,1843650,1843650,1275,1444,1275,1444,DATA
2026-01-06,1.38,19391560,19391560,29400,665,29400,665,SGB CI
2026-01-06,2.56,17687585,17687585,16200,1101,16200,1101,DATA
2026-01-06,1.38,19391560,19391560,29400,665,29400,665,DATA
2026-01-06,0.0,6611620,6611620,10860,609,10860,609,DATA
2026-01-06,3.24,9420800,9420800,7800,1239,7800,1239,SOGB
2026-01-06,0.81,5241045,5241045,4950,1062,4950,1062,BICB
2026-01-06,-0.12,1829005,1829005,4290,441,4290,441,DATA
2026-01-06,-0.13,5115555,5115555,3975,1287,3975,1287,DATA
2026-01-06,7.45,8736500,8736500,865,10100,865,10100,SEMC
2026-01-06,0.0,7713960,7713960,2375,3279,2375,3279,CIE CI
2026-01-06,0.0,175000,175000,35000,5,35000,5,DATA
2026-01-06,-2.13,3896380,3896380,1380,2807,1380,2807,DATA
2026-01-06,-4.21,11479635,11479635,1250,9269,1250,9269,Cfao
2026-01-06,4.96,1122095,1122095,1480,771,1480,771,DATA
2026-01-06,-0.5,11367850,11367850,7950,1432,7950,1432,Palm ci
2026-01-06,0.0,11097875,11097875,5230,2121,5230,2121,BOA_SN
2026-01-06,-7.45,30989360,30989360,1925,16020,1925,16020,Filtisac
2026-01-06,-1.3,4986515,4986515,3790,1305,3790,1305,Tractafric
2026-01-06,-0.58,4912530,4912530,2575,1932,2575,1932,BOA_NIGER
2026-01-06,2.56,17687585,17687585,16200,1101,16200,1101,ECOBANK_CI
2026-01-06,-1.17,10448070,10448070,1695,6255,1695,6255,Erium ci
2026-01-06,1.21,20115450,20115450,14190,1429,14190,1429,Orange ci
2026-01-06,0.0,8399095,8399095,3990,2105,3990,2105,BOA_MALI
2026-01-06,-0.13,5115555,5115555,3975,1287,3975,1287,BOA_BF
2026-01-06,0.0,175000,175000,35000,5,35000,5,Unilever
2026-01-06,-0.21,21358400,21358400,7105,3008,7105,3008,BOA_CI
2026-01-06,3.19,3462010,3462010,2425,1422,2425,1422,Total senegal
2026-01-06,3.24,9420800,9420800,7800,1239,7800,1239,DATA
2026-01-06,-0.12,1829005,1829005,4290,441,4290,441,LNBB
2026-01-06,0.0,6611620,6611620,10860,609,10860,609,CORIS_BANK
2026-01-06,-2.13,3896380,3896380,1380,2807,1380,2807,Uniwax
2026-01-06,-4.5,2824095,2824095,27505,99,27505,99,DATA
2026-01-06,0.94,6867400,6867400,5900,1162,5900,1162,DATA
2026-01-06,1.44,2984280,2984280,1060,2836,1060,2836,Sucrivoire
2026-01-06,0.21,3013535,3013535,19290,158,19290,158,DATA
2026-01-06,2.02,75068925,75068925,25500,2947,25500,2947,DATA
2026-01-06,1.44,2984280,2984280,1060,2836,1060,2836,DATA
2026-01-06,-0.45,6324285,6324285,7700,823,7700,823,Saph
2026-01-06,0.81,5241045,5241045,4950,1062,4950,1062,DATA
2026-01-06,-0.36,609360,609360,1365,449,1365,449,DATA
2026-01-06,0.0,7568165,7568165,2350,3223,2350,3223,DATA
2026-01-06,0.0,7568165,7568165,2350,3223,2350,3223,Total ci
2026-01-06,0.69,3915595,3915595,1465,2683,1465,2683,DATA
2026-01-06,0.94,6867400,6867400,5900,1162,5900,1162,BOA_BENIN
2026-01-06,3.19,3462010,3462010,2425,1422,2425,1422,DATA
2026-01-06,-1.3,4986515,4986515,3790,1305,3790,1305,DATA
2026-01-06,0.0,4262345,4262345,2263,1893,3200,1339,SAFCA
2026-01-06,-1.33,17118575,17118575,2600,6489,2600,6489,ORAGROUP_TOGO
2026-01-06,0.0,4262345,4262345,2263,1893,3200,1339,DATA
2026-01-06,0.0,5974299,5974299,22,273645,22,273645,ETIT
2026-01-06,-0.5,11367850,11367850,7950,1432,7950,1432,DATA
2026-01-06,-1.33,17118575,17118575,2600,6489,2600,6489,DATA
2026-01-06,0.0,12452665,12452665,19680,634,19680,634,Sitab_ci
2026-01-06,-0.41,7050965,7050965,10900,646,10900,646,DATA
2026-01-06,-0.21,656580,656580,2355,279,2355,279,Sicable
2026-01-06,-0.81,3904715,3904715,2460,1582,2460,1582,DATA
2026-01-06,-2.91,4391055,4391055,1000,4354,1000,4354,DATA
2026-01-06,0.0,6525540,6525540,11400,576,11400,576,NSIA
2026-01-06,0.0,6525540,6525540,11400,576,11400,576,DATA
2026-01-06,-0.81,3904715,3904715,2460,1582,2460,1582,Onatel bf
2026-01-06,1.21,20115450,20115450,14190,1429,14190,1429,DATA
2026-01-07,0.0,5440380,5440380,7950,699,7950,699,Palm ci
2026-01-07,-0.02,14576515,14576515,27500,528,27500,528,Solibra
2026-01-07,4.73,5995655,5995655,1550,4020,1550,4020,DATA
2026-01-07,0.13,2855920,2855920,3980,725,3980,725,BOA_BF
2026-01-07,4.1,25529550,25529550,5970,4403,5970,4403,SIBC
2026-01-07,0.0,35229640,35229640,25500,1387,25500,1387,DATA
2026-01-07,-0.88,12321565,12321565,11300,1091,11300,1091,DATA
2026-01-07,0.0,26684145,26684145,16200,1626,16200,1626,DATA
2026-01-07,1.71,16352870,16352870,1490,11159,1490,11159,AGL
2026-01-07,-0.88,12321565,12321565,11300,1091,11300,1091,NSIA
2026-01-07,-0.21,8382080,8382080,2345,3607,2345,3607,DATA
2026-01-07,6.94,13662250,13662250,925,14770,925,14770,DATA
2026-01-07,-0.97,2445615,2445615,2550,964,2550,964,DATA
2026-01-07,0.0,4117435,4117435,5800,714,5800,714,SODE CI
2026-01-07,1.03,4525830,4525830,2450,1913,2450,1913,DATA
2026-01-07,1.26,14070215,14070215,2405,5891,2405,5891,CIE CI
2026-01-07,-2.34,1318670,1318670,2300,571,2300,571,DATA
2026-01-07,0.0,5440380,5440380,7950,699,7950,699,DATA
2026-01-07,-0.64,19788265,19788265,7750,2611,7750,2611,DATA
2026-01-07,0.0,4576665,4576665,22,209123,22,209123,DATA
2026-01-07,6.94,13662250,13662250,925,14770,925,14770,SEMC
2026-01-07,0.61,2782030,2782030,2475,1125,2475,1125,DATA
2026-01-07,2.0,2192595,2192595,1275,1727,1275,1727,DATA
2026-01-07,-1.77,21836395,21836395,1665,13220,1665,13220,Erium ci
2026-01-07,0.76,13134910,13134910,5945,2226,5945,2226,BOA_BENIN
2026-01-07,0.0,11067660,11067660,10900,1061,10900,1061,Nestle
2026-01-07,7.14,37500,37500,37500,1,37500,1,DATA
2026-01-07,-1.77,21836395,21836395,1665,13220,1665,13220,DATA
2026-01-07,-2.34,1318670,1318670,2300,571,2300,571,Sicable
2026-01-07,-1.8,4076530,4076530,2730,1489,2730,1489,DATA
2026-01-07,0.0,57055,57055,3555,17,3555,17,Sicor_ci
2026-01-07,-0.1,3875315,3875315,19270,201,19270,201,DATA
2026-01-07,-0.21,8382080,8382080,2345,3607,2345,3607,Total ci
2026-01-07,0.0,21410535,21410535,14190,1514,14190,1514,Orange ci
2026-01-07,4.1,25529550,25529550,5970,4403,5970,4403,DATA
2026-01-07,0.0,57055,57055,3555,17,3555,17,DATA
2026-01-07,0.0,11067660,11067660,10900,1061,10900,1061,DATA
2026-01-07,1.09,5219140,5219140,1395,3774,1395,3774,Uniwax
2026-01-07,0.19,11695980,11695980,5240,2236,5240,2236,DATA
2026-01-07,0.0,3318465,3318465,1060,3144,1060,3144,Sucrivoire
2026-01-07,1.03,4525830,4525830,2450,1913,2450,1913,Total senegal
2026-01-07,2.0,2192595,2192595,1275,1727,1275,1727,Cfao
2026-01-07,-0.02,14576515,14576515,27500,528,27500,528,DATA
2026-01-07,0.0,21410535,21410535,14190,1514,14190,1514,DATA
2026-01-07,0.0,3318465,3318465,1060,3144,1060,3144,DATA
2026-01-07,4.73,5995655,5995655,1550,4020,1550,4020,Vivo energy
2026-01-07,0.5,774195,774195,1005,773,1005,773,DATA
2026-01-07,2.2,762445,762445,1395,556,1395,556,Bernabe
2026-01-07,0.87,2585180,2585180,10955,238,10955,238,DATA
2026-01-07,0.87,2585180,2585180,10955,238,10955,238,CORIS_BANK
2026-01-07,0.0,2009185,2009185,1275,1505,1275,1505,DATA
2026-01-07,1.2,20204770,20204770,7190,2842,7190,2842,BOA_CI
2026-01-07,0.0,4117435,4117435,5800,714,5800,714,DATA
2026-01-07,-1.42,54353410,54353410,19400,2793,19400,2793,Sitab_ci
2026-01-07,1.26,14070215,14070215,2405,5891,2405,5891,DATA
2026-01-07,-2.21,1022855,1022855,4195,254,4195,254,DATA
2026-01-07,0.19,11695980,11695980,5240,2236,5240,2236,BOA_SN
2026-01-07,0.0,35229640,35229640,25500,1387,25500,1387,Sonatel
2026-01-07,0.0,3061740,3061740,2263,1363,3200,964,DATA
2026-01-07,0.0,2009185,2009185,1275,1505,1275,1505,Setao
2026-01-07,-0.64,19788265,19788265,7750,2611,7750,2611,SOGB
2026-01-07,2.2,762445,762445,1395,556,1395,556,DATA
2026-01-07,0.0,3061740,3061740,2263,1363,3200,964,SAFCA
2026-01-07,0.4,14532125,14532125,4970,2957,4970,2957,DATA
2026-01-07,0.0,912355,912355,3790,241,3790,241,DATA
2026-01-07,-0.1,3875315,3875315,19270,201,19270,201,BICC
2026-01-07,0.5,774195,774195,1005,773,1005,773,NEI-CEDA
2026-01-07,0.0,912355,912355,3790,241,3790,241,Tractafric
2026-01-07,1.71,16352870,16352870,1490,11159,1490,11159,DATA
2026-01-07,1.2,20204770,20204770,7190,2842,7190,2842,DATA
2026-01-07,0.0,12656300,12656300,29400,445,29400,445,SGB CI
2026-01-07,-1.42,54353410,54353410,19400,2793,19400,2793,DATA
2026-01-07,7.27,18911080,18911080,2065,10131,2065,10131,DATA
2026-01-07,-0.97,2445615,2445615,2550,964,2550,964,BOA_NIGER
2026-01-07,-0.26,8774530,8774530,7680,1175,7680,1175,DATA
2026-01-07,-2.21,1022855,1022855,4195,254,4195,254,LNBB
2026-01-07,0.13,2855920,2855920,3980,725,3980,725,DATA
2026-01-07,0.4,14532125,14532125,4970,2957,4970,2957,BICB
2026-01-07,-3.16,10949420,10949420,9200,1185,9200,1185,DATA
2026-01-07,-0.26,8774530,8774530,7680,1175,7680,1175,Saph
2026-01-07,0.13,71581575,71581575,3995,18631,3995,18631,BOA_MALI
2026-01-07,0.61,2782030,2782030,2475,1125,2475,1125,Onatel bf
2026-01-07,-1.8,4076530,4076530,2730,1489,2730,1489,Servair
2026-01-07,0.0,26684145,26684145,16200,1626,16200,1626,ECOBANK_CI
2026-01-07,0.76,13134910,13134910,5945,2226,5945,2226,DATA
2026-01-07,1.54,3492155,3492155,2640,1324,2640,1324,DATA
2026-01-07,1.54,3492155,3492155,2640,1324,2640,1324,ORAGROUP_TOGO
2026-01-07,7.27,18911080,18911080,2065,10131,2065,10131,Filtisac
2026-01-07,7.14,37500,37500,37500,1,37500,1,Unilever
2026-01-07,0.13,71581575,71581575,3995,18631,3995,18631,DATA
2026-01-07,0.0,12656300,12656300,29400,445,29400,445,DATA
2026-01-07,0.0,4576665,4576665,22,209123,22,209123,ETIT
2026-01-07,-3.16,10949420,10949420,9200,1185,9200,1185,SMBC
2026-01-07,1.09,5219140,5219140,1395,3774,1395,3774,DATA
2026-01-08,4.71,1670650,1670650,1335,1265,1335,1265,DATA
2026-01-08,0.0,6581455,6581455,1550,4267,1550,4267,DATA
2026-01-08,-2.68,39448685,39448685,5810,6689,5810,6689,DATA
2026-01-08,-0.13,3186665,3186665,7940,401,7940,401,Palm ci
2026-01-08,4.91,12649860,12649860,28850,437,28850,437,DATA
2026-01-08,-0.2,501030,501030,4960,101,4960,101,BICB
2026-01-08,-0.63,17917885,17917885,14100,1270,14100,1270,DATA
2026-01-08,0.21,6579200,6579200,2410,2734,2410,2734,DATA
2026-01-08,0.0,6799995,6799995,5240,1298,5240,1298,BOA_SN
2026-01-08,0.0,5723280,5723280,10900,525,10900,525,Nestle
2026-01-08,-0.08,3597270,3597270,5940,605,5940,605,BOA_BENIN
2026-01-08,0.21,6579200,6579200,2410,2734,2410,2734,CIE CI
2026-01-08,-5.49,31637130,31637130,1205,26005,1205,26005,Setao
2026-01-08,2.17,7480775,7480775,9400,812,9400,812,DATA
2026-01-08,0.0,13765665,13765665,2475,5562,2475,5562,Onatel bf
2026-01-08,-0.37,8465160,8465160,2720,3089,2720,3089,Servair
2026-01-08,-1.33,8687735,8687735,2605,3326,2605,3326,DATA
2026-01-08,3.27,1572870,1572870,2530,636,2530,636,Total senegal
2026-01-08,0.13,18351845,18351845,4000,4780,4000,4780,DATA
2026-01-08,-1.07,12524525,12524525,4150,3198,4150,3198,LNBB
2026-01-08,0.0,5752515,5752515,7190,801,7190,801,DATA
2026-01-08,0.41,2933800,2933800,11000,267,11000,267,CORIS_BANK
2026-01-08,0.0,464000,464000,5800,80,5800,80,DATA
2026-01-08,-0.4,13045645,13045645,3775,3662,3775,3662,DATA
2026-01-08,0.0,39544915,39544915,25500,1555,25500,1555,Sonatel
2026-01-08,0.52,20560865,20560865,19500,1053,19500,1053,Sitab_ci
2026-01-08,0.93,5381950,5381950,2284,2408,3230,1703,SAFCA
2026-01-08,7.46,975165,975165,1080,904,1080,904,NEI-CEDA
2026-01-08,2.39,1513475,1513475,2355,647,2355,647,DATA
2026-01-08,0.52,20560865,20560865,19500,1053,19500,1053,DATA
2026-01-08,0.78,1494460,1494460,2570,586,2570,586,DATA
2026-01-08,7.03,5357880,5357880,990,5412,990,5412,SEMC
2026-01-08,4.71,1670650,1670650,1335,1265,1335,1265,Cfao
2026-01-08,0.0,4118470,4118470,1395,2954,1395,2954,DATA
2026-01-08,0.0,5723280,5723280,10900,525,10900,525,DATA
2026-01-08,-0.88,14283420,14283420,11200,1271,11200,1271,DATA
2026-01-08,0.0,487500,487500,37500,13,37500,13,DATA
2026-01-08,0.5,25029855,25029855,4000,6272,4000,6272,DATA
2026-01-08,0.0,4118470,4118470,1395,2954,1395,2954,Uniwax
2026-01-08,0.0,6799995,6799995,5240,1298,5240,1298,DATA
2026-01-08,3.27,1572870,1572870,2530,636,2530,636,DATA
2026-01-08,0.52,5870550,5870550,7790,755,7790,755,SOGB
2026-01-08,0.52,5870550,5870550,7790,755,7790,755,DATA
2026-01-08,4.91,12649860,12649860,28850,437,28850,437,Solibra
2026-01-08,-1.01,3500125,3500125,1475,2365,1475,2365,AGL
2026-01-08,0.0,408775,408775,3555,115,3555,115,DATA
2026-01-08,-0.08,3597270,3597270,5940,605,5940,605,DATA
2026-01-08,0.0,9650975,9650975,19270,501,19270,501,BICC
2026-01-08,0.0,9650975,9650975,19270,501,19270,501,DATA
2026-01-08,-1.33,8687735,8687735,2605,3326,2605,3326,ORAGROUP_TOGO
2026-01-08,-0.13,3186665,3186665,7940,401,7940,401,DATA
2026-01-08,-5.49,31637130,31637130,1205,26005,1205,26005,DATA
2026-01-08,0.5,25029855,25029855,4000,6272,4000,6272,BOA_BF
2026-01-08,0.0,487500,487500,37500,13,37500,13,Unilever
2026-01-08,0.0,20101680,20101680,16200,1223,16200,1223,ECOBANK_CI
2026-01-08,0.0,464000,464000,5800,80,5800,80,SODE CI
2026-01-08,2.17,7480775,7480775,9400,812,9400,812,SMBC
2026-01-08,-0.72,2372370,2372370,7625,311,7625,311,Saph
2026-01-08,-3.9,7587530,7587530,1600,4725,1600,4725,Erium ci
2026-01-08,-0.72,2372370,2372370,7625,311,7625,311,DATA
2026-01-08,0.13,18351845,18351845,4000,4780,4000,4780,BOA_MALI
2026-01-08,-3.9,7587530,7587530,1600,4725,1600,4725,DATA
2026-01-08,-0.37,8465160,8465160,2720,3089,2720,3089,DATA
2026-01-08,7.26,8408720,8408720,2215,3840,2215,3840,DATA
2026-01-08,-0.63,17917885,17917885,14100,1270,14100,1270,Orange ci
2026-01-08,-0.47,833755,833755,1055,790,1055,790,DATA
2026-01-08,-1.49,2134770,2134770,2310,914,2310,914,Total ci
2026-01-08,4.55,1519485,1519485,23,67681,23,67681,DATA
2026-01-08,7.26,8408720,8408720,2215,3840,2215,3840,Filtisac
2026-01-08,2.39,1513475,1513475,2355,647,2355,647,Sicable
2026-01-08,-1.49,2134770,2134770,2310,914,2310,914,DATA
2026-01-08,7.03,5357880,5357880,990,5412,990,5412,DATA
2026-01-08,-0.88,14283420,14283420,11200,1271,11200,1271,NSIA
2026-01-08,0.0,39544915,39544915,25500,1555,25500,1555,DATA
2026-01-08,-3.06,137144905,137144905,28500,4946,28500,4946,SGB CI
2026-01-08,0.0,6581455,6581455,1550,4267,1550,4267,Vivo energy
2026-01-08,-2.68,39448685,39448685,5810,6689,5810,6689,SIBC
2026-01-08,-1.08,7977960,7977960,1380,5718,1380,5718,Bernabe
2026-01-08,7.46,975165,975165,1080,904,1080,904,DATA
2026-01-08,0.0,13765665,13765665,2475,5562,2475,5562,DATA
2026-01-08,-3.06,137144905,137144905,28500,4946,28500,4946,DATA
2026-01-08,0.78,1494460,1494460,2570,586,2570,586,BOA_NIGER
2026-01-08,-1.07,12524525,12524525,4150,3198,4150,3198,DATA
2026-01-08,0.41,2933800,2933800,11000,267,11000,267,DATA
2026-01-08,0.93,5381950,5381950,2284,2408,3230,1703,DATA
2026-01-08,-1.08,7977960,7977960,1380,5718,1380,5718,DATA
2026-01-08,-0.47,833755,833755,1055,790,1055,790,Sucrivoire
2026-01-08,-1.01,3500125,3500125,1475,2365,1475,2365,DATA
2026-01-08,0.0,408775,408775,3555,115,3555,115,Sicor_ci
2026-01-08,4.55,1519485,1519485,23,67681,23,67681,ETIT
2026-01-08,-0.2,501030,501030,4960,101,4960,101,DATA
2026-01-08,0.0,5752515,5752515,7190,801,7190,801,BOA_CI
2026-01-08,0.0,20101680,20101680,16200,1223,16200,1223,DATA
2026-01-08,-0.4,13045645,13045645,3775,3662,3775,3662,Tractafric
2026-01-09,-2.71,6220680,6220680,2155,2864,2155,2864,Filtisac
2026-01-09,0.0,66770570,66770570,25500,2619,25500,2619,Sonatel
2026-01-09,0.45,10070440,10070440,11250,902,11250,902,NSIA
2026-01-09,0.0,9585145,9585145,7190,1334,7190,1334,BOA_CI
2026-01-09,-2.71,6220680,6220680,2155,2864,2155,2864,DATA
2026-01-09,7.07,15151640,15151640,1060,14294,1060,14294,DATA
2026-01-09,6.48,5025535,5025535,1150,4412,1150,4412,DATA
2026-01-09,1.36,2702635,2702635,2605,1051,2605,1051,DATA
2026-01-09,2.5,25228215,25228215,4100,6133,4100,6133,DATA
2026-01-09,-0.47,3055315,3055315,1050,2906,1050,2906,DATA
2026-01-09,0.9,11655130,11655130,19675,596,19675,596,Sitab_ci
2026-01-09,0.61,2999810,2999810,2298,1304,3250,922,DATA
2026-01-09,0.58,5700765,5700765,2620,2178,2620,2178,DATA
2026-01-09,0.9,11655130,11655130,19675,596,19675,596,DATA
2026-01-09,-0.48,338660,338660,4130,82,4130,82,LNBB
2026-01-09,-3.19,14789900,14789900,9100,1608,9100,1608,DATA
2026-01-09,0.61,2999810,2999810,2298,1304,3250,922,SAFCA
2026-01-09,-0.32,3993530,3993530,1545,2586,1545,2586,Vivo energy
2026-01-09,0.0,529330,529330,1380,389,1380,389,Bernabe
2026-01-09,0.0,9585145,9585145,7190,1334,7190,1334,DATA
2026-01-09,0.0,529330,529330,1380,389,1380,389,DATA
2026-01-09,-4.35,5601171,5601171,22,251493,22,251493,ETIT
2026-01-09,6.48,5025535,5025535,1150,4412,1150,4412,NEI-CEDA
2026-01-09,0.58,5700765,5700765,2620,2178,2620,2178,ORAGROUP_TOGO
2026-01-09,-0.09,1394615,1394615,5795,242,5795,242,DATA
2026-01-09,0.0,1130720,1130720,2530,459,2530,459,Total senegal
2026-01-09,-0.79,286465,286465,3745,76,3745,76,DATA
2026-01-09,-2.5,59347655,59347655,3900,15339,3900,15339,BOA_MALI
2026-01-09,-2.5,59347655,59347655,3900,15339,3900,15339,DATA
2026-01-09,-0.06,9065490,9065490,7785,1177,7785,1177,DATA
2026-01-09,-2.42,3089365,3089365,2415,1270,2415,1270,Onatel bf
2026-01-09,-6.67,2015000,2015000,35000,57,35000,57,Unilever
2026-01-09,-0.48,338660,338660,4130,82,4130,82,DATA
2026-01-09,0.74,4659480,4659480,2740,1714,2740,1714,Servair
2026-01-09,-3.19,14789900,14789900,9100,1608,9100,1608,SMBC
2026-01-09,-0.46,14176775,14176775,7590,1973,7590,1973,Saph
2026-01-09,1.73,3620625,3620625,2350,1531,2350,1531,DATA
2026-01-09,0.09,1828645,1828645,11010,166,11010,166,CORIS_BANK
2026-01-09,-0.46,14176775,14176775,7590,1973,7590,1973,DATA
2026-01-09,4.08,586270,586270,3700,159,3700,159,Sicor_ci
2026-01-09,0.17,19008030,19008030,5950,3194,5950,3194,DATA
2026-01-09,2.5,25228215,25228215,4100,6133,4100,6133,BOA_BF
2026-01-09,-4.33,2123705,2123705,27600,76,27600,76,Solibra
2026-01-09,1.82,5227500,5227500,16495,320,16495,320,ECOBANK_CI
2026-01-09,0.73,4915400,4915400,10980,454,10980,454,DATA
2026-01-09,3.82,4491220,4491220,2445,1811,2445,1811,Sicable
2026-01-09,-7.05,13461615,13461615,1120,11789,1120,11789,DATA
2026-01-09,3.82,4491220,4491220,2445,1811,2445,1811,DATA
2026-01-09,0.75,5624515,5624515,1345,4235,1345,4235,Cfao
2026-01-09,0.17,19008030,19008030,5950,3194,5950,3194,BOA_BENIN
2026-01-09,-0.32,3993530,3993530,1545,2586,1545,2586,DATA
2026-01-09,0.73,4915400,4915400,10980,454,10980,454,Nestle
2026-01-09,-3.51,536943205,536943205,27500,19508,27500,19508,SGB CI
2026-01-09,0.25,63856450,63856450,14135,4530,14135,4530,DATA
2026-01-09,0.25,11167075,11167075,7960,1404,7960,1404,DATA
2026-01-09,-0.17,45437255,45437255,5800,7746,5800,7746,DATA
2026-01-09,1.82,5227500,5227500,16495,320,16495,320,DATA
2026-01-09,0.25,11167075,11167075,7960,1404,7960,1404,Palm ci
2026-01-09,-4.33,2123705,2123705,27600,76,27600,76,DATA
2026-01-09,-0.47,3055315,3055315,1050,2906,1050,2906,Sucrivoire
2026-01-09,1.36,2702635,2702635,2605,1051,2605,1051,BOA_NIGER
2026-01-09,-2.42,3089365,3089365,2415,1270,2415,1270,DATA
2026-01-09,-0.2,871995,871995,4950,177,4950,177,BICB
2026-01-09,-3.51,536943205,536943205,27500,19508,27500,19508,DATA
2026-01-09,-0.41,5347995,5347995,2400,2217,2400,2217,DATA
2026-01-09,0.09,1828645,1828645,11010,166,11010,166,DATA
2026-01-09,-0.1,2186995,2186995,19250,115,19250,115,BICC
2026-01-09,-0.79,286465,286465,3745,76,3745,76,Tractafric
2026-01-09,1.02,2659390,2659390,1490,1792,1490,1792,DATA
2026-01-09,-0.06,9065490,9065490,7785,1177,7785,1177,SOGB
2026-01-09,-7.05,13461615,13461615,1120,11789,1120,11789,Setao
2026-01-09,-0.09,1394615,1394615,5795,242,5795,242,SODE CI
2026-01-09,7.07,15151640,15151640,1060,14294,1060,14294,SEMC
2026-01-09,0.74,4659480,4659480,2740,1714,2740,1714,DATA
2026-01-09,-0.17,45437255,45437255,5800,7746,5800,7746,SIBC
2026-01-09,-0.41,5347995,5347995,2400,2217,2400,2217,CIE CI
2026-01-09,0.0,66770570,66770570,25500,2619,25500,2619,DATA
2026-01-09,0.0,1130720,1130720,2530,459,2530,459,DATA
2026-01-09,0.0,23160280,23160280,5240,4441,5240,4441,DATA
2026-01-09,-4.35,5601171,5601171,22,251493,22,251493,DATA
2026-01-09,1.02,2659390,2659390,1490,1792,1490,1792,AGL
2026-01-09,1.73,3620625,3620625,2350,1531,2350,1531,Total ci
2026-01-09,0.25,63856450,63856450,14135,4530,14135,4530,Orange ci
2026-01-09,4.08,586270,586270,3700,159,3700,159,DATA
2026-01-09,-0.1,2186995,2186995,19250,115,19250,115,DATA
2026-01-09,-6.67,2015000,2015000,35000,57,35000,57,DATA
2026-01-09,0.0,1840725,1840725,1395,1319,1395,1319,Uniwax
2026-01-09,3.75,2966800,2966800,1660,1782,1660,1782,DATA
2026-01-09,0.0,23160280,23160280,5240,4441,5240,4441,BOA_SN
2026-01-09,3.75,2966800,2966800,1660,1782,1660,1782,Erium ci
2026-01-09,0.75,5624515,5624515,1345,4235,1345,4235,DATA
2026-01-09,0.45,10070440,10070440,11250,902,11250,902,DATA
2026-01-09,-0.2,871995,871995,4950,177,4950,177,DATA
2026-01-09,0.0,1840725,1840725,1395,1319,1395,1319,DATA
2026-01-12,-0.67,8541625,8541625,1480,5784,1480,5784,DATA
2026-01-12,-3.56,4272380,4272380,7320,579,7320,579,Saph
2026-01-12,0.72,1226570,1226570,1390,892,1390,892,DATA
2026-01-12,0.5,5518030,5518030,5980,924,5980,924,DATA
2026-01-12,-0.75,2625975,2625975,19105,137,19105,137,DATA
2026-01-12,0.0,65318430,65318430,25500,2574,25500,2574,DATA
2026-01-12,-1.9,3346500,3346500,1030,3229,1030,3229,DATA
2026-01-12,-1.9,3346500,3346500,1030,3229,1030,3229,Sucrivoire
2026-01-12,1.28,3310285,3310285,2380,1389,2380,1389,DATA
2026-01-12,1.28,3310285,3310285,2380,1389,2380,1389,Total ci
2026-01-12,4.35,4961950,4961950,1200,4080,1200,4080,NEI-CEDA
2026-01-12,1.22,11914360,11914360,4150,2906,4150,2906,DATA
2026-01-12,0.0,22460825,22460825,2620,8610,2620,8610,ORAGROUP_TOGO
2026-01-12,-0.96,8473030,8473030,7710,1106,7710,1106,DATA
2026-01-12,0.1,33505675,33505675,19695,1701,19695,1701,Sitab_ci
2026-01-12,6.7,1149460,1149460,29450,39,29450,39,DATA
2026-01-12,7.08,7042675,7042675,1135,6205,1135,6205,SEMC
2026-01-12,1.78,7060090,7060090,11450,617,11450,617,DATA
2026-01-12,-0.96,52716470,52716470,14000,3757,14000,3757,DATA
2026-01-12,4.35,4961950,4961950,1200,4080,1200,4080,DATA
2026-01-12,0.0,10002500,10002500,1395,7157,1395,7157,Uniwax
2026-01-12,0.0,2011350,2011350,2530,795,2530,795,DATA
2026-01-12,0.5,5518030,5518030,5980,924,5980,924,BOA_BENIN
2026-01-12,-1.2,1577640,1577640,3700,439,3700,439,DATA
2026-01-12,-0.2,5853620,5853620,4940,1189,4940,1189,DATA
2026-01-12,0.0,65318430,65318430,25500,2574,25500,2574,Sonatel
2026-01-12,-0.63,4479065,4479065,7910,565,7910,565,DATA
2026-01-12,-1.0,2173410,2173410,10900,198,10900,198,DATA
2026-01-12,-1.2,1577640,1577640,3700,439,3700,439,Tractafric
2026-01-12,-3.56,4272380,4272380,7320,579,7320,579,DATA
2026-01-12,-0.75,2625975,2625975,19105,137,19105,137,BICC
2026-01-12,4.87,17455470,17455470,4090,4335,4090,4335,BOA_MALI
2026-01-12,6.13,31074095,31074095,29185,1122,29185,1122,DATA
2026-01-12,0.57,18175485,18175485,5270,3454,5270,3454,BOA_SN
2026-01-12,1.45,2194700,2194700,2450,897,2450,897,DATA
2026-01-12,-0.2,5853620,5853620,4940,1189,4940,1189,BICB
2026-01-12,3.75,31067615,31067615,2490,12674,2490,12674,DATA
2026-01-12,-0.63,4479065,4479065,7910,565,7910,565,Palm ci
2026-01-12,0.78,7017800,7017800,5845,1202,5845,1202,DATA
2026-01-12,-2.55,5052145,5052145,10700,470,10700,470,Nestle
2026-01-12,-0.96,8473030,8473030,7710,1106,7710,1106,SOGB
2026-01-12,1.78,7060090,7060090,11450,617,11450,617,NSIA
2026-01-12,0.58,2013300,2013300,2620,765,2620,765,BOA_NIGER
2026-01-12,-1.16,5974665,5974665,2130,2779,2130,2779,DATA
2026-01-12,0.78,7017800,7017800,5845,1202,5845,1202,SIBC
2026-01-12,1.22,11914360,11914360,4150,2906,4150,2906,BOA_BF
2026-01-12,7.08,7042675,7042675,1135,6205,1135,6205,DATA
2026-01-12,0.0,3020808,3020808,22,134028,22,134028,DATA
2026-01-12,-3.92,348680,348680,3555,98,3555,98,Sicor_ci
2026-01-12,-0.96,52716470,52716470,14000,3757,14000,3757,Orange ci
2026-01-12,0.03,5443450,5443450,16500,330,16500,330,DATA
2026-01-12,-1.28,1299250,1299250,2705,476,2705,476,DATA
2026-01-12,-0.6,3306640,3306640,1650,1996,1650,1996,Erium ci
2026-01-12,-1.16,5974665,5974665,2130,2779,2130,2779,Filtisac
2026-01-12,0.0,1807850,1807850,5795,312,5795,312,SODE CI
2026-01-12,7.14,920400,920400,1200,767,1200,767,DATA
2026-01-12,6.13,31074095,31074095,29185,1122,29185,1122,SGB CI
2026-01-12,0.03,5443450,5443450,16500,330,16500,330,ECOBANK_CI
2026-01-12,-0.6,3306640,3306640,1650,1996,1650,1996,DATA
2026-01-12,-1.29,2909325,2909325,1525,1889,1525,1889,DATA
2026-01-12,3.3,8397560,8397560,9400,905,9400,905,SMBC
2026-01-12,0.58,2013300,2013300,2620,765,2620,765,DATA
2026-01-12,0.72,1226570,1226570,1390,892,1390,892,Bernabe
2026-01-12,-0.85,1839495,1839495,4095,457,4095,457,DATA
2026-01-12,-0.85,1839495,1839495,4095,457,4095,457,LNBB
2026-01-12,0.1,33505675,33505675,19695,1701,19695,1701,DATA
2026-01-12,3.3,8397560,8397560,9400,905,9400,905,DATA
2026-01-12,-1.28,1299250,1299250,2705,476,2705,476,Servair
2026-01-12,1.45,2194700,2194700,2450,897,2450,897,Onatel bf
2026-01-12,4.87,17455470,17455470,4090,4335,4090,4335,DATA
2026-01-12,0.0,2011350,2011350,2530,795,2530,795,Total senegal
2026-01-12,3.09,9067040,9067040,2369,3863,3350,2732,DATA
2026-01-12,-0.07,7532250,7532250,7185,1048,7185,1048,BOA_CI
2026-01-12,-0.07,7532250,7532250,7185,1048,7185,1048,DATA
2026-01-12,-1.0,2173410,2173410,10900,198,10900,198,CORIS_BANK
2026-01-12,0.0,1807850,1807850,5795,312,5795,312,DATA
2026-01-12,3.09,9067040,9067040,2369,3863,3350,2732,SAFCA
2026-01-12,0.0,22460825,22460825,2620,8610,2620,8610,DATA
2026-01-12,6.7,1149460,1149460,29450,39,29450,39,Solibra
2026-01-12,7.36,1764745,1764745,2625,695,2625,695,Sicable
2026-01-12,-1.29,2909325,2909325,1525,1889,1525,1889,Vivo energy
2026-01-12,0.0,1595620,1595620,1345,1193,1345,1193,Cfao
2026-01-12,7.36,1764745,1764745,2625,695,2625,695,DATA
2026-01-12,-2.55,5052145,5052145,10700,470,10700,470,DATA
2026-01-12,7.14,920400,920400,1200,767,1200,767,Setao
2026-01-12,0.0,1595620,1595620,1345,1193,1345,1193,DATA
2026-01-12,0.0,10002500,10002500,1395,7157,1395,7157,DATA
2026-01-12,3.75,31067615,31067615,2490,12674,2490,12674,CIE CI
2026-01-12,7.5,258135,258135,37625,7,37625,7,Unilever
2026-01-12,-0.67,8541625,8541625,1480,5784,1480,5784,AGL
2026-01-12,0.57,18175485,18175485,5270,3454,5270,3454,DATA
2026-01-12,7.5,258135,258135,37625,7,37625,7,DATA
2026-01-12,0.0,3020808,3020808,22,134028,22,134028,ETIT
2026-01-12,-3.92,348680,348680,3555,98,3555,98,DATA
2026-01-13,4.55,3992051,3992051,23,180741,23,180741,ETIT
2026-01-13,0.18,22839525,22839525,14025,1636,14025,1636,Orange ci
2026-01-13,-0.73,22276300,22276300,4060,5382,4060,5382,BOA_MALI
2026-01-13,7.5,1172460,1172460,40445,29,40445,29,Unilever
2026-01-13,1.17,4066895,4066895,2155,1888,2155,1888,Filtisac
2026-01-13,0.0,14763855,14763855,7185,2063,7185,2063,BOA_CI
2026-01-13,-0.36,208060,208060,1385,153,1385,153,DATA
2026-01-13,-1.05,2958295,2958295,2355,1248,2355,1248,DATA
2026-01-13,2.03,14777280,14777280,1510,9801,1510,9801,DATA
2026-01-13,-1.05,2958295,2958295,2355,1248,2355,1248,Total ci
2026-01-13,-2.7,8001790,8001790,2305,3395,3260,2401,SAFCA
2026-01-13,0.92,8412400,8412400,11000,765,11000,765,CORIS_BANK
2026-01-13,2.77,3125975,3125975,2600,1249,2600,1249,Total senegal
2026-01-13,0.0,1934260,1934260,4095,497,4095,497,LNBB
2026-01-13,0.0,3909290,3909290,3700,1066,3700,1066,DATA
2026-01-13,0.4,17319535,17319535,2500,6935,2500,6935,CIE CI
2026-01-13,7.5,1172460,1172460,40445,29,40445,29,DATA
2026-01-13,-0.76,9698075,9698075,2600,3726,2600,3726,DATA
2026-01-13,2.15,2930320,2930320,1425,2083,1425,2083,DATA
2026-01-13,-0.37,1039540,1039540,1340,773,1340,773,Cfao
2026-01-13,-0.04,22935685,22935685,11445,2022,11445,2022,DATA
2026-01-13,-0.33,4119630,4119630,1520,2706,1520,2706,DATA
2026-01-13,-0.76,6535795,6535795,7850,845,7850,845,Palm ci
2026-01-13,-1.43,1279435,1279435,2415,526,2415,526,DATA
2026-01-13,2.47,39213075,39213075,5400,7437,5400,7437,BOA_SN
2026-01-13,2.77,3125975,3125975,2600,1249,2600,1249,DATA
2026-01-13,0.0,3909290,3909290,3700,1066,3700,1066,Tractafric
2026-01-13,-0.76,3228265,3228265,2600,1236,2600,1236,BOA_NIGER
2026-01-13,0.0,11632680,11632680,16500,729,16500,729,ECOBANK_CI
2026-01-13,1.21,1105655,1105655,1670,660,1670,660,Erium ci
2026-01-13,4.08,237280,237280,3700,64,3700,64,Sicor_ci
2026-01-13,3.49,16154540,16154540,4295,3801,4295,3801,BOA_BF
2026-01-13,6.19,16625460,16625460,6350,2674,6350,2674,BOA_BENIN
2026-01-13,-4.17,26008535,26008535,1150,21045,1150,21045,DATA
2026-01-13,-4.17,26008535,26008535,1150,21045,1150,21045,NEI-CEDA
2026-01-13,0.09,1995100,1995100,5800,344,5800,344,SODE CI
2026-01-13,-0.76,6535795,6535795,7850,845,7850,845,DATA
2026-01-13,-0.14,82119605,82119605,29145,2966,29145,2966,DATA
2026-01-13,0.0,11632680,11632680,16500,729,16500,729,DATA
2026-01-13,0.09,1995100,1995100,5800,344,5800,344,DATA
2026-01-13,-0.37,37446465,37446465,25405,1470,25405,1470,Sonatel
2026-01-13,-0.14,82119605,82119605,29145,2966,29145,2966,SGB CI
2026-01-13,5.42,15661420,15661420,1265,13413,1265,13413,DATA
2026-01-13,0.37,2608025,2608025,19175,136,19175,136,BICC
2026-01-13,-0.84,6685760,6685760,7645,874,7645,874,DATA
2026-01-13,2.03,14777280,14777280,1510,9801,1510,9801,AGL
2026-01-13,1.55,32295205,32295205,20000,1632,20000,1632,Sitab_ci
2026-01-13,3.49,16154540,16154540,4295,3801,4295,3801,DATA
2026-01-13,1.21,1105655,1105655,1670,660,1670,660,DATA
2026-01-13,0.0,2292910,2292910,2705,847,2705,847,DATA
2026-01-13,2.15,2930320,2930320,1425,2083,1425,2083,Uniwax
2026-01-13,0.0,14763855,14763855,7185,2063,7185,2063,DATA
2026-01-13,0.92,8412400,8412400,11000,765,11000,765,DATA
2026-01-13,-0.84,6685760,6685760,7645,874,7645,874,SOGB
2026-01-13,-0.73,22276300,22276300,4060,5382,4060,5382,DATA
2026-01-13,0.2,2847670,2847670,4950,578,4950,578,DATA
2026-01-13,4.08,237280,237280,3700,64,3700,64,DATA
2026-01-13,2.47,39213075,39213075,5400,7437,5400,7437,DATA
2026-01-13,5.42,15661420,15661420,1265,13413,1265,13413,Setao
2026-01-13,-0.19,1563945,1563945,2620,600,2620,600,DATA
2026-01-13,1.87,9690190,9690190,10900,906,10900,906,DATA
2026-01-13,1.87,9690190,9690190,10900,906,10900,906,Nestle
2026-01-13,-3.08,144366775,144366775,1100,122930,1100,122930,SEMC
2026-01-13,-1.99,20793655,20793655,28865,742,28865,742,Solibra
2026-01-13,-0.51,12458980,12458980,5815,2129,5815,2129,DATA
2026-01-13,1.55,32295205,32295205,20000,1632,20000,1632,DATA
2026-01-13,0.4,17319535,17319535,2500,6935,2500,6935,DATA
2026-01-13,1.06,8355730,8355730,9500,883,9500,883,DATA
2026-01-13,0.0,2292910,2292910,2705,847,2705,847,Servair
2026-01-13,0.2,2847670,2847670,4950,578,4950,578,BICB
2026-01-13,-1.43,1279435,1279435,2415,526,2415,526,Onatel bf
2026-01-13,-0.76,3228265,3228265,2600,1236,2600,1236,DATA
2026-01-13,4.55,3992051,3992051,23,180741,23,180741,DATA
2026-01-13,-0.37,1039540,1039540,1340,773,1340,773,DATA
2026-01-13,0.37,2608025,2608025,19175,136,19175,136,DATA
2026-01-13,0.07,9173905,9173905,7325,1254,7325,1254,Saph
2026-01-13,0.18,22839525,22839525,14025,1636,14025,1636,DATA
2026-01-13,-0.37,37446465,37446465,25405,1470,25405,1470,DATA
2026-01-13,0.0,1934260,1934260,4095,497,4095,497,DATA
2026-01-13,0.07,9173905,9173905,7325,1254,7325,1254,DATA
2026-01-13,-0.33,4119630,4119630,1520,2706,1520,2706,Vivo energy
2026-01-13,-0.76,9698075,9698075,2600,3726,2600,3726,ORAGROUP_TOGO
2026-01-13,-0.19,1563945,1563945,2620,600,2620,600,Sicable
2026-01-13,2.91,4181680,4181680,1060,3963,1060,3963,DATA
2026-01-13,2.91,4181680,4181680,1060,3963,1060,3963,Sucrivoire
2026-01-13,-0.36,208060,208060,1385,153,1385,153,Bernabe
2026-01-13,1.17,4066895,4066895,2155,1888,2155,1888,DATA
2026-01-13,1.06,8355730,8355730,9500,883,9500,883,SMBC
2026-01-13,-3.08,144366775,144366775,1100,122930,1100,122930,DATA
2026-01-13,-2.7,8001790,8001790,2305,3395,3260,2401,DATA
2026-01-13,-1.99,20793655,20793655,28865,742,28865,742,DATA
2026-01-13,-0.04,22935685,22935685,11445,2022,11445,2022,NSIA
2026-01-13,-0.51,12458980,12458980,5815,2129,5815,2129,SIBC
2026-01-13,6.19,16625460,16625460,6350,2674,6350,2674,DATA
2026-01-14,3.73,4701985,4701985,1390,3501,1390,3501,Cfao
2026-01-14,0.47,2289000,2289000,9545,240,9545,240,SMBC
2026-01-14,-2.44,1044865,1044865,3995,263,3995,263,DATA
2026-01-14,0.64,19273365,19273365,7900,2447,7900,2447,Palm ci
2026-01-14,-4.35,2236190,2236190,22,99777,22,99777,ETIT
2026-01-14,2.0,9582245,9582245,2550,3756,2550,3756,DATA
2026-01-14,0.6,7840115,7840115,5850,1341,5850,1341,DATA
2026-01-14,0.0,4647365,4647365,1510,3092,1510,3092,AGL
2026-01-14,5.5,742255220,742255220,11500,64592,11500,64592,DATA
2026-01-14,-1.92,11660100,11660100,2550,4537,2550,4537,DATA
2026-01-14,2.67,3804200,3804200,2690,1419,2690,1419,DATA
2026-01-14,1.64,5659240,5659240,1545,3705,1545,3705,Vivo energy
2026-01-14,2.17,9042800,9042800,1175,7485,1175,7485,DATA
2026-01-14,-0.07,7715445,7715445,7180,1077,7180,1077,BOA_CI
2026-01-14,5.5,742255220,742255220,11500,64592,11500,64592,Nestle
2026-01-14,-0.3,13583420,13583420,2298,5791,3250,4095,DATA
2026-01-14,-2.53,249700,249700,1350,182,1350,182,Bernabe
2026-01-14,1.64,5659240,5659240,1545,3705,1545,3705,DATA
2026-01-14,0.0,5298915,5298915,2415,2191,2415,2191,DATA
2026-01-14,-3.49,10776985,10776985,4145,2573,4145,2573,BOA_BF
2026-01-14,-0.37,15877905,15877905,5380,2957,5380,2957,BOA_SN
2026-01-14,0.0,2234950,2234950,40445,55,40445,55,Unilever
2026-01-14,-4.35,2236190,2236190,22,99777,22,99777,DATA
2026-01-14,-1.66,11285865,11285865,2660,4213,2660,4213,DATA
2026-01-14,3.11,49535,49535,3815,13,3815,13,Sicor_ci
2026-01-14,0.0,8367025,8367025,11445,733,11445,733,NSIA
2026-01-14,0.9,10858355,10858355,1685,6478,1685,6478,DATA
2026-01-14,0.0,9604110,9604110,5800,1657,5800,1657,SODE CI
2026-01-14,0.9,10858355,10858355,1685,6478,1685,6478,Erium ci
2026-01-14,3.18,31205365,31205365,1135,27273,1135,27273,DATA
2026-01-14,-0.23,3734350,3734350,2150,1737,2150,1737,DATA
2026-01-14,-0.23,3734350,3734350,2150,1737,2150,1737,Filtisac
2026-01-14,-4.35,6676995,6676995,1210,5470,1210,5470,DATA
2026-01-14,-2.21,16854345,16854345,28500,586,28500,586,SGB CI
2026-01-14,-0.06,28872940,28872940,16490,1750,16490,1750,ECOBANK_CI
2026-01-14,2.67,3804200,3804200,2690,1419,2690,1419,Sicable
2026-01-14,-1.92,4319850,4319850,2550,1674,2550,1674,BOA_NIGER
2026-01-14,-0.06,28872940,28872940,16490,1750,16490,1750,DATA
2026-01-14,-2.21,16854345,16854345,28500,586,28500,586,DATA
2026-01-14,-1.02,35954680,35954680,7250,4908,7250,4908,DATA
2026-01-14,0.99,21300490,21300490,4100,5175,4100,5175,BOA_MALI
2026-01-14,0.91,2288830,2288830,11100,207,11100,207,DATA
2026-01-14,0.81,5198700,5198700,3730,1403,3730,1403,Tractafric
2026-01-14,0.6,7840115,7840115,5850,1341,5850,1341,SIBC
2026-01-14,-0.59,23338385,23338385,7600,3053,7600,3053,SOGB
2026-01-14,0.53,169942175,169942175,14100,12148,14100,12148,Orange ci
2026-01-14,0.64,19273365,19273365,7900,2447,7900,2447,DATA
2026-01-14,-0.81,11276260,11276260,4910,2299,4910,2299,BICB
2026-01-14,-0.81,11276260,11276260,4910,2299,4910,2299,DATA
2026-01-14,-4.35,6676995,6676995,1210,5470,1210,5470,Setao
2026-01-14,2.11,6429220,6429220,1455,4486,1455,4486,DATA
2026-01-14,0.0,5298915,5298915,2415,2191,2415,2191,Onatel bf
2026-01-14,-0.07,7715445,7715445,7180,1077,7180,1077,DATA
2026-01-14,0.0,9604110,9604110,5800,1657,5800,1657,DATA
2026-01-14,-0.3,13583420,13583420,2298,5791,3250,4095,SAFCA
2026-01-14,0.37,77148080,77148080,25500,3047,25500,3047,Sonatel
2026-01-14,-0.59,23338385,23338385,7600,3053,7600,3053,DATA
2026-01-14,0.1,9727390,9727390,19195,507,19195,507,BICC
2026-01-14,3.73,4701985,4701985,1390,3501,1390,3501,DATA
2026-01-14,2.17,9042800,9042800,1175,7485,1175,7485,NEI-CEDA
2026-01-14,0.81,5198700,5198700,3730,1403,3730,1403,DATA
2026-01-14,-3.49,10776985,10776985,4145,2573,4145,2573,DATA
2026-01-14,-1.0,21425760,21425760,19800,1074,19800,1074,Sitab_ci
2026-01-14,2.11,6429220,6429220,1455,4486,1455,4486,Uniwax
2026-01-14,3.18,31205365,31205365,1135,27273,1135,27273,SEMC
2026-01-14,0.91,2288830,2288830,11100,207,11100,207,CORIS_BANK
2026-01-14,1.49,6154545,6154545,29295,210,29295,210,DATA
2026-01-14,-1.73,998100,998100,2555,390,2555,390,DATA
2026-01-14,0.0,4647365,4647365,1510,3092,1510,3092,DATA
2026-01-14,0.0,17100145,17100145,6350,2695,6350,2695,DATA
2026-01-14,-0.94,3673845,3673845,1050,3418,1050,3418,Sucrivoire
2026-01-14,0.1,9727390,9727390,19195,507,19195,507,DATA
2026-01-14,0.37,77148080,77148080,25500,3047,25500,3047,DATA
2026-01-14,0.64,3120175,3120175,2370,1310,2370,1310,Total ci
2026-01-14,-0.94,3673845,3673845,1050,3418,1050,3418,DATA
2026-01-14,0.53,169942175,169942175,14100,12148,14100,12148,DATA
2026-01-14,0.64,3120175,3120175,2370,1310,2370,1310,DATA
2026-01-14,-2.53,249700,249700,1350,182,1350,182,DATA
2026-01-14,-1.92,11660100,11660100,2550,4537,2550,4537,ORAGROUP_TOGO
2026-01-14,-1.02,35954680,35954680,7250,4908,7250,4908,Saph
2026-01-14,0.0,8367025,8367025,11445,733,11445,733,DATA
2026-01-14,0.0,17100145,17100145,6350,2695,6350,2695,BOA_BENIN
2026-01-14,-1.73,998100,998100,2555,390,2555,390,Total senegal
2026-01-14,0.99,21300490,21300490,4100,5175,4100,5175,DATA
2026-01-14,2.0,9582245,9582245,2550,3756,2550,3756,CIE CI
2026-01-14,-2.44,1044865,1044865,3995,263,3995,263,LNBB
2026-01-14,0.47,2289000,2289000,9545,240,9545,240,DATA
2026-01-14,-0.37,15877905,15877905,5380,2957,5380,2957,DATA
2026-01-14,3.11,49535,49535,3815,13,3815,13,DATA
2026-01-14,0.0,2234950,2234950,40445,55,40445,55,DATA
2026-01-14,-1.66,11285865,11285865,2660,4213,2660,4213,Servair
2026-01-14,-1.0,21425760,21425760,19800,1074,19800,1074,DATA
2026-01-14,1.49,6154545,6154545,29295,210,29295,210,Solibra
2026-01-14,-1.92,4319850,4319850,2550,1674,2550,1674,DATA
2026-01-15,2.38,1195640,1195640,1075,1117,1075,1117,Sucrivoire
2026-01-15,1.05,5219795,5219795,2395,2227,2395,2227,Total ci
2026-01-15,0.0,2336355,2336355,1545,1552,1545,1552,DATA
2026-01-15,4.68,7500925,7500925,1455,5203,1455,5203,Cfao
2026-01-15,7.49,7174750,7174750,1220,5884,1220,5884,DATA
2026-01-15,0.0,23684740,23684740,7250,3340,7250,3340,DATA
2026-01-15,0.0,17987640,17987640,4100,4381,4100,4381,BOA_MALI
2026-01-15,7.49,976745,976745,43475,24,43475,24,DATA
2026-01-15,0.0,250741320,250741320,25500,9957,25500,9957,DATA
2026-01-15,2.48,11546895,11546895,14450,811,14450,811,Orange ci
2026-01-15,0.08,20656890,20656890,6355,3252,6355,3252,DATA
2026-01-15,-3.35,11220330,11220330,2600,4320,2600,4320,DATA
2026-01-15,1.57,8057635,8057635,2590,3123,2590,3123,CIE CI
2026-01-15,0.0,4180410,4180410,2150,1943,2150,1943,DATA
2026-01-15,0.0,12480690,12480690,19195,652,19195,652,DATA
2026-01-15,0.0,250741320,250741320,25500,9957,25500,9957,Sonatel
2026-01-15,5.96,15882515,15882515,1600,10242,1600,10242,DATA
2026-01-15,0.2,809690,809690,4920,164,4920,164,DATA
2026-01-15,0.07,13339215,13339215,7185,1861,7185,1861,BOA_CI
2026-01-15,1.05,5219795,5219795,2395,2227,2395,2227,DATA
2026-01-15,-4.26,44629195,44629195,1125,38005,1125,38005,DATA
2026-01-15,1.39,1467290,1467290,2330,635,3295,449,DATA
2026-01-15,0.0,5154430,5154430,1455,3567,1455,3567,DATA
2026-01-15,-2.53,26934295,26934295,11155,2376,11155,2376,DATA
2026-01-15,0.0,23684740,23684740,7250,3340,7250,3340,Saph
2026-01-15,4.55,10163786,10163786,23,447179,23,447179,ETIT
2026-01-15,4.68,7500925,7500925,1455,5203,1455,5203,DATA
2026-01-15,-0.13,99610,99610,3810,27,3810,27,DATA
2026-01-15,0.0,1922515,1922515,1350,1431,1350,1431,DATA
2026-01-15,1.96,7576550,7576550,2600,2912,2600,2912,DATA
2026-01-15,2.48,11546895,11546895,14450,811,14450,811,DATA
2026-01-15,0.13,3350600,3350600,4000,838,4000,838,DATA
2026-01-15,-2.57,9861460,9861460,9300,1044,9300,1044,SMBC
2026-01-15,-3.35,11220330,11220330,2600,4320,2600,4320,Sicable
2026-01-15,2.38,1195640,1195640,1075,1117,1075,1117,DATA
2026-01-15,3.31,4269335,4269335,1250,3403,1250,3403,Setao
2026-01-15,7.49,976745,976745,43475,24,43475,24,Unilever
2026-01-15,1.71,22424375,22424375,5950,3814,5950,3814,SIBC
2026-01-15,0.37,18537385,18537385,5400,3465,5400,3465,DATA
2026-01-15,1.39,1467290,1467290,2330,635,3295,449,SAFCA
2026-01-15,-6.87,8709670,8709670,10710,793,10710,793,DATA
2026-01-15,0.06,12609065,12609065,16500,765,16500,765,DATA
2026-01-15,-1.28,25285780,25285780,28135,892,28135,892,DATA
2026-01-15,0.0,12459495,12459495,5800,2154,5800,2154,DATA
2026-01-15,0.06,12609065,12609065,16500,765,16500,765,ECOBANK_CI
2026-01-15,0.07,13339215,13339215,7185,1861,7185,1861,DATA
2026-01-15,1.5,4736815,4736815,2700,1771,2700,1771,Servair
2026-01-15,-0.06,17176410,17176410,7895,2167,7895,2167,DATA
2026-01-15,4.1,10394200,10394200,11555,907,11555,907,DATA
2026-01-15,1.18,20118085,20118085,7690,2642,7690,2642,SOGB
2026-01-15,4.1,10394200,10394200,11555,907,11555,907,CORIS_BANK
2026-01-15,-0.4,6547845,6547845,3715,1856,3715,1856,Tractafric
2026-01-15,-0.06,17176410,17176410,7895,2167,7895,2167,Palm ci
2026-01-15,0.37,18537385,18537385,5400,3465,5400,3465,BOA_SN
2026-01-15,1.76,1690950,1690950,2600,656,2600,656,Total senegal
2026-01-15,5.96,15882515,15882515,1600,10242,1600,10242,AGL
2026-01-15,-1.28,25285780,25285780,28135,892,28135,892,SGB CI
2026-01-15,1.76,1690950,1690950,2600,656,2600,656,DATA
2026-01-15,0.0,2444780,2444780,2550,957,2550,957,BOA_NIGER
2026-01-15,1.18,20118085,20118085,7690,2642,7690,2642,DATA
2026-01-15,0.0,17987640,17987640,4100,4381,4100,4381,DATA
2026-01-15,-5.72,4956160,4956160,27620,171,27620,171,Solibra
2026-01-15,7.49,7174750,7174750,1220,5884,1220,5884,SEMC
2026-01-15,4.55,10163786,10163786,23,447179,23,447179,DATA
2026-01-15,1.5,4736815,4736815,2700,1771,2700,1771,DATA
2026-01-15,0.0,44766435,44766435,19800,2264,19800,2264,Sitab_ci
2026-01-15,0.0,2444780,2444780,2550,957,2550,957,DATA
2026-01-15,3.5,3828750,3828750,4290,909,4290,909,DATA
2026-01-15,0.41,4168430,4168430,2425,1683,2425,1683,DATA
2026-01-15,0.59,7387940,7387940,1695,4357,1695,4357,DATA
2026-01-15,0.0,12459495,12459495,5800,2154,5800,2154,SODE CI
2026-01-15,-0.4,6547845,6547845,3715,1856,3715,1856,DATA
2026-01-15,0.0,44766435,44766435,19800,2264,19800,2264,DATA
2026-01-15,0.59,7387940,7387940,1695,4357,1695,4357,Erium ci
2026-01-15,1.71,22424375,22424375,5950,3814,5950,3814,DATA
2026-01-15,1.57,8057635,8057635,2590,3123,2590,3123,DATA
2026-01-15,-0.13,99610,99610,3810,27,3810,27,Sicor_ci
2026-01-15,-2.57,9861460,9861460,9300,1044,9300,1044,DATA
2026-01-15,3.31,4269335,4269335,1250,3403,1250,3403,DATA
2026-01-15,-5.72,4956160,4956160,27620,171,27620,171,DATA
2026-01-15,0.41,4168430,4168430,2425,1683,2425,1683,Onatel bf
2026-01-15,0.13,3350600,3350600,4000,838,4000,838,LNBB
2026-01-15,0.0,2336355,2336355,1545,1552,1545,1552,Vivo energy
2026-01-15,-2.53,26934295,26934295,11155,2376,11155,2376,NSIA
2026-01-15,-6.87,8709670,8709670,10710,793,10710,793,Nestle
2026-01-15,-4.26,44629195,44629195,1125,38005,1125,38005,NEI-CEDA
2026-01-15,0.0,1922515,1922515,1350,1431,1350,1431,Bernabe
2026-01-15,0.0,5154430,5154430,1455,3567,1455,3567,Uniwax
2026-01-15,0.08,20656890,20656890,6355,3252,6355,3252,BOA_BENIN
2026-01-15,1.96,7576550,7576550,2600,2912,2600,2912,ORAGROUP_TOGO
2026-01-15,0.0,4180410,4180410,2150,1943,2150,1943,Filtisac
2026-01-15,0.2,809690,809690,4920,164,4920,164,BICB
2026-01-15,3.5,3828750,3828750,4290,909,4290,909,BOA_BF
2026-01-15,0.0,12480690,12480690,19195,652,19195,652,BICC
2026-01-16,5.25,9864865,9864865,3910,2582,3910,2582,Tractafric
2026-01-16,1.08,3244835,3244835,9400,341,9400,341,SMBC
2026-01-16,-0.08,14043935,14043935,6350,2276,6350,2276,DATA
2026-01-16,0.41,3144310,3144310,4940,638,4940,638,DATA
2026-01-16,3.31,29375350,29375350,7490,4042,7490,4042,DATA
2026-01-16,2.0,2190490,2190490,1275,1729,1275,1729,DATA
2026-01-16,0.0,9486970,9486970,16500,575,16500,575,DATA
2026-01-16,0.0,6364395,6364395,23,276865,23,276865,ETIT
2026-01-16,3.31,29375350,29375350,7490,4042,7490,4042,Saph
2026-01-16,0.0,72100895,72100895,19800,3638,19800,3638,DATA
2026-01-16,0.0,713120,713120,1350,513,1350,513,DATA
2026-01-16,6.08,2987100,2987100,29300,103,29300,103,Solibra
2026-01-16,6.83,1535080,1535080,46445,35,46445,35,Unilever
2026-01-16,0.93,15740505,15740505,5450,2891,5450,2891,DATA
2026-01-16,-0.08,14043935,14043935,6350,2276,6350,2276,BOA_BENIN
2026-01-16,-1.92,2181445,2181445,2550,835,2550,835,DATA
2026-01-16,-2.81,19063690,19063690,1555,11815,1555,11815,DATA
2026-01-16,0.0,16092150,16092150,14450,1115,14450,1115,DATA
2026-01-16,-0.44,6960610,6960610,7860,879,7860,879,Palm ci
2026-01-16,2.0,4214910,4214910,4080,1051,4080,1051,DATA
2026-01-16,0.0,21248225,21248225,7185,2967,7185,2967,BOA_CI
2026-01-16,0.94,10210085,10210085,28400,360,28400,360,DATA
2026-01-16,-1.88,2160980,2160980,2350,908,2350,908,Total ci
2026-01-16,0.0,713120,713120,1350,513,1350,513,Bernabe
2026-01-16,0.0,6636465,6636465,1545,4321,1545,4321,Vivo energy
2026-01-16,1.92,8630525,8630525,2650,3316,2650,3316,ORAGROUP_TOGO
2026-01-16,3.33,2110760,2110760,2635,821,2635,821,DATA
2026-01-16,0.94,10210085,10210085,28400,360,28400,360,SGB CI
2026-01-16,0.0,9486970,9486970,16500,575,16500,575,ECOBANK_CI
2026-01-16,-0.7,38995440,38995440,2135,18245,2135,18245,DATA
2026-01-16,1.08,3244835,3244835,9400,341,9400,341,DATA
2026-01-16,-0.7,38995440,38995440,2135,18245,2135,18245,Filtisac
2026-01-16,0.07,5188765,5188765,7695,675,7695,675,DATA
2026-01-16,0.52,5501205,5501205,19295,287,19295,287,BICC
2026-01-16,1.22,15422380,15422380,4150,3735,4150,3735,BOA_MALI
2026-01-16,0.89,11186300,11186300,1135,9622,1135,9622,NEI-CEDA
2026-01-16,-0.12,3277820,3277820,4285,767,4285,767,BOA_BF
2026-01-16,-0.12,3277820,3277820,4285,767,4285,767,DATA
2026-01-16,0.29,16396295,16396295,1700,9648,1700,9648,Erium ci
2026-01-16,0.0,5981880,5981880,2700,2223,2700,2223,DATA
2026-01-16,0.0,10582355,10582355,5800,1825,5800,1825,DATA
2026-01-16,0.0,3080830,3080830,1455,2119,1455,2119,Uniwax
2026-01-16,6.08,2987100,2987100,29300,103,29300,103,DATA
2026-01-16,7.38,9043990,9043990,1310,6904,1310,6904,SEMC
2026-01-16,0.0,21248225,21248225,7185,2967,7185,2967,DATA
2026-01-16,0.0,262188955,262188955,25500,10446,25500,10446,Sonatel
2026-01-16,0.0,6364395,6364395,23,276865,23,276865,DATA
2026-01-16,-0.26,1070555,1070555,3800,281,3800,281,Sicor_ci
2026-01-16,0.0,5981880,5981880,2700,2223,2700,2223,Servair
2026-01-16,3.33,2110760,2110760,2635,821,2635,821,BOA_NIGER
2026-01-16,1.22,15422380,15422380,4150,3735,4150,3735,DATA
2026-01-16,0.0,262188955,262188955,25500,10446,25500,10446,DATA
2026-01-16,0.52,5501205,5501205,19295,287,19295,287,DATA
2026-01-16,0.47,1892330,1892330,1080,1729,1080,1729,Sucrivoire
2026-01-16,0.47,1892330,1892330,1080,1729,1080,1729,DATA
2026-01-16,0.29,16396295,16396295,1700,9648,1700,9648,DATA
2026-01-16,7.38,9043990,9043990,1310,6904,1310,6904,DATA
2026-01-16,2.24,12533845,12533845,11405,1095,11405,1095,NSIA
2026-01-16,0.0,16092150,16092150,14450,1115,14450,1115,Orange ci
2026-01-16,0.67,13822775,13822775,5990,2322,5990,2322,SIBC
2026-01-16,1.92,8630525,8630525,2650,3316,2650,3316,DATA
2026-01-16,2.24,12533845,12533845,11405,1095,11405,1095,DATA
2026-01-16,0.0,10582355,10582355,5800,1825,5800,1825,SODE CI
2026-01-16,-3.89,9451345,9451345,11105,812,11105,812,DATA
2026-01-16,-1.88,2160980,2160980,2350,908,2350,908,DATA
2026-01-16,0.0,72100895,72100895,19800,3638,19800,3638,Sitab_ci
2026-01-16,0.0,6636465,6636465,1545,4321,1545,4321,DATA
2026-01-16,-1.92,2181445,2181445,2550,835,2550,835,Total senegal
2026-01-16,0.67,13822775,13822775,5990,2322,5990,2322,DATA
2026-01-16,0.07,5188765,5188765,7695,675,7695,675,SOGB
2026-01-16,6.83,1535080,1535080,46445,35,46445,35,DATA
2026-01-16,-3.89,9451345,9451345,11105,812,11105,812,CORIS_BANK
2026-01-16,3.64,2852830,2852830,11100,263,11100,263,DATA
2026-01-16,0.0,25159320,25159320,2590,9684,2590,9684,CIE CI
2026-01-16,0.93,15740505,15740505,5450,2891,5450,2891,BOA_SN
2026-01-16,0.0,2071535,2071535,2600,806,2600,806,Sicable
2026-01-16,2.89,2576810,2576810,2495,1049,2495,1049,Onatel bf
2026-01-16,-0.44,6960610,6960610,7860,879,7860,879,DATA
2026-01-16,2.0,2190490,2190490,1275,1729,1275,1729,Setao
2026-01-16,0.89,11186300,11186300,1135,9622,1135,9622,DATA
2026-01-16,2.0,4214910,4214910,4080,1051,4080,1051,LNBB
2026-01-16,2.89,2576810,2576810,2495,1049,2495,1049,DATA
2026-01-16,0.0,25159320,25159320,2590,9684,2590,9684,DATA
2026-01-16,0.41,3144310,3144310,4940,638,4940,638,BICB
2026-01-16,-2.81,19063690,19063690,1555,11815,1555,11815,AGL
2026-01-16,5.25,9864865,9864865,3910,2582,3910,2582,DATA
2026-01-16,0.0,5656970,5656970,2330,2425,3295,1715,SAFCA
2026-01-16,3.64,2852830,2852830,11100,263,11100,263,Nestle
2026-01-16,-0.26,1070555,1070555,3800,281,3800,281,DATA
2026-01-16,0.0,2071535,2071535,2600,806,2600,806,DATA
2026-01-16,-0.34,1413260,1413260,1450,976,1450,976,DATA
2026-01-16,-0.34,1413260,1413260,1450,976,1450,976,Cfao
2026-01-16,0.0,5656970,5656970,2330,2425,3295,1715,DATA
2026-01-16,0.0,3080830,3080830,1455,2119,1455,2119,DATA
2026-01-19,0.0,3029685,3029685,1545,1961,1545,1961,DATA
2026-01-19,0.0,17462660,17462660,4150,4254,4150,4254,DATA
2026-01-19,6.49,40025375,40025375,1395,29688,1395,29688,DATA
2026-01-19,0.09,2528740,2528740,5805,436,5805,436,SODE CI
2026-01-19,0.08,28749315,28749315,5995,4796,5995,4796,DATA
2026-01-19,0.0,2462695,2462695,1080,2280,1080,2280,Sucrivoire
2026-01-19,0.0,6488405,6488405,2700,2411,2700,2411,Servair
2026-01-19,0.0,14866165,14866165,1700,8753,1700,8753,DATA
2026-01-19,2.61,9652100,9652100,11390,866,11390,866,Nestle
2026-01-19,2.61,9652100,9652100,11390,866,11390,866,DATA
2026-01-19,0.19,9302395,9302395,2605,3452,2605,3452,DATA
2026-01-19,0.38,2647150,2647150,2645,1001,2645,1001,BOA_NIGER
2026-01-19,-0.49,13382440,13382440,19200,697,19200,697,DATA
2026-01-19,0.0,50381790,50381790,25500,1977,25500,1977,DATA
2026-01-19,3.03,38049535,38049535,9685,3935,9685,3935,DATA
2026-01-19,5.04,21242610,21242610,11980,1854,11980,1854,NSIA
2026-01-19,2.11,19303420,19303420,2180,9030,2180,9030,DATA
2026-01-19,0.6,8834370,8834370,2510,3472,2510,3472,Onatel bf
2026-01-19,7.11,11712475,11712475,11895,987,11895,987,DATA
2026-01-19,1.35,8439875,8439875,2625,3239,2625,3239,CIE CI
2026-01-19,2.11,19303420,19303420,2180,9030,2180,9030,Filtisac
2026-01-19,2.53,28871320,28871320,7890,3638,7890,3638,DATA
2026-01-19,1.35,8439875,8439875,2625,3239,2625,3239,DATA
2026-01-19,-0.69,2514010,2514010,1440,1756,1440,1756,Cfao
2026-01-19,0.0,17462660,17462660,4150,4254,4150,4254,BOA_MALI
2026-01-19,2.06,5037280,5037280,1485,3448,1485,3448,DATA
2026-01-19,-0.44,28646235,28646235,1130,23924,1130,23924,NEI-CEDA
2026-01-19,-0.12,12969530,12969530,4280,3069,4280,3069,BOA_BF
2026-01-19,-0.12,12969530,12969530,4280,3069,4280,3069,DATA
2026-01-19,1.78,28294525,28294525,8000,3539,8000,3539,DATA
2026-01-19,0.0,14866165,14866165,1700,8753,1700,8753,Erium ci
2026-01-19,0.0,6488405,6488405,2700,2411,2700,2411,DATA
2026-01-19,0.09,2528740,2528740,5805,436,5805,436,DATA
2026-01-19,0.14,12210135,12210135,14470,854,14470,854,Orange ci
2026-01-19,0.6,8834370,8834370,2510,3472,2510,3472,DATA
2026-01-19,0.0,9532680,9532680,29300,342,29300,342,DATA
2026-01-19,0.19,9302395,9302395,2605,3452,2605,3452,Sicable
2026-01-19,6.49,40025375,40025375,1395,29688,1395,29688,SEMC
2026-01-19,-0.07,21690670,21690670,7180,3023,7180,3023,DATA
2026-01-19,-4.35,9184128,9184128,22,409888,22,409888,DATA
2026-01-19,2.53,28871320,28871320,7890,3638,7890,3638,SOGB
2026-01-19,0.0,254110,254110,3800,67,3800,67,Sicor_ci
2026-01-19,0.0,6813090,6813090,16500,413,16500,413,ECOBANK_CI
2026-01-19,0.0,50381790,50381790,25500,1977,25500,1977,Sonatel
2026-01-19,0.31,86394155,86394155,6370,14165,6370,14165,DATA
2026-01-19,5.04,21242610,21242610,11980,1854,11980,1854,DATA
2026-01-19,-2.08,8803210,8803210,2595,3382,2595,3382,DATA
2026-01-19,0.08,28749315,28749315,5995,4796,5995,4796,SIBC
2026-01-19,2.06,5037280,5037280,1485,3448,1485,3448,Uniwax
2026-01-19,-0.1,92845,92845,46400,2,46400,2,DATA
2026-01-19,0.0,2462695,2462695,1080,2280,1080,2280,DATA
2026-01-19,-0.49,13382440,13382440,19200,697,19200,697,BICC
2026-01-19,0.0,6813090,6813090,16500,413,16500,413,DATA
2026-01-19,-0.13,1558670,1558670,3905,401,3905,401,Tractafric
2026-01-19,7.11,11712475,11712475,11895,987,11895,987,CORIS_BANK
2026-01-19,3.03,38049535,38049535,9685,3935,9685,3935,SMBC
2026-01-19,1.2,2882210,2882210,2358,1230,3335,870,DATA
2026-01-19,-0.07,21690670,21690670,7180,3023,7180,3023,BOA_CI
2026-01-19,1.49,13023885,13023885,2385,5462,2385,5462,DATA
2026-01-19,1.78,28294525,28294525,8000,3539,8000,3539,Palm ci
2026-01-19,7.41,2480140,2480140,1450,1752,1450,1752,DATA
2026-01-19,3.35,9341315,9341315,29350,324,29350,324,SGB CI
2026-01-19,3.12,10189375,10189375,5620,1846,5620,1846,BOA_SN
2026-01-19,3.35,9341315,9341315,29350,324,29350,324,DATA
2026-01-19,-0.25,5617100,5617100,4070,1380,4070,1380,DATA
2026-01-19,-0.69,2514010,2514010,1440,1756,1440,1756,DATA
2026-01-19,1.49,13023885,13023885,2385,5462,2385,5462,Total ci
2026-01-19,-2.08,8803210,8803210,2595,3382,2595,3382,ORAGROUP_TOGO
2026-01-19,-0.1,92845,92845,46400,2,46400,2,Unilever
2026-01-19,0.0,3029685,3029685,1545,1961,1545,1961,Vivo energy
2026-01-19,0.38,2647150,2647150,2645,1001,2645,1001,DATA
2026-01-19,0.0,1809200,1809200,2550,705,2550,705,Total senegal
2026-01-19,0.0,9532680,9532680,29300,342,29300,342,Solibra
2026-01-19,-0.44,28646235,28646235,1130,23924,1130,23924,DATA
2026-01-19,0.0,2020065,2020065,1275,1593,1275,1593,Setao
2026-01-19,7.41,2480140,2480140,1450,1752,1450,1752,Bernabe
2026-01-19,0.14,12210135,12210135,14470,854,14470,854,DATA
2026-01-19,-4.35,9184128,9184128,22,409888,22,409888,ETIT
2026-01-19,1.2,2882210,2882210,2358,1230,3335,870,SAFCA
2026-01-19,0.31,86394155,86394155,6370,14165,6370,14165,BOA_BENIN
2026-01-19,-2.89,15094085,15094085,1510,9811,1510,9811,AGL
2026-01-19,3.27,30288365,30288365,7735,3883,7735,3883,Saph
2026-01-19,0.0,3973675,3973675,4940,808,4940,808,DATA
2026-01-19,0.0,1809200,1809200,2550,705,2550,705,DATA
2026-01-19,-0.13,1558670,1558670,3905,401,3905,401,DATA
2026-01-19,-0.25,5617100,5617100,4070,1380,4070,1380,LNBB
2026-01-19,0.0,2020065,2020065,1275,1593,1275,1593,DATA
2026-01-19,1.31,70975915,70975915,20060,3521,20060,3521,DATA
2026-01-19,3.27,30288365,30288365,7735,3883,7735,3883,DATA
2026-01-19,-2.89,15094085,15094085,1510,9811,1510,9811,DATA
2026-01-19,0.0,3973675,3973675,4940,808,4940,808,BICB
2026-01-19,0.0,254110,254110,3800,67,3800,67,DATA
2026-01-19,1.31,70975915,70975915,20060,3521,20060,3521,Sitab_ci
2026-01-19,3.12,10189375,10189375,5620,1846,5620,1846,DATA
2026-01-20,0.34,4839880,4839880,1490,3273,1490,3273,Uniwax
2026-01-20,-5.22,2379880,2379880,27770,83,27770,83,DATA
2026-01-20,-0.21,5884705,5884705,2380,2488,2380,2488,Total ci
2026-01-20,-2.78,3132415,3132415,1400,2199,1400,2199,Cfao
2026-01-20,7.24,5255635,5255635,1555,3457,1555,3457,Bernabe
2026-01-20,4.61,1843170,1843170,2725,702,2725,702,Sicable
2026-01-20,1.64,24722200,24722200,4350,5703,4350,5703,DATA
2026-01-20,0.34,4839880,4839880,1490,3273,1490,3273,DATA
2026-01-20,1.96,10611555,10611555,6495,1662,6495,1662,BOA_BENIN
2026-01-20,1.07,14786700,14786700,5680,2616,5680,2616,BOA_SN
2026-01-20,-0.78,1164990,1164990,2530,459,2530,459,DATA
2026-01-20,-0.29,4187960,4187960,1695,2467,1695,2467,Erium ci
2026-01-20,-0.72,18105940,18105940,2341,7751,3310,5481,DATA
2026-01-20,-1.75,23791195,23791195,7860,3000,7860,3000,DATA
2026-01-20,2.65,6851565,6851565,1550,4474,1550,4474,DATA
2026-01-20,1.64,24722200,24722200,4350,5703,4350,5703,BOA_BF
2026-01-20,-1.83,10553070,10553070,14205,734,14205,734,DATA
2026-01-20,-1.75,23791195,23791195,7860,3000,7860,3000,Palm ci
2026-01-20,2.65,11677325,11677325,1160,9805,1160,9805,NEI-CEDA
2026-01-20,0.0,8327845,8327845,16500,498,16500,498,ECOBANK_CI
2026-01-20,-0.72,18105940,18105940,2341,7751,3310,5481,SAFCA
2026-01-20,0.0,4923615,4923615,1545,3182,1545,3182,Vivo energy
2026-01-20,-0.26,9791800,9791800,19150,511,19150,511,DATA
2026-01-20,0.0,51255165,51255165,25500,2011,25500,2011,DATA
2026-01-20,-0.58,4000175,4000175,7690,528,7690,528,DATA
2026-01-20,-3.67,8529135,8529135,2100,3996,2100,3996,DATA
2026-01-20,-0.61,2823690,2823690,4910,572,4910,572,DATA
2026-01-20,2.65,11677325,11677325,1160,9805,1160,9805,DATA
2026-01-20,-0.19,2586910,2586910,2640,984,2640,984,BOA_NIGER
2026-01-20,1.85,13402530,13402530,1100,12279,1100,12279,DATA
2026-01-20,0.13,5348930,5348930,3910,1371,3910,1371,DATA
2026-01-20,-0.49,440130,440130,4050,109,4050,109,LNBB
2026-01-20,-0.58,4000175,4000175,7690,528,7690,528,Saph
2026-01-20,0.0,5998650,5998650,2595,2310,2595,2310,ORAGROUP_TOGO
2026-01-20,2.19,93633560,93633560,20500,4572,20500,4572,Sitab_ci
2026-01-20,4.38,2612660,2612660,2620,1003,2620,1003,Onatel bf
2026-01-20,1.85,13402530,13402530,1100,12279,1100,12279,Sucrivoire
2026-01-20,0.13,5348930,5348930,3910,1371,3910,1371,Tractafric
2026-01-20,-6.81,20965580,20965580,1300,15588,1300,15588,DATA
2026-01-20,-6.81,20965580,20965580,1300,15588,1300,15588,SEMC
2026-01-20,4.55,5698903,5698903,23,248961,23,248961,DATA
2026-01-20,-0.78,1164990,1164990,2530,459,2530,459,Total senegal
2026-01-20,-6.25,1576100,1576100,43500,34,43500,34,DATA
2026-01-20,1.33,6571545,6571545,2660,2477,2660,2477,CIE CI
2026-01-20,-0.58,7627855,7627855,11910,650,11910,650,DATA
2026-01-20,-0.08,18779485,18779485,5990,3132,5990,3132,SIBC
2026-01-20,-0.49,440130,440130,4050,109,4050,109,DATA
2026-01-20,7.24,5255635,5255635,1555,3457,1555,3457,DATA
2026-01-20,0.0,4923615,4923615,1545,3182,1545,3182,DATA
2026-01-20,-0.58,7627855,7627855,11910,650,11910,650,NSIA
2026-01-20,-0.51,9533595,9533595,7850,1229,7850,1229,DATA
2026-01-20,-0.21,5884705,5884705,2380,2488,2380,2488,DATA
2026-01-20,-2.5,2140205,2140205,11105,190,11105,190,DATA
2026-01-20,2.99,4314625,4314625,9975,440,9975,440,SMBC
2026-01-20,0.0,54990090,54990090,11895,4920,11895,4920,CORIS_BANK
2026-01-20,1.96,10611555,10611555,6495,1662,6495,1662,DATA
2026-01-20,-0.61,2823690,2823690,4910,572,4910,572,BICB
2026-01-20,0.0,8327845,8327845,16500,498,16500,498,DATA
2026-01-20,-5.22,2379880,2379880,27770,83,27770,83,Solibra
2026-01-20,-1.32,507585,507585,3750,136,3750,136,Sicor_ci
2026-01-20,0.0,1993740,1993740,2700,737,2700,737,DATA
2026-01-20,4.38,2612660,2612660,2620,1003,2620,1003,DATA
2026-01-20,0.0,54990090,54990090,11895,4920,11895,4920,DATA
2026-01-20,1.64,1062200,1062200,5900,179,5900,179,DATA
2026-01-20,-1.83,10553070,10553070,14205,734,14205,734,Orange ci
2026-01-20,4.55,5698903,5698903,23,248961,23,248961,ETIT
2026-01-20,-0.19,2586910,2586910,2640,984,2640,984,DATA
2026-01-20,1.33,6571545,6571545,2660,2477,2660,2477,DATA
2026-01-20,4.61,1843170,1843170,2725,702,2725,702,DATA
2026-01-20,0.0,5998650,5998650,2595,2310,2595,2310,DATA
2026-01-20,-0.29,4187960,4187960,1695,2467,1695,2467,DATA
2026-01-20,0.07,133215305,133215305,7185,18734,7185,18734,DATA
2026-01-20,0.14,4904810,4904810,29390,169,29390,169,DATA
2026-01-20,0.14,4904810,4904810,29390,169,29390,169,SGB CI
2026-01-20,-1.96,7724100,7724100,1250,6040,1250,6040,DATA
2026-01-20,0.07,133215305,133215305,7185,18734,7185,18734,BOA_CI
2026-01-20,-1.32,507585,507585,3750,136,3750,136,DATA
2026-01-20,2.19,93633560,93633560,20500,4572,20500,4572,DATA
2026-01-20,1.64,1062200,1062200,5900,179,5900,179,SODE CI
2026-01-20,-6.25,1576100,1576100,43500,34,43500,34,Unilever
2026-01-20,-0.08,18779485,18779485,5990,3132,5990,3132,DATA
2026-01-20,-0.26,9791800,9791800,19150,511,19150,511,BICC
2026-01-20,0.0,1993740,1993740,2700,737,2700,737,Servair
2026-01-20,-3.67,8529135,8529135,2100,3996,2100,3996,Filtisac
2026-01-20,2.99,4314625,4314625,9975,440,9975,440,DATA
2026-01-20,1.07,14786700,14786700,5680,2616,5680,2616,DATA
2026-01-20,-0.51,9533595,9533595,7850,1229,7850,1229,SOGB
2026-01-20,0.0,51255165,51255165,25500,2011,25500,2011,Sonatel
2026-01-20,2.65,6851565,6851565,1550,4474,1550,4474,AGL
2026-01-20,-0.72,24588500,24588500,4120,5939,4120,5939,DATA
2026-01-20,-0.72,24588500,24588500,4120,5939,4120,5939,BOA_MALI
2026-01-20,-2.78,3132415,3132415,1400,2199,1400,2199,DATA
2026-01-20,-1.96,7724100,7724100,1250,6040,1250,6040,Setao
2026-01-20,-2.5,2140205,2140205,11105,190,11105,190,Nestle
2026-01-21,0.55,7025235,7025235,11975,587,11975,587,NSIA
2026-01-21,-0.07,28307785,28307785,7180,3952,7180,3952,BOA_CI
2026-01-21,-2.04,35400210,35400210,7690,4540,7690,4540,SOGB
2026-01-21,0.79,5487725,5487725,2550,2195,2550,2195,DATA
2026-01-21,0.23,3696790,3696790,6510,565,6510,565,BOA_BENIN
2026-01-21,0.0,1345200,1345200,5900,228,5900,228,SODE CI
2026-01-21,-0.31,589445430,589445430,29300,20084,29300,20084,SGB CI
2026-01-21,0.19,2746205,2746205,2600,1057,2600,1057,DATA
2026-01-21,0.21,8336065,8336065,2385,3543,2385,3543,DATA
2026-01-21,-0.32,7871140,7871140,1545,5096,1545,5096,DATA
2026-01-21,7.49,1215500,1215500,46760,26,46760,26,DATA
2026-01-21,1.0,23481340,23481340,6050,3910,6050,3910,SIBC
2026-01-21,0.61,9629260,9629260,16600,582,16600,582,ECOBANK_CI
2026-01-21,0.86,15906735,15906735,11200,1439,11200,1439,Nestle
2026-01-21,1.0,23481340,23481340,6050,3910,6050,3910,DATA
2026-01-21,2.08,25581795,25581795,14500,1775,14500,1775,DATA
2026-01-21,-0.38,2117270,2117270,2630,802,2630,802,DATA
2026-01-21,7.4,10009345,10009345,1670,5995,1670,5995,DATA
2026-01-21,-0.38,2117270,2117270,2630,802,2630,802,BOA_NIGER
2026-01-21,1.62,5508680,5508680,1570,3515,1570,3515,DATA
2026-01-21,-0.74,373300,373300,4020,94,4020,94,DATA
2026-01-21,0.61,7864800,7864800,4145,1899,4145,1899,DATA
2026-01-21,0.21,8336065,8336065,2385,3543,2385,3543,Total ci
2026-01-21,0.0,6632875,6632875,2100,3150,2100,3150,DATA
2026-01-21,7.49,1215500,1215500,46760,26,46760,26,Unilever
2026-01-21,7.34,5162235,5162235,2925,1814,2925,1814,Sicable
2026-01-21,-0.19,25893380,25893380,2615,9920,2615,9920,DATA
2026-01-21,0.0,98198320,98198320,25500,3853,25500,3853,DATA
2026-01-21,1.91,11558440,11558440,28300,407,28300,407,Solibra
2026-01-21,0.19,2746205,2746205,2600,1057,2600,1057,ORAGROUP_TOGO
2026-01-21,7.4,10009345,10009345,1670,5995,1670,5995,Bernabe
2026-01-21,2.56,61601020,61601020,10230,6093,10230,6093,DATA
2026-01-21,0.26,8147525,8147525,19200,426,19200,426,DATA
2026-01-21,-0.31,589445430,589445430,29300,20084,29300,20084,DATA
2026-01-21,0.88,41461140,41461140,1710,24319,1710,24319,DATA
2026-01-21,1.72,36035105,36035105,7995,4558,7995,4558,Palm ci
2026-01-21,0.0,1527970,1527970,1100,1383,1100,1383,Sucrivoire
2026-01-21,1.72,36035105,36035105,7995,4558,7995,4558,DATA
2026-01-21,1.5,16571080,16571080,2700,6068,2700,6068,CIE CI
2026-01-21,0.77,15657565,15657565,1310,11733,1310,11733,DATA
2026-01-21,0.86,15906735,15906735,11200,1439,11200,1439,DATA
2026-01-21,0.23,3696790,3696790,6510,565,6510,565,DATA
2026-01-21,0.0,1527970,1527970,1100,1383,1100,1383,DATA
2026-01-21,1.5,16571080,16571080,2700,6068,2700,6068,DATA
2026-01-21,0.55,7025235,7025235,11975,587,11975,587,DATA
2026-01-21,0.0,1345200,1345200,5900,228,5900,228,DATA
2026-01-21,-0.19,25893380,25893380,2615,9920,2615,9920,Onatel bf
2026-01-21,-2.81,6654830,6654830,3800,1745,3800,1745,Tractafric
2026-01-21,0.92,24389070,24389070,4390,5550,4390,5550,DATA
2026-01-21,1.29,9395990,9395990,1175,7896,1175,7896,DATA
2026-01-21,0.61,9629260,9629260,16600,582,16600,582,DATA
2026-01-21,0.0,6632875,6632875,2100,3150,2100,3150,Filtisac
2026-01-21,0.88,41461140,41461140,1710,24319,1710,24319,Erium ci
2026-01-21,0.0,8654120,8654120,1490,5898,1490,5898,Uniwax
2026-01-21,1.85,1654170,1654170,2750,604,2750,604,DATA
2026-01-21,0.2,10848065,10848065,4920,2211,4920,2211,BICB
2026-01-21,-1.43,3959290,3959290,1380,2817,1380,2817,Cfao
2026-01-21,-1.43,3959290,3959290,1380,2817,1380,2817,DATA
2026-01-21,1.29,9395990,9395990,1175,7896,1175,7896,NEI-CEDA
2026-01-21,-4.0,6878210,6878210,1200,5687,1200,5687,Setao
2026-01-21,0.92,24389070,24389070,4390,5550,4390,5550,BOA_BF
2026-01-21,2.08,25581795,25581795,14500,1775,14500,1775,Orange ci
2026-01-21,3.68,13126125,13126125,21255,621,21255,621,DATA
2026-01-21,-0.2,6232465,6232465,7675,826,7675,826,DATA
2026-01-21,0.61,7864800,7864800,4145,1899,4145,1899,BOA_MALI
2026-01-21,0.79,5487725,5487725,2550,2195,2550,2195,Total senegal
2026-01-21,0.26,8147525,8147525,19200,426,19200,426,BICC
2026-01-21,5.72,8392840,8392840,2475,3470,3500,2454,SAFCA
2026-01-21,7.34,5162235,5162235,2925,1814,2925,1814,DATA
2026-01-21,-0.53,49840795,49840795,5650,8828,5650,8828,DATA
2026-01-21,3.68,13126125,13126125,21255,621,21255,621,Sitab_ci
2026-01-21,-4.35,29238580,29238580,22,1315805,22,1315805,ETIT
2026-01-21,1.85,1654170,1654170,2750,604,2750,604,Servair
2026-01-21,1.62,5508680,5508680,1570,3515,1570,3515,Vivo energy
2026-01-21,0.0,98198320,98198320,25500,3853,25500,3853,Sonatel
2026-01-21,-2.81,6654830,6654830,3800,1745,3800,1745,DATA
2026-01-21,1.73,697800,697800,3815,183,3815,183,Sicor_ci
2026-01-21,-4.35,29238580,29238580,22,1315805,22,1315805,DATA
2026-01-21,0.0,10639375,10639375,11895,894,11895,894,DATA
2026-01-21,0.77,15657565,15657565,1310,11733,1310,11733,SEMC
2026-01-21,1.73,697800,697800,3815,183,3815,183,DATA
2026-01-21,-0.07,28307785,28307785,7180,3952,7180,3952,DATA
2026-01-21,0.0,8654120,8654120,1490,5898,1490,5898,DATA
2026-01-21,-0.2,6232465,6232465,7675,826,7675,826,Saph
2026-01-21,2.56,61601020,61601020,10230,6093,10230,6093,SMBC
2026-01-21,-0.53,49840795,49840795,5650,8828,5650,8828,BOA_SN
2026-01-21,5.72,8392840,8392840,2475,3470,3500,2454,DATA
2026-01-21,1.91,11558440,11558440,28300,407,28300,407,DATA
2026-01-21,-2.04,35400210,35400210,7690,4540,7690,4540,DATA
2026-01-21,-4.0,6878210,6878210,1200,5687,1200,5687,DATA
2026-01-21,0.0,10639375,10639375,11895,894,11895,894,CORIS_BANK
2026-01-21,0.2,10848065,10848065,4920,2211,4920,2211,DATA
2026-01-21,-0.74,373300,373300,4020,94,4020,94,LNBB
2026-01-21,-0.32,7871140,7871140,1545,5096,1545,5096,AGL
2026-01-22,0.74,13735435,13735435,2720,5074,2720,5074,CIE CI
2026-01-22,1.43,2819265,2819265,7800,364,7800,364,SOGB
2026-01-22,-0.57,7288770,7288770,16505,438,16505,438,DATA
2026-01-22,0.21,4842575,4842575,2390,2021,2390,2021,DATA
2026-01-22,-0.1,21126235,21126235,10220,2192,10220,2192,SMBC
2026-01-22,0.21,4842575,4842575,2390,2021,2390,2021,Total ci
2026-01-22,-2.63,6920110,6920110,3700,1867,3700,1867,Tractafric
2026-01-22,0.61,9066555,9066555,6550,1391,6550,1391,BOA_BENIN
2026-01-22,6.89,9747575,9747575,1785,5595,1785,5595,DATA
2026-01-22,0.0,9065010,9065010,5650,1606,5650,1606,BOA_SN
2026-01-22,5.58,6844550,6844550,2613,2644,3695,1870,DATA
2026-01-22,0.0,6755240,6755240,1200,5603,1200,5603,Setao
2026-01-22,0.85,2133190,2133190,2950,714,2950,714,DATA
2026-01-22,0.04,6354020,6354020,11900,535,11900,535,CORIS_BANK
2026-01-22,5.58,6844550,6844550,2613,2644,3695,1870,SAFCA
2026-01-22,-0.39,38000,38000,3800,10,3800,10,DATA
2026-01-22,0.0,3336575,3336575,1175,2836,1175,2836,DATA
2026-01-22,0.0,1795495,1795495,2550,714,2550,714,Total senegal
2026-01-22,0.72,1729455,1729455,1390,1221,1390,1221,DATA
2026-01-22,-0.69,24492680,24492680,14400,1728,14400,1728,Orange ci
2026-01-22,-0.67,139590,139590,46445,3,46445,3,DATA
2026-01-22,-0.5,2302450,2302450,4000,574,4000,574,LNBB
2026-01-22,1.13,36424140,36424140,21495,1701,21495,1701,Sitab_ci
2026-01-22,-1.15,1368540,1368540,2585,534,2585,534,Onatel bf
2026-01-22,0.04,6354020,6354020,11900,535,11900,535,DATA
2026-01-22,-2.63,6920110,6920110,3700,1867,3700,1867,DATA
2026-01-22,6.89,9747575,9747575,1785,5595,1785,5595,Bernabe
2026-01-22,4.46,6212435,6212435,1640,3929,1640,3929,DATA
2026-01-22,-0.5,2302450,2302450,4000,574,4000,574,DATA
2026-01-22,-0.67,139590,139590,46445,3,46445,3,Unilever
2026-01-22,0.0,15298185,15298185,28300,543,28300,543,Solibra
2026-01-22,-0.08,18643770,18643770,6045,3083,6045,3083,DATA
2026-01-22,0.34,14604740,14604740,29400,498,29400,498,DATA
2026-01-22,4.32,56498000,56498000,8340,6695,8340,6695,Palm ci
2026-01-22,-0.69,24492680,24492680,14400,1728,14400,1728,DATA
2026-01-22,0.0,110346980,110346980,7180,15254,7180,15254,BOA_CI
2026-01-22,0.0,1795495,1795495,2550,714,2550,714,DATA
2026-01-22,4.46,6212435,6212435,1640,3929,1640,3929,Vivo energy
2026-01-22,0.34,14604740,14604740,29400,498,29400,498,SGB CI
2026-01-22,-0.32,4675580,4675580,1540,3030,1540,3030,DATA
2026-01-22,-0.89,6000520,6000520,11100,537,11100,537,DATA
2026-01-22,0.0,9065010,9065010,5650,1606,5650,1606,DATA
2026-01-22,-1.14,3411200,3411200,2600,1312,2600,1312,DATA
2026-01-22,1.13,36424140,36424140,21495,1701,21495,1701,DATA
2026-01-22,0.2,1161725,1161725,4930,236,4930,236,DATA
2026-01-22,1.82,4017630,4017630,2800,1444,2800,1444,Servair
2026-01-22,1.82,4017630,4017630,2800,1444,2800,1444,DATA
2026-01-22,4.32,56498000,56498000,8340,6695,8340,6695,DATA
2026-01-22,0.0,17163685,17163685,1710,10071,1710,10071,Erium ci
2026-01-22,-1.14,3411200,3411200,2600,1312,2600,1312,BOA_NIGER
2026-01-22,2.51,14908095,14908095,4500,3388,4500,3388,DATA
2026-01-22,0.21,20126845,20126845,12000,1677,12000,1677,NSIA
2026-01-22,7.27,7003495,7003495,1180,6037,1180,6037,DATA
2026-01-22,1.78,2457335,2457335,6005,410,6005,410,DATA
2026-01-22,0.85,2133190,2133190,2950,714,2950,714,Sicable
2026-01-22,0.0,16517870,16517870,4145,3994,4145,3994,DATA
2026-01-22,0.0,7565280,7565280,2100,3662,2100,3662,DATA
2026-01-22,0.0,110346980,110346980,7180,15254,7180,15254,DATA
2026-01-22,0.0,12274635,12274635,2600,4716,2600,4716,DATA
2026-01-22,-1.15,1368540,1368540,2585,534,2585,534,DATA
2026-01-22,-0.02,94315870,94315870,25495,3700,25495,3700,DATA
2026-01-22,1.68,14039175,14039175,1515,9371,1515,9371,Uniwax
2026-01-22,0.74,13735435,13735435,2720,5074,2720,5074,DATA
2026-01-22,1.78,2457335,2457335,6005,410,6005,410,SODE CI
2026-01-22,4.55,170358770,170358770,23,7433179,23,7433179,DATA
2026-01-22,0.0,5551750,5551750,19200,289,19200,289,DATA
2026-01-22,0.0,14795775,14795775,1310,11299,1310,11299,DATA
2026-01-22,0.0,17163685,17163685,1710,10071,1710,10071,DATA
2026-01-22,0.2,1161725,1161725,4930,236,4930,236,BICB
2026-01-22,0.0,15298185,15298185,28300,543,28300,543,DATA
2026-01-22,0.0,12274635,12274635,2600,4716,2600,4716,ORAGROUP_TOGO
2026-01-22,7.27,7003495,7003495,1180,6037,1180,6037,Sucrivoire
2026-01-22,0.0,3336575,3336575,1175,2836,1175,2836,NEI-CEDA
2026-01-22,1.43,2819265,2819265,7800,364,7800,364,DATA
2026-01-22,-0.02,94315870,94315870,25495,3700,25495,3700,Sonatel
2026-01-22,-0.98,72712295,72712295,7600,9626,7600,9626,DATA
2026-01-22,-0.32,4675580,4675580,1540,3030,1540,3030,AGL
2026-01-22,0.0,7565280,7565280,2100,3662,2100,3662,Filtisac
2026-01-22,0.61,9066555,9066555,6550,1391,6550,1391,DATA
2026-01-22,-0.89,6000520,6000520,11100,537,11100,537,Nestle
2026-01-22,0.0,6755240,6755240,1200,5603,1200,5603,DATA
2026-01-22,0.21,20126845,20126845,12000,1677,12000,1677,DATA
2026-01-22,0.0,14795775,14795775,1310,11299,1310,11299,SEMC
2026-01-22,4.55,170358770,170358770,23,7433179,23,7433179,ETIT
2026-01-22,0.0,16517870,16517870,4145,3994,4145,3994,BOA_MALI
2026-01-22,-0.98,72712295,72712295,7600,9626,7600,9626,Saph
2026-01-22,-0.08,18643770,18643770,6045,3083,6045,3083,SIBC
2026-01-22,0.0,5551750,5551750,19200,289,19200,289,BICC
2026-01-22,1.68,14039175,14039175,1515,9371,1515,9371,DATA
2026-01-22,-0.57,7288770,7288770,16505,438,16505,438,ECOBANK_CI
2026-01-22,0.72,1729455,1729455,1390,1221,1390,1221,Cfao
2026-01-22,-0.39,38000,38000,3800,10,3800,10,Sicor_ci
2026-01-22,2.51,14908095,14908095,4500,3388,4500,3388,BOA_BF
2026-01-22,-0.1,21126235,21126235,10220,2192,10220,2192,DATA
2026-01-23,7.43,7786980,7786980,3975,1962,3975,1962,DATA
2026-01-23,0.0,4250005,4250005,4000,1088,4000,1088,LNBB
2026-01-23,-5.26,131000,131000,3600,35,3600,35,Sicor_ci
2026-01-23,0.42,5252300,5252300,11950,440,11950,440,DATA
2026-01-23,-5.26,131000,131000,3600,35,3600,35,DATA
2026-01-23,0.14,58099750,58099750,7190,8084,7190,8084,DATA
2026-01-23,7.19,13237520,13237520,1490,9058,1490,9058,Cfao
2026-01-23,0.0,8404555,8404555,1310,6180,1310,6180,SEMC
2026-01-23,-0.27,9231345,9231345,5635,1637,5635,1637,BOA_SN
2026-01-23,7.26,17180250,17180250,1625,10766,1625,10766,Uniwax
2026-01-23,-2.44,5795280,5795280,1600,3627,1600,3627,Vivo energy
2026-01-23,3.64,20613910,20613910,2708,7728,3830,5465,SAFCA
2026-01-23,1.53,3337815,3337815,2995,1121,2995,1121,DATA
2026-01-23,0.0,12807370,12807370,7800,1642,7800,1642,DATA
2026-01-23,0.02,58884365,58884365,21500,2739,21500,2739,Sitab_ci
2026-01-23,-2.86,8646460,8646460,2040,4215,2040,4215,Filtisac
2026-01-23,1.35,30310840,30310840,11250,2707,11250,2707,Nestle
2026-01-23,0.0,8502055,8502055,14400,591,14400,591,Orange ci
2026-01-23,0.12,745190,745190,46500,16,46500,16,DATA
2026-01-23,1.33,28905275,28905275,4200,6890,4200,6890,BOA_MALI
2026-01-23,0.0,7401150,7401150,19200,385,19200,385,BICC
2026-01-23,-0.19,1251405,1251405,2580,489,2580,489,Onatel bf
2026-01-23,2.11,9877930,9877930,4595,2177,4595,2177,BOA_BF
2026-01-23,-1.7,5182780,5182780,1155,4427,1155,4427,NEI-CEDA
2026-01-23,3.64,20613910,20613910,2708,7728,3830,5465,DATA
2026-01-23,1.79,4962725,4962725,2850,1736,2850,1736,DATA
2026-01-23,2.34,2542170,2542170,1750,1478,1750,1478,Erium ci
2026-01-23,-1.7,5182780,5182780,1155,4427,1155,4427,DATA
2026-01-23,2.11,9877930,9877930,4595,2177,4595,2177,DATA
2026-01-23,0.0,12807370,12807370,7800,1642,7800,1642,SOGB
2026-01-23,0.17,1134705,1134705,6015,188,6015,188,DATA
2026-01-23,7.19,13237520,13237520,1490,9058,1490,9058,DATA
2026-01-23,0.42,5252300,5252300,11950,440,11950,440,CORIS_BANK
2026-01-23,4.35,50160949,50160949,24,2092853,24,2092853,DATA
2026-01-23,-0.55,15871125,15871125,2705,5857,2705,5857,DATA
2026-01-23,-0.02,21225050,21225050,28295,750,28295,750,DATA
2026-01-23,0.0,5826760,5826760,1200,4857,1200,4857,Setao
2026-01-23,0.0,1042105,1042105,2550,409,2550,409,Total senegal
2026-01-23,-5.6,2018055,2018055,1685,1167,1685,1167,Bernabe
2026-01-23,-0.06,93372490,93372490,8335,11214,8335,11214,DATA
2026-01-23,7.26,17180250,17180250,1625,10766,1625,10766,DATA
2026-01-23,0.02,140789495,140789495,25500,5530,25500,5530,DATA
2026-01-23,1.33,28905275,28905275,4200,6890,4200,6890,DATA
2026-01-23,-2.86,8646460,8646460,2040,4215,2040,4215,DATA
2026-01-23,7.2,9582375,9582375,1265,7575,1265,7575,DATA
2026-01-23,0.0,4250005,4250005,4000,1088,4000,1088,DATA
2026-01-23,-0.19,3862455,3862455,2595,1493,2595,1493,BOA_NIGER
2026-01-23,-5.6,2018055,2018055,1685,1167,1685,1167,DATA
2026-01-23,0.0,8502055,8502055,14400,591,14400,591,DATA
2026-01-23,-0.19,1251405,1251405,2580,489,2580,489,DATA
2026-01-23,0.12,745190,745190,46500,16,46500,16,Unilever
2026-01-23,1.79,4962725,4962725,2850,1736,2850,1736,Servair
2026-01-23,3.85,13329805,13329805,2700,5117,2700,5117,ORAGROUP_TOGO
2026-01-23,0.42,4640155,4640155,2400,1935,2400,1935,Total ci
2026-01-23,-2.44,5795280,5795280,1600,3627,1600,3627,DATA
2026-01-23,-0.19,3862455,3862455,2595,1493,2595,1493,DATA
2026-01-23,-2.15,7089820,7089820,10000,702,10000,702,DATA
2026-01-23,0.0,25486680,25486680,16505,1542,16505,1542,ECOBANK_CI
2026-01-23,0.0,5826760,5826760,1200,4857,1200,4857,DATA
2026-01-23,4.35,50160949,50160949,24,2092853,24,2092853,ETIT
2026-01-23,-1.32,4016355,4016355,7500,530,7500,530,DATA
2026-01-23,-0.55,15871125,15871125,2705,5857,2705,5857,CIE CI
2026-01-23,-2.15,7089820,7089820,10000,702,10000,702,SMBC
2026-01-23,0.0,25486680,25486680,16505,1542,16505,1542,DATA
2026-01-23,7.43,7786980,7786980,3975,1962,3975,1962,Tractafric
2026-01-23,-0.3,4039890,4039890,4915,820,4915,820,DATA
2026-01-23,1.53,3337815,3337815,2995,1121,2995,1121,Sicable
2026-01-23,0.02,58884365,58884365,21500,2739,21500,2739,DATA
2026-01-23,0.08,7555785,7555785,6555,1149,6555,1149,DATA
2026-01-23,0.83,48539010,48539010,6095,8031,6095,8031,DATA
2026-01-23,-0.02,21225050,21225050,28295,750,28295,750,Solibra
2026-01-23,0.0,7401150,7401150,19200,385,19200,385,DATA
2026-01-23,0.83,48539010,48539010,6095,8031,6095,8031,SIBC
2026-01-23,-0.27,9231345,9231345,5635,1637,5635,1637,DATA
2026-01-23,0.02,140789495,140789495,25500,5530,25500,5530,Sonatel
2026-01-23,0.96,4090790,4090790,12115,337,12115,337,DATA
2026-01-23,0.65,14850845,14850845,1550,9658,1550,9658,DATA
2026-01-23,-1.32,4016355,4016355,7500,530,7500,530,Saph
2026-01-23,0.68,353619795,353619795,29600,11964,29600,11964,SGB CI
2026-01-23,0.17,1134705,1134705,6015,188,6015,188,SODE CI
2026-01-23,0.08,7555785,7555785,6555,1149,6555,1149,BOA_BENIN
2026-01-23,1.35,30310840,30310840,11250,2707,11250,2707,DATA
2026-01-23,0.14,58099750,58099750,7190,8084,7190,8084,BOA_CI
2026-01-23,0.96,4090790,4090790,12115,337,12115,337,NSIA
2026-01-23,0.65,14850845,14850845,1550,9658,1550,9658,AGL
2026-01-23,0.68,353619795,353619795,29600,11964,29600,11964,DATA
2026-01-23,2.34,2542170,2542170,1750,1478,1750,1478,DATA
2026-01-23,0.0,1042105,1042105,2550,409,2550,409,DATA
2026-01-23,-0.06,93372490,93372490,8335,11214,8335,11214,Palm ci
2026-01-23,3.85,13329805,13329805,2700,5117,2700,5117,DATA
2026-01-23,-0.3,4039890,4039890,4915,820,4915,820,BICB
2026-01-23,0.42,4640155,4640155,2400,1935,2400,1935,DATA
2026-01-23,7.2,9582375,9582375,1265,7575,1265,7575,Sucrivoire
2026-01-23,0.0,8404555,8404555,1310,6180,1310,6180,DATA
2026-01-26,-0.42,44322820,44322820,8300,5338,8300,5338,DATA
2026-01-26,-0.18,20537040,20537040,2700,7670,2700,7670,DATA
2026-01-26,1.53,15309800,15309800,4990,3072,4990,3072,BICB
2026-01-26,-3.12,71031305,71031305,5905,11802,5905,11802,DATA
2026-01-26,0.64,16262715,16262715,7850,2083,7850,2083,SOGB
2026-01-26,-0.18,20537040,20537040,2700,7670,2700,7670,CIE CI
2026-01-26,5.54,33996815,33996815,1715,20739,1715,20739,DATA
2026-01-26,1.67,8983715,8983715,3045,2997,3045,2997,Sicable
2026-01-26,1.67,8983715,8983715,3045,2997,3045,2997,DATA
2026-01-26,-2.5,8551270,8551270,3900,2187,3900,2187,LNBB
2026-01-26,0.64,16262715,16262715,7850,2083,7850,2083,DATA
2026-01-26,1.29,11318465,11318465,11395,1004,11395,1004,Nestle
2026-01-26,5.0,7344750,7344750,2835,2633,2835,2633,ORAGROUP_TOGO
2026-01-26,1.58,16220035,16220035,2895,5629,2895,5629,Servair
2026-01-26,-6.32,10444915,10444915,1185,8565,1185,8565,DATA
2026-01-26,3.68,5402315,5402315,2115,2571,2115,2571,DATA
2026-01-26,0.0,31543670,31543670,4200,7498,4200,7498,DATA
2026-01-26,2.86,28174420,28174420,1800,16099,1800,16099,DATA
2026-01-26,0.0,105365735,105365735,25500,4133,25500,4133,DATA
2026-01-26,-0.26,14862675,14862675,19150,775,19150,775,DATA
2026-01-26,0.0,14000870,14000870,1550,9010,1550,9010,AGL
2026-01-26,-6.32,10444915,10444915,1185,8565,1185,8565,Sucrivoire
2026-01-26,0.38,11734435,11734435,1315,8959,1315,8959,DATA
2026-01-26,-0.12,8890945,8890945,12100,737,12100,737,NSIA
2026-01-26,-1.45,13353005,13353005,9855,1337,9855,1337,DATA
2026-01-26,-0.08,5787830,5787830,6010,963,6010,963,SODE CI
2026-01-26,-3.12,71031305,71031305,5905,11802,5905,11802,SIBC
2026-01-26,-0.08,14021065,14021065,6550,2135,6550,2135,DATA
2026-01-26,0.38,11734435,11734435,1315,8959,1315,8959,SEMC
2026-01-26,5.54,33996815,33996815,1715,20739,1715,20739,Uniwax
2026-01-26,-0.21,38015395,38015395,7175,5298,7175,5298,DATA
2026-01-26,0.0,9646065,9646065,28295,342,28295,342,DATA
2026-01-26,-4.17,16070161,16070161,23,669539,23,669539,DATA
2026-01-26,-0.08,5787830,5787830,6010,963,6010,963,DATA
2026-01-26,2.07,11606645,11606645,4690,2522,4690,2522,DATA
2026-01-26,1.58,16220035,16220035,2895,5629,2895,5629,DATA
2026-01-26,0.0,4202185,4202185,1155,3650,1155,3650,NEI-CEDA
2026-01-26,-0.26,14862675,14862675,19150,775,19150,775,BICC
2026-01-26,0.0,105365735,105365735,25500,4133,25500,4133,Sonatel
2026-01-26,1.25,1195015,1195015,1215,986,1215,986,DATA
2026-01-26,1.53,15309800,15309800,4990,3072,4990,3072,DATA
2026-01-26,-0.94,8713935,8713935,1585,5505,1585,5505,Vivo energy
2026-01-26,-0.39,705460,705460,2540,277,2540,277,Total senegal
2026-01-26,0.0,4202185,4202185,1155,3650,1155,3650,DATA
2026-01-26,0.55,19887795,19887795,2723,7343,3850,5193,SAFCA
2026-01-26,-1.67,17345415,17345415,11750,1476,11750,1476,CORIS_BANK
2026-01-26,2.01,14273095,14273095,1520,9763,1520,9763,DATA
2026-01-26,0.55,19887795,19887795,2723,7343,3850,5193,DATA
2026-01-26,1.25,1195015,1195015,1215,986,1215,986,Setao
2026-01-26,0.0,172800,172800,3600,48,3600,48,DATA
2026-01-26,-1.67,17345415,17345415,11750,1476,11750,1476,DATA
2026-01-26,7.42,19718860,19718860,4270,4618,4270,4618,DATA
2026-01-26,-1.48,1259230,1259230,1660,767,1660,767,Bernabe
2026-01-26,0.0,17173830,17173830,5635,3047,5635,3047,DATA
2026-01-26,-1.62,212514185,212514185,29120,7321,29120,7321,SGB CI
2026-01-26,0.0,14000870,14000870,1550,9010,1550,9010,DATA
2026-01-26,-0.08,14021065,14021065,6550,2135,6550,2135,BOA_BENIN
2026-01-26,-0.39,705460,705460,2540,277,2540,277,DATA
2026-01-26,-1.62,212514185,212514185,29120,7321,29120,7321,DATA
2026-01-26,0.0,9646065,9646065,28295,342,28295,342,Solibra
2026-01-26,-2.5,8551270,8551270,3900,2187,3900,2187,DATA
2026-01-26,-1.48,1259230,1259230,1660,767,1660,767,DATA
2026-01-26,0.83,9421175,9421175,2420,3956,2420,3956,Total ci
2026-01-26,1.13,7031595,7031595,7585,938,7585,938,DATA
2026-01-26,1.16,7736270,7736270,2625,3020,2625,3020,DATA
2026-01-26,1.15,28175500,28175500,16695,1706,16695,1706,DATA
2026-01-26,0.83,9421175,9421175,2420,3956,2420,3956,DATA
2026-01-26,-1.45,13353005,13353005,9855,1337,9855,1337,SMBC
2026-01-26,1.6,50352655,50352655,21845,2314,21845,2314,DATA
2026-01-26,-7.48,9276820,9276820,43020,208,43020,208,DATA
2026-01-26,2.01,14273095,14273095,1520,9763,1520,9763,Cfao
2026-01-26,1.13,7031595,7031595,7585,938,7585,938,Saph
2026-01-26,1.6,50352655,50352655,21845,2314,21845,2314,Sitab_ci
2026-01-26,7.42,19718860,19718860,4270,4618,4270,4618,Tractafric
2026-01-26,-0.35,14976010,14976010,14350,1045,14350,1045,DATA
2026-01-26,2.86,28174420,28174420,1800,16099,1800,16099,Erium ci
2026-01-26,-0.21,38015395,38015395,7175,5298,7175,5298,BOA_CI
2026-01-26,-0.42,44322820,44322820,8300,5338,8300,5338,Palm ci
2026-01-26,2.07,11606645,11606645,4690,2522,4690,2522,BOA_BF
2026-01-26,0.0,31543670,31543670,4200,7498,4200,7498,BOA_MALI
2026-01-26,1.15,28175500,28175500,16695,1706,16695,1706,ECOBANK_CI
2026-01-26,0.0,5759775,5759775,2580,2227,2580,2227,Onatel bf
2026-01-26,-4.17,16070161,16070161,23,669539,23,669539,ETIT
2026-01-26,0.0,17173830,17173830,5635,3047,5635,3047,BOA_SN
2026-01-26,1.16,7736270,7736270,2625,3020,2625,3020,BOA_NIGER
2026-01-26,-0.35,14976010,14976010,14350,1045,14350,1045,Orange ci
2026-01-26,1.29,11318465,11318465,11395,1004,11395,1004,DATA
2026-01-26,-7.48,9276820,9276820,43020,208,43020,208,Unilever
2026-01-26,0.0,172800,172800,3600,48,3600,48,Sicor_ci
2026-01-26,3.68,5402315,5402315,2115,2571,2115,2571,Filtisac
2026-01-26,5.0,7344750,7344750,2835,2633,2835,2633,DATA
2026-01-26,-0.94,8713935,8713935,1585,5505,1585,5505,DATA
2026-01-26,-0.12,8890945,8890945,12100,737,12100,737,DATA
2026-01-26,0.0,5759775,5759775,2580,2227,2580,2227,DATA
2026-01-27,-0.71,6877900,6877900,2100,3305,2100,3305,DATA
2026-01-27,2.28,6179945,6179945,1345,4575,1345,4575,DATA
2026-01-27,0.0,14239435,14239435,1800,7930,1800,7930,DATA
2026-01-27,0.86,37212590,37212590,7650,4875,7650,4875,Saph
2026-01-27,0.0,36049605,36049605,7175,5025,7175,5025,BOA_CI
2026-01-27,-1.58,34613685,34613685,1560,22603,1560,22603,Vivo energy
2026-01-27,0.2,25753545,25753545,5000,5197,5000,5197,DATA
2026-01-27,0.58,992545,992545,2595,383,2595,383,DATA
2026-01-27,0.0,263058715,263058715,25500,10319,25500,10319,DATA
2026-01-27,-0.26,15837905,15837905,19100,828,19100,828,DATA
2026-01-27,-0.34,110505380,110505380,28200,3923,28200,3923,Solibra
2026-01-27,3.13,56590655,56590655,6090,9363,6090,9363,DATA
2026-01-27,1.99,19677095,19677095,29700,666,29700,666,DATA
2026-01-27,0.64,32251965,32251965,7900,4097,7900,4097,SOGB
2026-01-27,2.29,7714820,7714820,2900,2658,2900,2658,ORAGROUP_TOGO
2026-01-27,0.0,50130550,50130550,9855,5049,9855,5049,SMBC
2026-01-27,-1.2,28186260,28186260,8200,3434,8200,3434,DATA
2026-01-27,-0.95,2880940,2880940,2600,1117,2600,1117,BOA_NIGER
2026-01-27,0.25,120575030,120575030,21900,5506,21900,5506,Sitab_ci
2026-01-27,0.0,6514000,6514000,16695,392,16695,392,ECOBANK_CI
2026-01-27,-0.83,4258805,4258805,2400,1758,2400,1758,DATA
2026-01-27,0.43,20958605,20958605,11800,1786,11800,1786,DATA
2026-01-27,-0.62,16442090,16442090,5600,2925,5600,2925,DATA
2026-01-27,2.56,9853635,9853635,4000,2556,4000,2556,LNBB
2026-01-27,0.53,1127995,1127995,43250,26,43250,26,DATA
2026-01-27,-1.58,34613685,34613685,1560,22603,1560,22603,DATA
2026-01-27,0.39,2212690,2212690,2550,869,2550,869,Total senegal
2026-01-27,-1.85,9673235,9673235,2650,3623,2650,3623,CIE CI
2026-01-27,0.0,2110700,2110700,3045,700,3045,700,DATA
2026-01-27,1.73,4894115,4894115,1175,4248,1175,4248,DATA
2026-01-27,-1.32,11240495,11240495,2687,4143,3800,2930,SAFCA
2026-01-27,0.35,16316035,16316035,14400,1134,14400,1134,Orange ci
2026-01-27,-2.59,35894720,35894720,11100,3206,11100,3206,Nestle
2026-01-27,0.43,20958605,20958605,11800,1786,11800,1786,CORIS_BANK
2026-01-27,6.32,26830675,26830675,4540,5945,4540,5945,Tractafric
2026-01-27,-1.32,11240495,11240495,2687,4143,3800,2930,DATA
2026-01-27,-0.62,16442090,16442090,5600,2925,5600,2925,BOA_SN
2026-01-27,6.32,26830675,26830675,4540,5945,4540,5945,DATA
2026-01-27,0.33,10189430,10189430,1525,6434,1525,6434,DATA
2026-01-27,-7.23,3679135,3679135,1540,2381,1540,2381,Bernabe
2026-01-27,0.41,728625,728625,1220,593,1220,593,Setao
2026-01-27,2.58,34648810,34648810,1590,21576,1590,21576,DATA
2026-01-27,0.58,992545,992545,2595,383,2595,383,Onatel bf
2026-01-27,3.74,29679575,29679575,6795,4494,6795,4494,BOA_BENIN
2026-01-27,0.0,2110700,2110700,3045,700,3045,700,Sicable
2026-01-27,-1.2,28186260,28186260,8200,3434,8200,3434,Palm ci
2026-01-27,0.39,2212690,2212690,2550,869,2550,869,DATA
2026-01-27,2.56,9853635,9853635,4000,2556,4000,2556,DATA
2026-01-27,1.27,6493500,6493500,1200,5446,1200,5446,Sucrivoire
2026-01-27,-7.23,3679135,3679135,1540,2381,1540,2381,DATA
2026-01-27,0.35,16316035,16316035,14400,1134,14400,1134,DATA
2026-01-27,-0.83,4258805,4258805,2400,1758,2400,1758,Total ci
2026-01-27,0.86,37212590,37212590,7650,4875,7650,4875,DATA
2026-01-27,0.53,1127995,1127995,43250,26,43250,26,Unilever
2026-01-27,1.99,19677095,19677095,29700,666,29700,666,SGB CI
2026-01-27,-0.95,2880940,2880940,2600,1117,2600,1117,DATA
2026-01-27,-3.79,9793030,9793030,1650,5948,1650,5948,Uniwax
2026-01-27,0.41,728625,728625,1220,593,1220,593,DATA
2026-01-27,-0.34,110505380,110505380,28200,3923,28200,3923,DATA
2026-01-27,0.2,25753545,25753545,5000,5197,5000,5197,BICB
2026-01-27,0.0,10243498,10243498,23,434124,23,434124,DATA
2026-01-27,0.0,50130550,50130550,9855,5049,9855,5049,DATA
2026-01-27,-0.96,13353375,13353375,4645,2887,4645,2887,DATA
2026-01-27,0.0,14239435,14239435,1800,7930,1800,7930,Erium ci
2026-01-27,1.73,4894115,4894115,1175,4248,1175,4248,NEI-CEDA
2026-01-27,0.33,10189430,10189430,1525,6434,1525,6434,Cfao
2026-01-27,-0.96,13353375,13353375,4645,2887,4645,2887,BOA_BF
2026-01-27,0.0,10243498,10243498,23,434124,23,434124,ETIT
2026-01-27,0.64,32251965,32251965,7900,4097,7900,4097,DATA
2026-01-27,-0.26,15837905,15837905,19100,828,19100,828,BICC
2026-01-27,0.17,797145,797145,2900,275,2900,275,DATA
2026-01-27,0.17,797145,797145,2900,275,2900,275,Servair
2026-01-27,1.83,3582840,3582840,6120,591,6120,591,DATA
2026-01-27,0.71,14040780,14040780,4230,3303,4230,3303,DATA
2026-01-27,0.0,36049605,36049605,7175,5025,7175,5025,DATA
2026-01-27,0.0,263058715,263058715,25500,10319,25500,10319,Sonatel
2026-01-27,1.83,3582840,3582840,6120,591,6120,591,SODE CI
2026-01-27,-0.71,6877900,6877900,2100,3305,2100,3305,Filtisac
2026-01-27,-1.85,9673235,9673235,2650,3623,2650,3623,DATA
2026-01-27,2.29,7714820,7714820,2900,2658,2900,2658,DATA
2026-01-27,0.71,14040780,14040780,4230,3303,4230,3303,BOA_MALI
2026-01-27,-0.04,9433020,9433020,12095,781,12095,781,NSIA
2026-01-27,1.27,6493500,6493500,1200,5446,1200,5446,DATA
2026-01-27,2.58,34648810,34648810,1590,21576,1590,21576,AGL
2026-01-27,3.13,56590655,56590655,6090,9363,6090,9363,SIBC
2026-01-27,2.28,6179945,6179945,1345,4575,1345,4575,SEMC
2026-01-27,-3.79,9793030,9793030,1650,5948,1650,5948,DATA
2026-01-27,0.25,120575030,120575030,21900,5506,21900,5506,DATA
2026-01-27,-2.59,35894720,35894720,11100,3206,11100,3206,DATA
2026-01-27,0.0,6514000,6514000,16695,392,16695,392,DATA
2026-01-27,3.74,29679575,29679575,6795,4494,6795,4494,DATA
2026-01-27,-0.04,9433020,9433020,12095,781,12095,781,DATA
2026-01-28,0.0,7473705,7473705,2687,2777,3800,1964,DATA
2026-01-28,0.0,9302590,9302590,2900,3205,2900,3205,Servair
2026-01-28,0.0,3544740,3544740,6120,579,6120,579,DATA
2026-01-28,0.71,44563250,44563250,5640,7890,5640,7890,BOA_SN
2026-01-28,-1.98,19282775,19282775,4450,4307,4450,4307,DATA
2026-01-28,1.05,59190215,59190215,19300,3099,19300,3099,BICC
2026-01-28,-0.33,5146645,5146645,1520,3379,1520,3379,DATA
2026-01-28,-2.6,3060060,3060060,1500,2131,1500,2131,Bernabe
2026-01-28,1.05,59190215,59190215,19300,3099,19300,3099,DATA
2026-01-28,0.0,9302590,9302590,2900,3205,2900,3205,DATA
2026-01-28,0.0,994855,994855,1220,815,1220,815,Setao
2026-01-28,4.4,21280140,21280140,1660,13036,1660,13036,DATA
2026-01-28,1.81,30416455,30416455,6200,4958,6200,4958,SIBC
2026-01-28,-1.98,19282775,19282775,4450,4307,4450,4307,Tractafric
2026-01-28,1.42,7928085,7928085,4290,1856,4290,1856,DATA
2026-01-28,0.0,74931795,74931795,7175,10436,7175,10436,DATA
2026-01-28,2.66,3353665,3353665,11395,298,11395,298,Nestle
2026-01-28,0.0,21408310,21408310,2900,7358,2900,7358,DATA
2026-01-28,0.46,79965800,79965800,22000,3647,22000,3647,Sitab_ci
2026-01-28,0.83,7938575,7938575,1210,6592,1210,6592,Sucrivoire
2026-01-28,0.0,9302200,9302200,2600,3581,2600,3581,DATA
2026-01-28,-1.67,8338595,8338595,2065,3996,2065,3996,Filtisac
2026-01-28,6.36,230000,230000,46000,5,46000,5,DATA
2026-01-28,0.0,10100615,10100615,12095,833,12095,833,DATA
2026-01-28,-0.39,2058400,2058400,2540,807,2540,807,Total senegal
2026-01-28,1.06,19147455,19147455,11925,1619,11925,1619,CORIS_BANK
2026-01-28,-0.82,5226020,5226020,3020,1752,3020,1752,DATA
2026-01-28,0.02,290498380,290498380,25505,11352,25505,11352,Sonatel
2026-01-28,-0.43,3258165,3258165,1170,2783,1170,2783,DATA
2026-01-28,0.0,7473705,7473705,2687,2777,3800,1964,SAFCA
2026-01-28,2.6,9105125,9105125,1380,6734,1380,6734,DATA
2026-01-28,-0.07,11009775,11009775,14390,768,14390,768,Orange ci
2026-01-28,0.0,89110,89110,3600,25,3600,25,Sicor_ci
2026-01-28,0.46,79965800,79965800,22000,3647,22000,3647,DATA
2026-01-28,1.42,7928085,7928085,4290,1856,4290,1856,BOA_MALI
2026-01-28,0.0,3544740,3544740,6120,579,6120,579,SODE CI
2026-01-28,-0.71,28046070,28046070,28000,1000,28000,1000,Solibra
2026-01-28,-0.13,9597950,9597950,7890,1219,7890,1219,DATA
2026-01-28,0.98,16888925,16888925,29990,567,29990,567,DATA
2026-01-28,-0.43,3258165,3258165,1170,2783,1170,2783,NEI-CEDA
2026-01-28,0.42,3041980,3041980,2410,1264,2410,1264,DATA
2026-01-28,3.45,17470780,17470780,10195,1743,10195,1743,SMBC
2026-01-28,4.35,8185880,8185880,24,344535,24,344535,DATA
2026-01-28,0.0,9302200,9302200,2600,3581,2600,3581,BOA_NIGER
2026-01-28,0.98,16888925,16888925,29990,567,29990,567,SGB CI
2026-01-28,-0.71,28046070,28046070,28000,1000,28000,1000,DATA
2026-01-28,-1.31,6064355,6064355,7550,805,7550,805,Saph
2026-01-28,0.0,74931795,74931795,7175,10436,7175,10436,BOA_CI
2026-01-28,0.0,994855,994855,1220,815,1220,815,DATA
2026-01-28,0.96,5949275,5949275,1575,3800,1575,3800,Vivo energy
2026-01-28,-0.1,22094635,22094635,4995,4440,4995,4440,DATA
2026-01-28,4.4,21280140,21280140,1660,13036,1660,13036,AGL
2026-01-28,0.6,18009195,18009195,16795,1079,16795,1079,ECOBANK_CI
2026-01-28,-0.91,7957325,7957325,1635,4905,1635,4905,Uniwax
2026-01-28,0.0,21408310,21408310,2900,7358,2900,7358,ORAGROUP_TOGO
2026-01-28,0.0,10100615,10100615,12095,833,12095,833,NSIA
2026-01-28,3.45,17470780,17470780,10195,1743,10195,1743,DATA
2026-01-28,-1.31,6064355,6064355,7550,805,7550,805,DATA
2026-01-28,0.71,44563250,44563250,5640,7890,5640,7890,DATA
2026-01-28,2.87,29151545,29151545,6990,4218,6990,4218,DATA
2026-01-28,2.87,29151545,29151545,6990,4218,6990,4218,BOA_BENIN
2026-01-28,2.6,9105125,9105125,1380,6734,1380,6734,SEMC
2026-01-28,0.02,290498380,290498380,25505,11352,25505,11352,DATA
2026-01-28,2.15,55149790,55149790,4745,11743,4745,11743,BOA_BF
2026-01-28,-0.39,2058400,2058400,2540,807,2540,807,DATA
2026-01-28,0.0,53899200,53899200,8200,6540,8200,6540,Palm ci
2026-01-28,0.0,89110,89110,3600,25,3600,25,DATA
2026-01-28,-1.67,8338595,8338595,2065,3996,2065,3996,DATA
2026-01-28,1.16,22174165,22174165,2625,8475,2625,8475,Onatel bf
2026-01-28,-1.38,4780450,4780450,3945,1245,3945,1245,DATA
2026-01-28,0.6,18009195,18009195,16795,1079,16795,1079,DATA
2026-01-28,-2.6,3060060,3060060,1500,2131,1500,2131,DATA
2026-01-28,6.36,230000,230000,46000,5,46000,5,Unilever
2026-01-28,0.83,7938575,7938575,1210,6592,1210,6592,DATA
2026-01-28,2.15,55149790,55149790,4745,11743,4745,11743,DATA
2026-01-28,-0.07,11009775,11009775,14390,768,14390,768,DATA
2026-01-28,4.35,8185880,8185880,24,344535,24,344535,ETIT
2026-01-28,0.42,3041980,3041980,2410,1264,2410,1264,Total ci
2026-01-28,1.06,19147455,19147455,11925,1619,11925,1619,DATA
2026-01-28,7.5,7356690,7356690,1935,3874,1935,3874,Erium ci
2026-01-28,7.5,7356690,7356690,1935,3874,1935,3874,DATA
2026-01-28,-0.33,5146645,5146645,1520,3379,1520,3379,Cfao
2026-01-28,1.16,22174165,22174165,2625,8475,2625,8475,DATA
2026-01-28,-0.1,22094635,22094635,4995,4440,4995,4440,BICB
2026-01-28,2.66,3353665,3353665,11395,298,11395,298,DATA
2026-01-28,1.7,9767375,9767375,2695,3666,2695,3666,CIE CI
2026-01-28,-0.91,7957325,7957325,1635,4905,1635,4905,DATA
2026-01-28,-0.82,5226020,5226020,3020,1752,3020,1752,Sicable
2026-01-28,1.81,30416455,30416455,6200,4958,6200,4958,DATA
2026-01-28,-0.13,9597950,9597950,7890,1219,7890,1219,SOGB
2026-01-28,0.0,53899200,53899200,8200,6540,8200,6540,DATA
2026-01-28,0.96,5949275,5949275,1575,3800,1575,3800,DATA
2026-01-28,1.7,9767375,9767375,2695,3666,2695,3666,DATA
2026-01-28,-1.38,4780450,4780450,3945,1245,3945,1245,LNBB
2026-01-29,0.76,17351210,17351210,7950,2196,7950,2196,SOGB
2026-01-29,1.24,36326555,36326555,5710,6347,5710,6347,BOA_SN
2026-01-29,0.54,12738670,12738670,10250,1249,10250,1249,SMBC
2026-01-29,1.34,17443785,17443785,2723,6491,3850,4590,SAFCA
2026-01-29,3.37,13444880,13444880,31000,440,31000,440,DATA
2026-01-29,5.17,22785685,22785685,3050,7742,3050,7742,Servair
2026-01-29,0.49,2735290,2735290,6150,445,6150,445,DATA
2026-01-29,0.87,19654415,19654415,12200,1611,12200,1611,NSIA
2026-01-29,-0.52,21606415,21606415,19200,1117,19200,1117,BICC
2026-01-29,7.25,63364510,63364510,1480,44844,1480,44844,DATA
2026-01-29,-0.41,11976410,11976410,2400,4915,2400,4915,Total ci
2026-01-29,-1.12,4459845,4459845,4400,1005,4400,1005,DATA
2026-01-29,1.24,36326555,36326555,5710,6347,5710,6347,DATA
2026-01-29,0.42,19582115,19582115,14450,1359,14450,1359,Orange ci
2026-01-29,0.35,179687545,179687545,7200,24989,7200,24989,DATA
2026-01-29,1.19,12683060,12683060,16995,750,16995,750,DATA
2026-01-29,-0.05,94220720,94220720,21990,4298,21990,4298,DATA
2026-01-29,1.96,46457440,46457440,26005,1789,26005,1789,DATA
2026-01-29,1.85,117039395,117039395,7690,15777,7690,15777,DATA
2026-01-29,1.45,8685500,8685500,2095,4155,2095,4155,Filtisac
2026-01-29,-2.93,16360500,16360500,2815,5760,2815,5760,ORAGROUP_TOGO
2026-01-29,0.87,1844000,1844000,46400,40,46400,40,Unilever
2026-01-29,-1.12,4459845,4459845,4400,1005,4400,1005,Tractafric
2026-01-29,1.96,46457440,46457440,26005,1789,26005,1789,Sonatel
2026-01-29,-0.21,19265275,19265275,11900,1616,11900,1616,CORIS_BANK
2026-01-29,0.14,64270225,64270225,7000,9196,7000,9196,DATA
2026-01-29,-0.41,11976410,11976410,2400,4915,2400,4915,DATA
2026-01-29,0.0,120659315,120659315,28000,4309,28000,4309,Solibra
2026-01-29,0.0,8602725,8602725,11395,755,11395,755,Nestle
2026-01-29,1.34,17443785,17443785,2723,6491,3850,4590,DATA
2026-01-29,1.4,27396360,27396360,4350,6362,4350,6362,DATA
2026-01-29,1.4,27396360,27396360,4350,6362,4350,6362,BOA_MALI
2026-01-29,0.0,10824595,10824595,4995,2174,4995,2174,BICB
2026-01-29,-0.21,19265275,19265275,11900,1616,11900,1616,DATA
2026-01-29,5.94,27793645,27793645,2050,13523,2050,13523,Erium ci
2026-01-29,0.19,2265145,2265145,2605,869,2605,869,BOA_NIGER
2026-01-29,2.86,1678070,1678070,2700,632,2700,632,Onatel bf
2026-01-29,-1.99,2234215,2234215,2960,751,2960,751,Sicable
2026-01-29,0.14,64270225,64270225,7000,9196,7000,9196,BOA_BENIN
2026-01-29,4.22,23617230,23617230,1730,13748,1730,13748,DATA
2026-01-29,0.0,2135890,2135890,3945,557,3945,557,DATA
2026-01-29,0.0,2135890,2135890,3945,557,3945,557,LNBB
2026-01-29,3.27,40742810,40742810,4900,8476,4900,8476,DATA
2026-01-29,5.97,99190,99190,3815,26,3815,26,DATA
2026-01-29,-0.41,5370425,5370425,1205,4432,1205,4432,Sucrivoire
2026-01-29,0.54,12738670,12738670,10250,1249,10250,1249,DATA
2026-01-29,1.16,15521425,15521425,8295,1886,8295,1886,Palm ci
2026-01-29,2.36,2594520,2594520,2600,1014,2600,1014,DATA
2026-01-29,2.56,13694165,13694165,1200,11611,1200,11611,NEI-CEDA
2026-01-29,3.27,40742810,40742810,4900,8476,4900,8476,BOA_BF
2026-01-29,0.33,3130595,3130595,1525,2045,1525,2045,Cfao
2026-01-29,0.0,35245320,35245320,6200,5692,6200,5692,SIBC
2026-01-29,5.17,22785685,22785685,3050,7742,3050,7742,DATA
2026-01-29,1.16,15521425,15521425,8295,1886,8295,1886,DATA
2026-01-29,0.33,3130595,3130595,1525,2045,1525,2045,DATA
2026-01-29,-3.33,3884360,3884360,1450,2679,1450,2679,Bernabe
2026-01-29,-3.33,3884360,3884360,1450,2679,1450,2679,DATA
2026-01-29,-7.34,14013910,14013910,1515,8807,1515,8807,Uniwax
2026-01-29,3.28,1637940,1637940,1260,1294,1260,1294,DATA
2026-01-29,5.97,99190,99190,3815,26,3815,26,Sicor_ci
2026-01-29,0.0,120659315,120659315,28000,4309,28000,4309,DATA
2026-01-29,1.45,8685500,8685500,2095,4155,2095,4155,DATA
2026-01-29,-0.41,5370425,5370425,1205,4432,1205,4432,DATA
2026-01-29,-4.17,79693547,79693547,23,3382131,23,3382131,DATA
2026-01-29,0.76,17351210,17351210,7950,2196,7950,2196,DATA
2026-01-29,3.28,1637940,1637940,1260,1294,1260,1294,Setao
2026-01-29,0.42,19582115,19582115,14450,1359,14450,1359,DATA
2026-01-29,3.37,13444880,13444880,31000,440,31000,440,SGB CI
2026-01-29,-4.17,79693547,79693547,23,3382131,23,3382131,ETIT
2026-01-29,2.86,1678070,1678070,2700,632,2700,632,DATA
2026-01-29,-1.99,2234215,2234215,2960,751,2960,751,DATA
2026-01-29,0.0,8602725,8602725,11395,755,11395,755,DATA
2026-01-29,1.19,12683060,12683060,16995,750,16995,750,ECOBANK_CI
2026-01-29,0.35,179687545,179687545,7200,24989,7200,24989,BOA_CI
2026-01-29,4.22,23617230,23617230,1730,13748,1730,13748,AGL
2026-01-29,2.56,13694165,13694165,1200,11611,1200,11611,DATA
2026-01-29,0.87,1844000,1844000,46400,40,46400,40,DATA
2026-01-29,-1.67,15456700,15456700,2650,5777,2650,5777,DATA
2026-01-29,-7.34,14013910,14013910,1515,8807,1515,8807,DATA
2026-01-29,-1.67,15456700,15456700,2650,5777,2650,5777,CIE CI
2026-01-29,1.85,117039395,117039395,7690,15777,7690,15777,Saph
2026-01-29,0.0,35245320,35245320,6200,5692,6200,5692,DATA
2026-01-29,-2.93,16360500,16360500,2815,5760,2815,5760,DATA
2026-01-29,7.25,63364510,63364510,1480,44844,1480,44844,SEMC
2026-01-29,0.0,10824595,10824595,4995,2174,4995,2174,DATA
2026-01-29,0.19,2265145,2265145,2605,869,2605,869,DATA
2026-01-29,1.27,18494845,18494845,1595,11740,1595,11740,Vivo energy
2026-01-29,5.94,27793645,27793645,2050,13523,2050,13523,DATA
2026-01-29,0.87,19654415,19654415,12200,1611,12200,1611,DATA
2026-01-29,-0.52,21606415,21606415,19200,1117,19200,1117,DATA
2026-01-29,1.27,18494845,18494845,1595,11740,1595,11740,DATA
2026-01-29,0.49,2735290,2735290,6150,445,6150,445,SODE CI
2026-01-29,2.36,2594520,2594520,2600,1014,2600,1014,Total senegal
2026-01-29,-0.05,94220720,94220720,21990,4298,21990,4298,Sitab_ci
2026-01-30,1.6,4160740,4160740,12395,336,12395,336,NSIA
2026-01-30,0.77,7844605,7844605,2625,3001,2625,3001,BOA_NIGER
2026-01-30,1.66,2213355,2213355,1225,1809,1225,1809,DATA
2026-01-30,0.4,1918520,1918520,1265,1516,1265,1516,DATA
2026-01-30,-4.34,23542425,23542425,1655,14310,1655,14310,DATA
2026-01-30,4.39,12308165,12308165,1665,7609,1665,7609,DATA
2026-01-30,-1.9,67535345,67535345,4900,13683,4900,13683,DATA
2026-01-30,-3.45,6286715,6286715,1400,4482,1400,4482,Bernabe
2026-01-30,2.86,8173465,8173465,2155,3880,2155,3880,DATA
2026-01-30,0.0,2248700,2248700,11900,189,11900,189,DATA
2026-01-30,0.7,12976440,12976440,5750,2260,5750,2260,BOA_SN
2026-01-30,0.0,63416955,63416955,7200,8817,7200,8817,BOA_CI
2026-01-30,4.88,17422605,17422605,2150,8184,2150,8184,Erium ci
2026-01-30,1.03,7951985,7951985,4395,1817,4395,1817,DATA
2026-01-30,-1.18,2043900,2043900,2925,693,2925,693,Sicable
2026-01-30,0.7,12976440,12976440,5750,2260,5750,2260,DATA
2026-01-30,0.81,2213265,2213265,6200,358,6200,358,DATA
2026-01-30,-0.13,53350,53350,3810,14,3810,14,Sicor_ci
2026-01-30,2.31,15782860,15782860,2786,5832,3940,4124,DATA
2026-01-30,-5.82,33446895,33446895,4615,7230,4615,7230,BOA_BF
2026-01-30,5.61,6851935,6851935,1600,4296,1600,4296,DATA
2026-01-30,-1.64,42145830,42145830,3000,14046,3000,14046,Servair
2026-01-30,-1.08,7900000,7900000,8205,961,8205,961,DATA
2026-01-30,-1.64,42145830,42145830,3000,14046,3000,14046,DATA
2026-01-30,-1.64,4415485,4415485,1500,2935,1500,2935,DATA
2026-01-30,1.03,7951985,7951985,4395,1817,4395,1817,BOA_MALI
2026-01-30,4.88,17422605,17422605,2150,8184,2150,8184,DATA
2026-01-30,-1.9,67535345,67535345,4900,13683,4900,13683,BICB
2026-01-30,-1.18,2043900,2043900,2925,693,2925,693,DATA
2026-01-30,4.35,224948676,224948676,24,9748199,24,9748199,DATA
2026-01-30,0.28,8049115,8049115,14490,556,14490,556,DATA
2026-01-30,0.23,3577745,3577745,4410,810,4410,810,DATA
2026-01-30,4.39,12308165,12308165,1665,7609,1665,7609,Vivo energy
2026-01-30,0.4,1918520,1918520,1265,1516,1265,1516,Setao
2026-01-30,0.06,48641610,48641610,17005,2856,17005,2856,ECOBANK_CI
2026-01-30,0.13,5320405,5320405,7960,669,7960,669,DATA
2026-01-30,5.61,6851935,6851935,1600,4296,1600,4296,Uniwax
2026-01-30,0.0,3551670,3551670,2600,1367,2600,1367,Total senegal
2026-01-30,7.43,2283240,2283240,1590,1436,1590,1436,DATA
2026-01-30,-2.08,5580465,5580465,2350,2334,2350,2334,Total ci
2026-01-30,-3.45,6286715,6286715,1400,4482,1400,4482,DATA
2026-01-30,0.42,1455055,1455055,1205,1213,1205,1213,NEI-CEDA
2026-01-30,-1.64,4415485,4415485,1500,2935,1500,2935,Cfao
2026-01-30,0.0,66765070,66765070,31000,2149,31000,2149,DATA
2026-01-30,0.0,47793460,47793460,19200,2486,19200,2486,BICC
2026-01-30,0.0,47793460,47793460,19200,2486,19200,2486,DATA
2026-01-30,0.77,7844605,7844605,2625,3001,2625,3001,DATA
2026-01-30,0.0,5499890,5499890,2700,2027,2700,2027,Onatel bf
2026-01-30,0.0,46400,46400,46400,1,46400,1,Unilever
2026-01-30,1.66,2213355,2213355,1225,1809,1225,1809,Sucrivoire
2026-01-30,0.42,1455055,1455055,1205,1213,1205,1213,DATA
2026-01-30,-1.17,12689540,12689540,7600,1655,7600,1655,Saph
2026-01-30,-5.82,33446895,33446895,4615,7230,4615,7230,DATA
2026-01-30,0.0,5499890,5499890,2700,2027,2700,2027,DATA
2026-01-30,0.06,48641610,48641610,17005,2856,17005,2856,DATA
2026-01-30,1.6,4160740,4160740,12395,336,12395,336,DATA
2026-01-30,-3.47,17670660,17670660,11000,1584,11000,1584,Nestle
2026-01-30,-3.47,17670660,17670660,11000,1584,11000,1584,DATA
2026-01-30,0.0,22079630,22079630,21990,1004,21990,1004,DATA
2026-01-30,-4.34,23542425,23542425,1655,14310,1655,14310,AGL
2026-01-30,-0.13,53350,53350,3810,14,3810,14,DATA
2026-01-30,-2.08,5580465,5580465,2350,2334,2350,2334,DATA
2026-01-30,2.86,8173465,8173465,2155,3880,2155,3880,Filtisac
2026-01-30,0.28,8049115,8049115,14490,556,14490,556,Orange ci
2026-01-30,7.41,12007300,12007300,11010,1103,11010,1103,DATA
2026-01-30,0.0,22079630,22079630,21990,1004,21990,1004,Sitab_ci
2026-01-30,7.41,12007300,12007300,11010,1103,11010,1103,SMBC
2026-01-30,0.23,3577745,3577745,4410,810,4410,810,Tractafric
2026-01-30,1.32,6838620,6838620,2685,2548,2685,2548,DATA
2026-01-30,1.61,13009810,13009810,6300,2081,6300,2081,SIBC
2026-01-30,4.35,224948676,224948676,24,9748199,24,9748199,ETIT
2026-01-30,2.31,15782860,15782860,2786,5832,3940,4124,SAFCA
2026-01-30,-1.08,7900000,7900000,8205,961,8205,961,Palm ci
2026-01-30,0.0,66765070,66765070,31000,2149,31000,2149,SGB CI
2026-01-30,0.81,2213265,2213265,6200,358,6200,358,SODE CI
2026-01-30,0.13,5320405,5320405,7960,669,7960,669,SOGB
2026-01-30,0.0,3551670,3551670,2600,1367,2600,1367,DATA
2026-01-30,0.0,52287310,52287310,28000,1866,28000,1866,DATA
2026-01-30,-1.17,12689540,12689540,7600,1655,7600,1655,DATA
2026-01-30,-1.5,25642700,25642700,6895,3665,6895,3665,BOA_BENIN
2026-01-30,-0.13,14135535,14135535,3940,3709,3940,3709,LNBB
2026-01-30,1.61,13009810,13009810,6300,2081,6300,2081,DATA
2026-01-30,-0.53,35886935,35886935,2800,13203,2800,13203,ORAGROUP_TOGO
2026-01-30,7.43,2283240,2283240,1590,1436,1590,1436,SEMC
2026-01-30,3.63,48404555,48404555,26950,1797,26950,1797,Sonatel
2026-01-30,0.0,63416955,63416955,7200,8817,7200,8817,DATA
2026-01-30,0.0,52287310,52287310,28000,1866,28000,1866,Solibra
2026-01-30,0.0,2248700,2248700,11900,189,11900,189,CORIS_BANK
2026-01-30,-0.13,14135535,14135535,3940,3709,3940,3709,DATA
2026-01-30,0.0,46400,46400,46400,1,46400,1,DATA
2026-01-30,3.63,48404555,48404555,26950,1797,26950,1797,DATA
2026-01-30,1.32,6838620,6838620,2685,2548,2685,2548,CIE CI
2026-01-30,-1.5,25642700,25642700,6895,3665,6895,3665,DATA
2026-01-30,-0.53,35886935,35886935,2800,13203,2800,13203,DATA
2026-02-02,-0.13,13663745,13663745,7950,1717,7950,1717,DATA
2026-02-02,0.77,2542320,2542320,2620,974,2620,974,DATA
2026-02-02,-7.48,508980,508980,3525,136,3525,136,DATA
2026-02-02,-2.28,1359045,1359045,3850,352,3850,352,DATA
2026-02-02,1.16,45803600,45803600,8300,5552,8300,5552,Palm ci
2026-02-02,0.0,70454660,70454660,24,2935897,24,2935897,ETIT
2026-02-02,-0.41,7160085,7160085,1220,5871,1220,5871,DATA
2026-02-02,0.0,8113195,8113195,1600,5021,1600,5021,DATA
2026-02-02,1.38,34188340,34188340,6990,4935,6990,4935,BOA_BENIN
2026-02-02,-7.48,508980,508980,3525,136,3525,136,Sicor_ci
2026-02-02,-1.85,4200110,4200110,2650,1564,2650,1564,Onatel bf
2026-02-02,0.81,13622485,13622485,12495,1096,12495,1096,DATA
2026-02-02,0.0,8113195,8113195,1600,5021,1600,5021,Uniwax
2026-02-02,-0.6,12831005,12831005,1645,7835,1645,7835,AGL
2026-02-02,2.39,3982900,3982900,2995,1338,2995,1338,Sicable
2026-02-02,4.2,9686190,9686190,12400,795,12400,795,DATA
2026-02-02,0.52,18030720,18030720,19300,936,19300,936,DATA
2026-02-02,3.9,33863620,33863620,4795,7225,4795,7225,BOA_BF
2026-02-02,-2.55,7517570,7517570,2100,3568,2100,3568,Filtisac
2026-02-02,5.81,2219610,2219610,1275,1805,1275,1805,NEI-CEDA
2026-02-02,-2.28,1359045,1359045,3850,352,3850,352,LNBB
2026-02-02,-0.6,12831005,12831005,1645,7835,1645,7835,DATA
2026-02-02,1.94,5283210,5283210,4995,1070,4995,1070,DATA
2026-02-02,0.38,12569720,12569720,2635,4827,2635,4827,BOA_NIGER
2026-02-02,-1.61,32090150,32090150,30500,1042,30500,1042,DATA
2026-02-02,-4.65,16751740,16751740,2050,7964,2050,7964,Erium ci
2026-02-02,1.08,1070700,1070700,46900,23,46900,23,DATA
2026-02-02,-0.33,8679170,8679170,1495,5816,1495,5816,Cfao
2026-02-02,0.0,70454660,70454660,24,2935897,24,2935897,DATA
2026-02-02,-7.48,24976535,24976535,20345,1227,20345,1227,Sitab_ci
2026-02-02,3.56,3039205,3039205,1310,2351,1310,2351,Setao
2026-02-02,-2.04,11118775,11118775,10785,1028,10785,1028,DATA
2026-02-02,-0.41,7160085,7160085,1220,5871,1220,5871,Sucrivoire
2026-02-02,0.99,38901955,38901955,7675,5211,7675,5211,Saph
2026-02-02,3.9,33863620,33863620,4795,7225,4795,7225,DATA
2026-02-02,-4.65,16751740,16751740,2050,7964,2050,7964,DATA
2026-02-02,1.16,45803600,45803600,8300,5552,8300,5552,DATA
2026-02-02,-1.96,16913970,16913970,2745,6429,2745,6429,DATA
2026-02-02,-0.14,78944620,78944620,7190,10994,7190,10994,DATA
2026-02-02,0.99,38901955,38901955,7675,5211,7675,5211,DATA
2026-02-02,1.08,1070700,1070700,46900,23,46900,23,Unilever
2026-02-02,-1.96,16913970,16913970,2745,6429,2745,6429,ORAGROUP_TOGO
2026-02-02,-6.21,36891505,36891505,2613,13964,3695,9875,DATA
2026-02-02,0.87,34939810,34939810,5800,6048,5800,6048,DATA
2026-02-02,-0.19,61383465,61383465,26900,2297,26900,2297,DATA
2026-02-02,-2.1,8664240,8664240,1630,5288,1630,5288,DATA
2026-02-02,1.51,24268840,24268840,6395,3778,6395,3778,DATA
2026-02-02,0.0,66757330,66757330,28000,2385,28000,2385,DATA
2026-02-02,0.08,2315325,2315325,6205,370,6205,370,SODE CI
2026-02-02,0.08,2315325,2315325,6205,370,6205,370,DATA
2026-02-02,6.79,2038475,2038475,1495,1364,1495,1364,Bernabe
2026-02-02,-0.14,78944620,78944620,7190,10994,7190,10994,BOA_CI
2026-02-02,7.23,42955705,42955705,1705,25386,1705,25386,SEMC
2026-02-02,-1.14,25615515,25615515,4345,5949,4345,5949,DATA
2026-02-02,1.94,5283210,5283210,4995,1070,4995,1070,BICB
2026-02-02,4.2,9686190,9686190,12400,795,12400,795,CORIS_BANK
2026-02-02,-0.19,61383465,61383465,26900,2297,26900,2297,Sonatel
2026-02-02,-1.61,32090150,32090150,30500,1042,30500,1042,SGB CI
2026-02-02,-6.21,36891505,36891505,2613,13964,3695,9875,SAFCA
2026-02-02,-0.37,10368245,10368245,2675,3861,2675,3861,DATA
2026-02-02,-0.37,10368245,10368245,2675,3861,2675,3861,CIE CI
2026-02-02,1.51,24268840,24268840,6395,3778,6395,3778,SIBC
2026-02-02,-0.23,4833215,4833215,4400,1093,4400,1093,Tractafric
2026-02-02,-2.04,11118775,11118775,10785,1028,10785,1028,SMBC
2026-02-02,1.38,34188340,34188340,6990,4935,6990,4935,DATA
2026-02-02,-0.13,13663745,13663745,7950,1717,7950,1717,SOGB
2026-02-02,0.94,37498670,37498670,17165,2175,17165,2175,DATA
2026-02-02,-1.85,4200110,4200110,2650,1564,2650,1564,DATA
2026-02-02,-7.48,24976535,24976535,20345,1227,20345,1227,DATA
2026-02-02,3.64,5354380,5354380,11400,467,11400,467,Nestle
2026-02-02,3.64,5354380,5354380,11400,467,11400,467,DATA
2026-02-02,5.81,2219610,2219610,1275,1805,1275,1805,DATA
2026-02-02,0.0,7792560,7792560,2350,3339,2350,3339,DATA
2026-02-02,0.0,19209440,19209440,14490,1325,14490,1325,Orange ci
2026-02-02,7.23,42955705,42955705,1705,25386,1705,25386,DATA
2026-02-02,-1.14,25615515,25615515,4345,5949,4345,5949,BOA_MALI
2026-02-02,-0.33,8679170,8679170,1495,5816,1495,5816,DATA
2026-02-02,3.56,3039205,3039205,1310,2351,1310,2351,DATA
2026-02-02,6.79,2038475,2038475,1495,1364,1495,1364,DATA
2026-02-02,-0.23,4833215,4833215,4400,1093,4400,1093,DATA
2026-02-02,2.39,3982900,3982900,2995,1338,2995,1338,DATA
2026-02-02,-2.55,7517570,7517570,2100,3568,2100,3568,DATA
2026-02-02,0.0,7792560,7792560,2350,3339,2350,3339,Total ci
2026-02-02,0.87,34939810,34939810,5800,6048,5800,6048,BOA_SN
2026-02-02,-2.1,8664240,8664240,1630,5288,1630,5288,Vivo energy
2026-02-02,1.33,7140420,7140420,3040,2364,3040,2364,DATA
2026-02-02,0.38,12569720,12569720,2635,4827,2635,4827,DATA
2026-02-02,0.81,13622485,13622485,12495,1096,12495,1096,NSIA
2026-02-02,1.33,7140420,7140420,3040,2364,3040,2364,Servair
2026-02-02,0.77,2542320,2542320,2620,974,2620,974,Total senegal
2026-02-02,0.0,66757330,66757330,28000,2385,28000,2385,Solibra
2026-02-02,0.94,37498670,37498670,17165,2175,17165,2175,ECOBANK_CI
2026-02-02,0.52,18030720,18030720,19300,936,19300,936,BICC
2026-02-02,0.0,19209440,19209440,14490,1325,14490,1325,DATA
2026-02-03,-0.33,6526075,6526075,1490,4289,1490,4289,DATA
2026-02-03,0.0,9986725,9986725,17165,580,17165,580,ECOBANK_CI
2026-02-03,0.0,9986725,9986725,17165,580,17165,580,DATA
2026-02-03,0.0,9996205,9996205,10785,939,10785,939,DATA
2026-02-03,1.3,5762075,5762075,3900,1496,3900,1496,LNBB
2026-02-03,0.0,9996205,9996205,10785,939,10785,939,SMBC
2026-02-03,-0.84,7628415,7628415,8230,921,8230,921,DATA
2026-02-03,-1.23,18679110,18679110,1205,15399,1205,15399,DATA
2026-02-03,-0.7,23523085,23523085,6350,3711,6350,3711,SIBC
2026-02-03,-0.04,19256270,19256270,27990,688,27990,688,DATA
2026-02-03,0.0,1815090,1815090,1310,1405,1310,1405,DATA
2026-02-03,-3.34,27603585,27603585,1590,17318,1590,17318,AGL
2026-02-03,-1.64,219339485,219339485,30000,7302,30000,7302,SGB CI
2026-02-03,-0.7,23523085,23523085,6350,3711,6350,3711,DATA
2026-02-03,-0.38,2328025,2328025,2625,887,2625,887,DATA
2026-02-03,-0.84,7628415,7628415,8230,921,8230,921,Palm ci
2026-02-03,-0.29,28920090,28920090,6970,4142,6970,4142,DATA
2026-02-03,0.0,5514415,5514415,1630,3376,1630,3376,Vivo energy
2026-02-03,4.69,35112875,35112875,1785,20069,1785,20069,SEMC
2026-02-03,0.0,4337560,4337560,4995,874,4995,874,DATA
2026-02-03,0.32,16714735,16714735,12535,1337,12535,1337,DATA
2026-02-03,0.63,9475820,9475820,1610,5884,1610,5884,DATA
2026-02-03,0.32,16714735,16714735,12535,1337,12535,1337,NSIA
2026-02-03,-1.28,4852760,4852760,2320,2072,2320,2072,Total ci
2026-02-03,-2.0,2982185,2982185,2690,1114,2690,1114,ORAGROUP_TOGO
2026-02-03,1.1,3849090,3849090,14650,264,14650,264,DATA
2026-02-03,1.18,16666865,16666865,1290,12725,1290,12725,NEI-CEDA
2026-02-03,-1.03,18563265,18563265,5740,3208,5740,3208,DATA
2026-02-03,2.44,11547985,11547985,2100,5491,2100,5491,Erium ci
2026-02-03,7.49,1310880,1310880,50415,27,50415,27,Unilever
2026-02-03,0.33,39055765,39055765,7700,5086,7700,5086,Saph
2026-02-03,0.33,39055765,39055765,7700,5086,7700,5086,DATA
2026-02-03,1.3,5762075,5762075,3900,1496,3900,1496,DATA
2026-02-03,0.0,4337560,4337560,4995,874,4995,874,BICB
2026-02-03,-4.17,40514292,40514292,23,1689443,23,1689443,DATA
2026-02-03,-0.14,36103185,36103185,7180,5028,7180,5028,BOA_CI
2026-02-03,0.0,6759835,6759835,11400,592,11400,592,DATA
2026-02-03,-1.23,18679110,18679110,1205,15399,1205,15399,Sucrivoire
2026-02-03,-1.21,10056505,10056505,12250,812,12250,812,DATA
2026-02-03,-1.28,4852760,4852760,2320,2072,2320,2072,DATA
2026-02-03,1.89,25222660,25222660,8100,3162,8100,3162,SOGB
2026-02-03,1.89,15825370,15825370,2700,5999,2700,5999,Onatel bf
2026-02-03,-1.64,219339485,219339485,30000,7302,30000,7302,DATA
2026-02-03,0.0,41876680,41876680,26900,1565,26900,1565,DATA
2026-02-03,-0.14,36103185,36103185,7180,5028,7180,5028,DATA
2026-02-03,2.72,22745665,22745665,2684,8644,3795,6113,DATA
2026-02-03,-1.04,15762635,15762635,4300,3683,4300,3683,DATA
2026-02-03,0.73,5163685,5163685,6250,826,6250,826,SODE CI
2026-02-03,4.69,35112875,35112875,1785,20069,1785,20069,DATA
2026-02-03,-0.52,33018180,33018180,19200,1710,19200,1710,BICC
2026-02-03,-1.03,18563265,18563265,5740,3208,5740,3208,BOA_SN
2026-02-03,2.05,2603730,2603730,4490,581,4490,581,DATA
2026-02-03,-1.04,15762635,15762635,4300,3683,4300,3683,BOA_MALI
2026-02-03,-0.16,8164225,8164225,3035,2670,3035,2670,DATA
2026-02-03,-0.33,3472745,3472745,1490,2319,1490,2319,DATA
2026-02-03,2.62,5101000,5101000,2155,2403,2155,2403,DATA
2026-02-03,0.63,9475820,9475820,1610,5884,1610,5884,Uniwax
2026-02-03,1.89,25222660,25222660,8100,3162,8100,3162,DATA
2026-02-03,-0.33,3472745,3472745,1490,2319,1490,2319,Cfao
2026-02-03,0.0,1815090,1815090,1310,1405,1310,1405,Setao
2026-02-03,0.56,10284690,10284690,2690,3830,2690,3830,DATA
2026-02-03,0.0,114675,114675,3525,32,3525,32,Sicor_ci
2026-02-03,-1.21,10056505,10056505,12250,812,12250,812,CORIS_BANK
2026-02-03,1.89,15825370,15825370,2700,5999,2700,5999,DATA
2026-02-03,-7.5,243957940,243957940,18820,12960,18820,12960,Sitab_ci
2026-02-03,-0.33,6526075,6526075,1490,4289,1490,4289,Bernabe
2026-02-03,-0.52,33018180,33018180,19200,1710,19200,1710,DATA
2026-02-03,-2.0,2982185,2982185,2690,1114,2690,1114,DATA
2026-02-03,1.53,2573025,2573025,2660,970,2660,970,Total senegal
2026-02-03,-0.16,8164225,8164225,3035,2670,3035,2670,Servair
2026-02-03,0.17,7429760,7429760,3000,2475,3000,2475,DATA
2026-02-03,7.49,1310880,1310880,50415,27,50415,27,DATA
2026-02-03,0.73,5163685,5163685,6250,826,6250,826,DATA
2026-02-03,1.18,16666865,16666865,1290,12725,1290,12725,DATA
2026-02-03,2.44,11547985,11547985,2100,5491,2100,5491,DATA
2026-02-03,2.72,22745665,22745665,2684,8644,3795,6113,SAFCA
2026-02-03,0.56,10284690,10284690,2690,3830,2690,3830,CIE CI
2026-02-03,2.05,2603730,2603730,4490,581,4490,581,Tractafric
2026-02-03,1.1,3849090,3849090,14650,264,14650,264,Orange ci
2026-02-03,-7.5,243957940,243957940,18820,12960,18820,12960,DATA
2026-02-03,0.0,6759835,6759835,11400,592,11400,592,Nestle
2026-02-03,0.0,41876680,41876680,26900,1565,26900,1565,Sonatel
2026-02-03,-0.38,2328025,2328025,2625,887,2625,887,BOA_NIGER
2026-02-03,-0.04,19256270,19256270,27990,688,27990,688,Solibra
2026-02-03,1.53,2573025,2573025,2660,970,2660,970,DATA
2026-02-03,-0.29,28920090,28920090,6970,4142,6970,4142,BOA_BENIN
2026-02-03,0.0,5514415,5514415,1630,3376,1630,3376,DATA
2026-02-03,0.0,114675,114675,3525,32,3525,32,DATA
2026-02-03,-2.09,17437120,17437120,4695,3689,4695,3689,BOA_BF
2026-02-03,2.62,5101000,5101000,2155,2403,2155,2403,Filtisac
2026-02-03,-2.09,17437120,17437120,4695,3689,4695,3689,DATA
2026-02-03,-3.34,27603585,27603585,1590,17318,1590,17318,DATA
2026-02-03,0.17,7429760,7429760,3000,2475,3000,2475,Sicable
2026-02-03,-4.17,40514292,40514292,23,1689443,23,1689443,ETIT
2026-02-04,7.28,21535855,21535855,1915,11420,1915,11420,DATA
2026-02-04,1.84,4452195,4452195,1660,2698,1660,2698,Vivo energy
2026-02-04,-4.8,10675730,10675730,5950,1774,5950,1774,DATA
2026-02-04,1.28,9678930,9678930,4355,2224,4355,2224,DATA
2026-02-04,2.07,16579020,16579020,12795,1306,12795,1306,DATA
2026-02-04,7.28,21535855,21535855,1915,11420,1915,11420,SEMC
2026-02-04,1.84,4452195,4452195,1660,2698,1660,2698,DATA
2026-02-04,-4.8,10675730,10675730,5950,1774,5950,1774,SODE CI
2026-02-04,1.5,26082355,26082355,30450,856,30450,856,DATA
2026-02-04,2.28,28546390,28546390,8285,3459,8285,3459,SOGB
2026-02-04,7.4,1169850,1169850,54145,23,54145,23,DATA
2026-02-04,0.52,5877025,5877025,19300,305,19300,305,BICC
2026-02-04,0.14,60974660,60974660,7190,8487,7190,8487,BOA_CI
2026-02-04,0.37,18419760,18419760,2710,6819,2710,6819,Onatel bf
2026-02-04,0.14,8233710,8233710,10800,762,10800,762,DATA
2026-02-04,3.45,1134185,1134185,2400,477,2400,477,Total ci
2026-02-04,1.03,1085925,1085925,3940,278,3940,278,DATA
2026-02-04,1.05,14725965,14725965,5800,2543,5800,2543,BOA_SN
2026-02-04,2.07,16579020,16579020,12795,1306,12795,1306,NSIA
2026-02-04,0.76,3467020,3467020,1320,2595,1320,2595,Setao
2026-02-04,0.99,9314255,9314255,14795,637,14795,637,DATA
2026-02-04,4.35,9441576,9441576,24,393399,24,393399,ETIT
2026-02-04,0.04,7955900,7955900,28000,279,28000,279,Solibra
2026-02-04,-0.67,9182620,9182620,2666,3426,3770,2423,DATA
2026-02-04,7.4,1169850,1169850,54145,23,54145,23,Unilever
2026-02-04,-1.86,25287415,25287415,2640,9539,2640,9539,CIE CI
2026-02-04,1.05,14725965,14725965,5800,2543,5800,2543,DATA
2026-02-04,0.39,1792125,1792125,11445,157,11445,157,Nestle
2026-02-04,0.99,9314255,9314255,14795,637,14795,637,Orange ci
2026-02-04,0.95,9773200,9773200,2120,4701,2120,4701,DATA
2026-02-04,0.37,18419760,18419760,2710,6819,2710,6819,DATA
2026-02-04,3.45,1134185,1134185,2400,477,2400,477,DATA
2026-02-04,0.16,18197260,18197260,6360,2854,6360,2854,SIBC
2026-02-04,0.0,5760640,5760640,4490,1294,4490,1294,Tractafric
2026-02-04,0.0,74935580,74935580,26900,2814,26900,2814,Sonatel
2026-02-04,-0.32,10519475,10519475,4680,2240,4680,2240,DATA
2026-02-04,-1.0,14208910,14208910,6900,2047,6900,2047,DATA
2026-02-04,0.0,74935580,74935580,26900,2814,26900,2814,DATA
2026-02-04,-2.04,8343375,8343375,12000,681,12000,681,CORIS_BANK
2026-02-04,6.38,573780,573780,3750,161,3750,161,DATA
2026-02-04,0.39,1792125,1792125,11445,157,11445,157,DATA
2026-02-04,-1.86,25287415,25287415,2640,9539,2640,9539,DATA
2026-02-04,-0.67,9182620,9182620,2666,3426,3770,2423,SAFCA
2026-02-04,1.5,3464070,3464070,2700,1289,2700,1289,DATA
2026-02-04,4.97,571984305,571984305,19755,31996,19755,31996,DATA
2026-02-04,0.14,60974660,60974660,7190,8487,7190,8487,DATA
2026-02-04,-2.4,4445005,4445005,7515,586,7515,586,DATA
2026-02-04,-3.1,10617870,10617870,1250,8445,1250,8445,DATA
2026-02-04,0.06,8054665,8054665,8235,972,8235,972,Palm ci
2026-02-04,0.0,8040275,8040275,2155,3774,2155,3774,Filtisac
2026-02-04,0.37,18108225,18108225,2700,6855,2700,6855,ORAGROUP_TOGO
2026-02-04,1.5,26082355,26082355,30450,856,30450,856,SGB CI
2026-02-04,0.0,5760640,5760640,4490,1294,4490,1294,DATA
2026-02-04,-0.16,12491125,12491125,3030,4102,3030,4102,Servair
2026-02-04,0.76,3467020,3467020,1320,2595,1320,2595,DATA
2026-02-04,0.67,5316600,5316600,1500,3547,1500,3547,Cfao
2026-02-04,6.67,7081390,7081390,3200,2312,3200,2312,DATA
2026-02-04,0.95,9773200,9773200,2120,4701,2120,4701,Erium ci
2026-02-04,2.48,26351485,26351485,1650,15818,1650,15818,Uniwax
2026-02-04,0.04,7955900,7955900,28000,279,28000,279,DATA
2026-02-04,-0.32,10519475,10519475,4680,2240,4680,2240,BOA_BF
2026-02-04,-0.9,3566810,3566810,4950,724,4950,724,DATA
2026-02-04,0.06,8054665,8054665,8235,972,8235,972,DATA
2026-02-04,0.37,18108225,18108225,2700,6855,2700,6855,DATA
2026-02-04,6.38,573780,573780,3750,161,3750,161,Sicor_ci
2026-02-04,0.52,5877025,5877025,19300,305,19300,305,DATA
2026-02-04,2.28,28546390,28546390,8285,3459,8285,3459,DATA
2026-02-04,-0.9,3566810,3566810,4950,724,4950,724,BICB
2026-02-04,2.52,9834185,9834185,1630,6063,1630,6063,DATA
2026-02-04,1.24,5072265,5072265,1220,4197,1220,4197,DATA
2026-02-04,3.36,5351235,5351235,1540,3575,1540,3575,Bernabe
2026-02-04,-1.0,14208910,14208910,6900,2047,6900,2047,BOA_BENIN
2026-02-04,2.52,9834185,9834185,1630,6063,1630,6063,AGL
2026-02-04,0.16,18197260,18197260,6360,2854,6360,2854,DATA
2026-02-04,2.48,26351485,26351485,1650,15818,1650,15818,DATA
2026-02-04,4.97,571984305,571984305,19755,31996,19755,31996,Sitab_ci
2026-02-04,4.35,9441576,9441576,24,393399,24,393399,DATA
2026-02-04,-0.16,12491125,12491125,3030,4102,3030,4102,DATA
2026-02-04,0.95,1948885,1948885,2650,739,2650,739,DATA
2026-02-04,0.0,8040275,8040275,2155,3774,2155,3774,DATA
2026-02-04,0.0,26552015,26552015,17165,1537,17165,1537,DATA
2026-02-04,-3.1,10617870,10617870,1250,8445,1250,8445,NEI-CEDA
2026-02-04,0.0,26552015,26552015,17165,1537,17165,1537,ECOBANK_CI
2026-02-04,1.03,1085925,1085925,3940,278,3940,278,LNBB
2026-02-04,6.67,7081390,7081390,3200,2312,3200,2312,Sicable
2026-02-04,3.36,5351235,5351235,1540,3575,1540,3575,DATA
2026-02-04,1.28,9678930,9678930,4355,2224,4355,2224,BOA_MALI
2026-02-04,1.5,3464070,3464070,2700,1289,2700,1289,Total senegal
2026-02-04,0.67,5316600,5316600,1500,3547,1500,3547,DATA
2026-02-04,0.14,8233710,8233710,10800,762,10800,762,SMBC
2026-02-04,-2.4,4445005,4445005,7515,586,7515,586,Saph
2026-02-04,-2.04,8343375,8343375,12000,681,12000,681,DATA
2026-02-04,0.95,1948885,1948885,2650,739,2650,739,BOA_NIGER
2026-02-04,1.24,5072265,5072265,1220,4197,1220,4197,Sucrivoire
2026-02-05,0.22,3776460,3776460,4500,838,4500,838,Tractafric
2026-02-05,7.47,146915,146915,4030,37,4030,37,DATA
2026-02-05,0.16,30560825,30560825,30500,1002,30500,1002,DATA
2026-02-05,0.63,19483955,19483955,6400,3046,6400,3046,SIBC
2026-02-05,1.09,27911035,27911035,6975,4031,6975,4031,BOA_BENIN
2026-02-05,1.28,6737805,6737805,4740,1418,4740,1418,BOA_BF
2026-02-05,1.42,19204575,19204575,2150,8970,2150,8970,DATA
2026-02-05,3.7,3343615,3343615,17800,190,17800,190,ECOBANK_CI
2026-02-05,-3.25,1357755,1357755,1490,896,1490,896,Bernabe
2026-02-05,0.13,40739080,40739080,19780,2052,19780,2052,Sitab_ci
2026-02-05,0.03,29243110,29243110,14800,1973,14800,1973,Orange ci
2026-02-05,0.78,52642450,52642450,19450,2709,19450,2709,DATA
2026-02-05,4.55,2044045,2044045,1380,1498,1380,1498,Setao
2026-02-05,2.15,3840110,3840110,3095,1250,3095,1250,Servair
2026-02-05,-1.7,11565705,11565705,2605,4430,2605,4430,DATA
2026-02-05,0.1,1288685,1288685,54200,24,54200,24,DATA
2026-02-05,0.13,40739080,40739080,19780,2052,19780,2052,DATA
2026-02-05,0.0,5279150,5279150,2700,1958,2700,1958,Total senegal
2026-02-05,7.31,19760090,19760090,2055,9619,2055,9619,SEMC
2026-02-05,7.39,2224010,2224010,6390,350,6390,350,DATA
2026-02-05,2.78,3557635,3557635,11100,323,11100,323,SMBC
2026-02-05,0.18,11293565,11293565,8300,1362,8300,1362,SOGB
2026-02-05,-2.21,3833970,3833970,2650,1426,2650,1426,Onatel bf
2026-02-05,7.5,3470775,3470775,3440,1016,3440,1016,DATA
2026-02-05,0.0,2609160,2609160,4950,527,4950,527,DATA
2026-02-05,0.0,73977229,73977229,24,3011442,24,3011442,ETIT
2026-02-05,2.41,8145245,8145245,1700,4820,1700,4820,Vivo energy
2026-02-05,0.0,7181770,7181770,2155,3355,2155,3355,Filtisac
2026-02-05,-0.56,4448950,4448950,2685,1655,2685,1655,DATA
2026-02-05,6.8,21138930,21138930,1335,17231,1335,17231,DATA
2026-02-05,1.03,14720760,14720760,8320,1773,8320,1773,Palm ci
2026-02-05,1.99,7294675,7294675,2719,2691,3845,1903,SAFCA
2026-02-05,0.38,8549105,8549105,2650,3171,2650,3171,CIE CI
2026-02-05,-0.56,4448950,4448950,2685,1655,2685,1655,ORAGROUP_TOGO
2026-02-05,0.52,7158615,7158615,5830,1233,5830,1233,DATA
2026-02-05,-1.02,580670,580670,3900,148,3900,148,DATA
2026-02-05,0.14,37186400,37186400,7200,5169,7200,5169,BOA_CI
2026-02-05,0.16,30560825,30560825,30500,1002,30500,1002,SGB CI
2026-02-05,-2.41,12691490,12691490,4250,2982,4250,2982,BOA_MALI
2026-02-05,3.7,3343615,3343615,17800,190,17800,190,DATA
2026-02-05,6.8,21138930,21138930,1335,17231,1335,17231,NEI-CEDA
2026-02-05,-1.02,580670,580670,3900,148,3900,148,LNBB
2026-02-05,2.15,3840110,3840110,3095,1250,3095,1250,DATA
2026-02-05,-3.25,1357755,1357755,1490,896,1490,896,DATA
2026-02-05,7.5,3470775,3470775,3440,1016,3440,1016,Sicable
2026-02-05,0.0,7181770,7181770,2155,3355,2155,3355,DATA
2026-02-05,0.61,10288160,10288160,1640,6272,1640,6272,AGL
2026-02-05,0.0,6180670,6180670,1500,4125,1500,4125,Cfao
2026-02-05,0.0,26217450,26217450,28000,934,28000,934,Solibra
2026-02-05,0.0,6180670,6180670,1500,4125,1500,4125,DATA
2026-02-05,7.27,63814335,63814335,1770,36678,1770,36678,Uniwax
2026-02-05,1.03,14720760,14720760,8320,1773,8320,1773,DATA
2026-02-05,0.0,26217450,26217450,28000,934,28000,934,DATA
2026-02-05,4.55,2044045,2044045,1380,1498,1380,1498,DATA
2026-02-05,0.18,11293565,11293565,8300,1362,8300,1362,DATA
2026-02-05,0.61,10288160,10288160,1640,6272,1640,6272,DATA
2026-02-05,0.0,2609160,2609160,4950,527,4950,527,BICB
2026-02-05,0.0,73977229,73977229,24,3011442,24,3011442,DATA
2026-02-05,0.41,4373885,4373885,1225,3578,1225,3578,DATA
2026-02-05,0.41,4373885,4373885,1225,3578,1225,3578,Sucrivoire
2026-02-05,1.42,19204575,19204575,2150,8970,2150,8970,Erium ci
2026-02-05,7.47,146915,146915,4030,37,4030,37,Sicor_ci
2026-02-05,-1.7,11565705,11565705,2605,4430,2605,4430,BOA_NIGER
2026-02-05,-0.2,19515725,19515725,7500,2596,7500,2596,Saph
2026-02-05,0.43,13009680,13009680,12850,1015,12850,1015,NSIA
2026-02-05,0.19,65687780,65687780,26950,2442,26950,2442,DATA
2026-02-05,0.22,3776460,3776460,4500,838,4500,838,DATA
2026-02-05,-0.21,6973910,6973910,2395,2908,2395,2908,Total ci
2026-02-05,0.04,4564955,4564955,11450,399,11450,399,Nestle
2026-02-05,1.28,6737805,6737805,4740,1418,4740,1418,DATA
2026-02-05,0.43,13009680,13009680,12850,1015,12850,1015,DATA
2026-02-05,1.09,27911035,27911035,6975,4031,6975,4031,DATA
2026-02-05,-0.21,6973910,6973910,2395,2908,2395,2908,DATA
2026-02-05,-2.21,3833970,3833970,2650,1426,2650,1426,DATA
2026-02-05,0.19,65687780,65687780,26950,2442,26950,2442,Sonatel
2026-02-05,0.08,5218330,5218330,12010,424,12010,424,CORIS_BANK
2026-02-05,0.0,5279150,5279150,2700,1958,2700,1958,DATA
2026-02-05,7.27,63814335,63814335,1770,36678,1770,36678,DATA
2026-02-05,0.03,29243110,29243110,14800,1973,14800,1973,DATA
2026-02-05,0.38,8549105,8549105,2650,3171,2650,3171,DATA
2026-02-05,0.52,7158615,7158615,5830,1233,5830,1233,BOA_SN
2026-02-05,0.08,5218330,5218330,12010,424,12010,424,DATA
2026-02-05,-0.2,19515725,19515725,7500,2596,7500,2596,DATA
2026-02-05,2.78,3557635,3557635,11100,323,11100,323,DATA
2026-02-05,7.31,19760090,19760090,2055,9619,2055,9619,DATA
2026-02-05,0.78,52642450,52642450,19450,2709,19450,2709,BICC
2026-02-05,1.99,7294675,7294675,2719,2691,3845,1903,DATA
2026-02-05,0.1,1288685,1288685,54200,24,54200,24,Unilever
2026-02-05,-2.41,12691490,12691490,4250,2982,4250,2982,DATA
2026-02-05,0.63,19483955,19483955,6400,3046,6400,3046,DATA
2026-02-05,2.41,8145245,8145245,1700,4820,1700,4820,DATA
2026-02-05,0.14,37186400,37186400,7200,5169,7200,5169,DATA
2026-02-05,7.39,2224010,2224010,6390,350,6390,350,SODE CI
2026-02-05,0.04,4564955,4564955,11450,399,11450,399,DATA
2026-02-06,7.3,29972700,29972700,2205,13601,2205,13601,DATA
2026-02-06,0.19,54530455,54530455,27000,2023,27000,2023,DATA
2026-02-06,-0.8,30899245,30899245,19295,1596,19295,1596,DATA
2026-02-06,0.0,51302830,51302830,30500,1677,30500,1677,DATA
2026-02-06,0.08,3655285,3655285,12860,284,12860,284,DATA
2026-02-06,-1.69,71748995,71748995,17500,4050,17500,4050,DATA
2026-02-06,0.82,8043345,8043345,1235,6461,1235,6461,Sucrivoire
2026-02-06,0.0,14296555,14296555,2605,5483,2605,5483,BOA_NIGER
2026-02-06,7.34,33803690,33803690,1900,18041,1900,18041,DATA
2026-02-06,1.56,45419185,45419185,8450,5429,8450,5429,DATA
2026-02-06,6.73,25967880,25967880,2300,11273,2300,11273,DATA
2026-02-06,0.82,8043345,8043345,1235,6461,1235,6461,DATA
2026-02-06,6.73,25967880,25967880,2300,11273,2300,11273,Filtisac
2026-02-06,1.11,48805270,48805270,20000,2439,20000,2439,DATA
2026-02-06,-1.69,71748995,71748995,17500,4050,17500,4050,ECOBANK_CI
2026-02-06,7.34,33803690,33803690,1900,18041,1900,18041,Uniwax
2026-02-06,2.92,33926750,33926750,6000,5735,6000,5735,BOA_SN
2026-02-06,0.08,3655285,3655285,12860,284,12860,284,NSIA
2026-02-06,-0.11,8716730,8716730,4495,1899,4495,1899,DATA
2026-02-06,0.0,25139130,25139130,4250,5939,4250,5939,BOA_MALI
2026-02-06,3.02,996310,996310,1535,659,1535,659,Bernabe
2026-02-06,0.16,7565050,7565050,3100,2440,3100,2440,DATA
2026-02-06,6.83,3400060,3400060,3675,960,3675,960,Sicable
2026-02-06,6.0,4046675,4046675,1590,2601,1590,2601,Cfao
2026-02-06,-0.8,30899245,30899245,19295,1596,19295,1596,BICC
2026-02-06,6.0,4046675,4046675,1590,2601,1590,2601,DATA
2026-02-06,-4.34,41089820,41089820,7940,5133,7940,5133,DATA
2026-02-06,-0.74,32070,32070,4000,8,4000,8,Sicor_ci
2026-02-06,0.54,6247745,6247745,12075,517,12075,517,DATA
2026-02-06,3.66,16209915,16209915,1700,9739,1700,9739,DATA
2026-02-06,0.0,2222545,2222545,11450,194,11450,194,DATA
2026-02-06,2.35,11959320,11959320,1740,7020,1740,7020,DATA
2026-02-06,1.48,2986315,2986315,2740,1100,2740,1100,DATA
2026-02-06,-1.9,30143240,30143240,4650,6408,4650,6408,DATA
2026-02-06,-0.74,32070,32070,4000,8,4000,8,DATA
2026-02-06,0.0,17801934,17801934,24,735876,24,735876,ETIT
2026-02-06,-0.9,6616640,6616640,11000,601,11000,601,SMBC
2026-02-06,-6.89,51033925,51033925,5950,8368,5950,8368,SODE CI
2026-02-06,0.15,7820960,7820960,2723,2900,3850,2051,DATA
2026-02-06,3.66,16209915,16209915,1700,9739,1700,9739,AGL
2026-02-06,-2.61,28458235,28458235,2615,10795,2615,10795,DATA
2026-02-06,6.83,3400060,3400060,3675,960,3675,960,DATA
2026-02-06,0.16,7565050,7565050,3100,2440,3100,2440,Servair
2026-02-06,1.48,2986315,2986315,2740,1100,2740,1100,Total senegal
2026-02-06,7.5,1456495,1456495,58265,25,58265,25,DATA
2026-02-06,-6.89,51033925,51033925,5950,8368,5950,8368,DATA
2026-02-06,1.32,12160685,12160685,14995,820,14995,820,Orange ci
2026-02-06,-0.11,8716730,8716730,4495,1899,4495,1899,Tractafric
2026-02-06,0.0,25139130,25139130,4250,5939,4250,5939,DATA
2026-02-06,-7.49,7746475,7746475,1235,5908,1235,5908,DATA
2026-02-06,1.51,41129015,41129015,2690,15471,2690,15471,CIE CI
2026-02-06,7.44,37506545,37506545,2310,16767,2310,16767,DATA
2026-02-06,0.0,2222545,2222545,11450,194,11450,194,Nestle
2026-02-06,0.19,54530455,54530455,27000,2023,27000,2023,Sonatel
2026-02-06,0.54,6247745,6247745,12075,517,12075,517,CORIS_BANK
2026-02-06,1.11,48805270,48805270,20000,2439,20000,2439,Sitab_ci
2026-02-06,1.51,41129015,41129015,2690,15471,2690,15471,DATA
2026-02-06,1.89,27852290,27852290,2700,10528,2700,10528,DATA
2026-02-06,0.69,69011725,69011725,7250,9464,7250,9464,DATA
2026-02-06,0.15,7820960,7820960,2723,2900,3850,2051,SAFCA
2026-02-06,-0.14,44999910,44999910,6965,6470,6965,6470,BOA_BENIN
2026-02-06,-2.61,28458235,28458235,2615,10795,2615,10795,ORAGROUP_TOGO
2026-02-06,1.17,56708480,56708480,6475,8784,6475,8784,SIBC
2026-02-06,-4.34,41089820,41089820,7940,5133,7940,5133,SOGB
2026-02-06,3.05,9039680,9039680,28855,312,28855,312,Solibra
2026-02-06,3.02,996310,996310,1535,659,1535,659,DATA
2026-02-06,1.03,2849235,2849235,3940,729,3940,729,LNBB
2026-02-06,0.0,51302830,51302830,30500,1677,30500,1677,SGB CI
2026-02-06,2.92,33926750,33926750,6000,5735,6000,5735,DATA
2026-02-06,0.69,69011725,69011725,7250,9464,7250,9464,BOA_CI
2026-02-06,0.21,3612785,3612785,2400,1507,2400,1507,Total ci
2026-02-06,-0.14,44999910,44999910,6965,6470,6965,6470,DATA
2026-02-06,1.17,56708480,56708480,6475,8784,6475,8784,DATA
2026-02-06,1.56,45419185,45419185,8450,5429,8450,5429,Palm ci
2026-02-06,7.5,1456495,1456495,58265,25,58265,25,Unilever
2026-02-06,0.0,18573545,18573545,7500,2477,7500,2477,DATA
2026-02-06,-7.49,7746475,7746475,1235,5908,1235,5908,NEI-CEDA
2026-02-06,0.21,3612785,3612785,2400,1507,2400,1507,DATA
2026-02-06,3.05,9039680,9039680,28855,312,28855,312,DATA
2026-02-06,7.3,29972700,29972700,2205,13601,2205,13601,SEMC
2026-02-06,1.32,12160685,12160685,14995,820,14995,820,DATA
2026-02-06,-1.9,30143240,30143240,4650,6408,4650,6408,BOA_BF
2026-02-06,1.89,27852290,27852290,2700,10528,2700,10528,Onatel bf
2026-02-06,-0.2,4291740,4291740,4940,868,4940,868,DATA
2026-02-06,7.25,1906120,1906120,1480,1320,1480,1320,DATA
2026-02-06,0.0,14296555,14296555,2605,5483,2605,5483,DATA
2026-02-06,7.44,37506545,37506545,2310,16767,2310,16767,Erium ci
2026-02-06,0.0,17801934,17801934,24,735876,24,735876,DATA
2026-02-06,0.0,18573545,18573545,7500,2477,7500,2477,Saph
2026-02-06,2.35,11959320,11959320,1740,7020,1740,7020,Vivo energy
2026-02-06,-0.2,4291740,4291740,4940,868,4940,868,BICB
2026-02-06,1.03,2849235,2849235,3940,729,3940,729,DATA
2026-02-06,-0.9,6616640,6616640,11000,601,11000,601,DATA
2026-02-06,7.25,1906120,1906120,1480,1320,1480,1320,Setao
2026-02-09,2.68,44536865,44536865,2685,17208,2685,17208,DATA
2026-02-09,2.57,21971785,21971785,13190,1691,13190,1691,DATA
2026-02-09,-1.3,3233915,3233915,2665,1203,2665,1203,Onatel bf
2026-02-09,6.8,31248925,31248925,2355,13503,2355,13503,SEMC
2026-02-09,0.0,26568040,26568040,6965,3827,6965,3827,DATA
2026-02-09,7.36,43157275,43157275,2480,17410,2480,17410,DATA
2026-02-09,0.0,26210300,26210300,3100,8455,3100,8455,Servair
2026-02-09,5.02,41794605,41794605,6800,6202,6800,6202,SIBC
2026-02-09,2.36,3120070,3120070,19750,159,19750,159,BICC
2026-02-09,7.48,15269495,15269495,6395,2401,6395,2401,DATA
2026-02-09,-0.19,8500275,8500275,2600,3263,2600,3263,DATA
2026-02-09,0.54,47766540,47766540,27145,1763,27145,1763,Sonatel
2026-02-09,2.36,3120070,3120070,19750,159,19750,159,DATA
2026-02-09,0.0,11592320,11592320,4250,2725,4250,2725,BOA_MALI
2026-02-09,0.0,11592320,11592320,4250,2725,4250,2725,DATA
2026-02-09,0.0,52798195,52798195,4650,11369,4650,11369,DATA
2026-02-09,4.21,53032645,53032645,1980,27103,1980,27103,DATA
2026-02-09,1.32,2747035,2747035,11145,248,11145,248,DATA
2026-02-09,7.36,43157275,43157275,2480,17410,2480,17410,Erium ci
2026-02-09,0.44,18629010,18629010,11500,1621,11500,1621,DATA
2026-02-09,4.17,100450312,100450312,25,4018645,25,4018645,DATA
2026-02-09,0.0,52798195,52798195,4650,11369,4650,11369,BOA_BF
2026-02-09,0.0,88000,88000,4000,22,4000,22,Sicor_ci
2026-02-09,7.43,4319080,4319080,1590,2727,1590,2727,DATA
2026-02-09,-0.06,51640340,51640340,7935,6529,7935,6529,DATA
2026-02-09,2.68,44536865,44536865,2685,17208,2685,17208,ORAGROUP_TOGO
2026-02-09,0.0,20726390,20726390,2690,7698,2690,7698,DATA
2026-02-09,0.03,19155675,19155675,28865,663,28865,663,DATA
2026-02-09,0.0,26210300,26210300,3100,8455,3100,8455,DATA
2026-02-09,0.0,23242625,23242625,17500,1328,17500,1328,DATA
2026-02-09,0.54,47766540,47766540,27145,1763,27145,1763,DATA
2026-02-09,4.86,5978605,5978605,1295,4797,1295,4797,Sucrivoire
2026-02-09,2.57,21971785,21971785,13190,1691,13190,1691,NSIA
2026-02-09,4.17,100450312,100450312,25,4018645,25,4018645,ETIT
2026-02-09,7.27,3952650,3952650,62500,64,62500,64,Unilever
2026-02-09,7.48,15269495,15269495,6395,2401,6395,2401,SODE CI
2026-02-09,0.0,37166660,37166660,7250,5127,7250,5127,DATA
2026-02-09,6.8,31248925,31248925,2355,13503,2355,13503,DATA
2026-02-09,1.62,5130950,5130950,1255,3924,1255,3924,NEI-CEDA
2026-02-09,-0.63,9691640,9691640,1580,6110,1580,6110,Cfao
2026-02-09,-1.18,4523450,4523450,1680,2676,1680,2676,AGL
2026-02-09,4.86,5978605,5978605,1295,4797,1295,4797,DATA
2026-02-09,4.23,4582975,4582975,1600,2876,1600,2876,Bernabe
2026-02-09,-0.06,51640340,51640340,7935,6529,7935,6529,SOGB
2026-02-09,-0.63,9691640,9691640,1580,6110,1580,6110,DATA
2026-02-09,3.67,8887230,8887230,3810,2302,3810,2302,Sicable
2026-02-09,7.43,4319080,4319080,1590,2727,1590,2727,Setao
2026-02-09,-1.02,3928470,3928470,3900,1008,3900,1008,LNBB
2026-02-09,0.2,3254965,3254965,4950,654,4950,654,DATA
2026-02-09,0.0,3193890,3193890,4495,710,4495,710,DATA
2026-02-09,1.41,8282150,8282150,12245,678,12245,678,DATA
2026-02-09,0.0,23242625,23242625,17500,1328,17500,1328,ECOBANK_CI
2026-02-09,-0.33,25745475,25745475,5980,4301,5980,4301,BOA_SN
2026-02-09,4.21,53032645,53032645,1980,27103,1980,27103,Uniwax
2026-02-09,-1.3,3233915,3233915,2665,1203,2665,1203,DATA
2026-02-09,0.0,3859560,3859560,2723,1418,3850,1003,DATA
2026-02-09,0.0,62378060,62378060,30500,2047,30500,2047,DATA
2026-02-09,0.44,18629010,18629010,11500,1621,11500,1621,Nestle
2026-02-09,6.74,6608500,6608500,2455,2757,2455,2757,DATA
2026-02-09,3.45,7435795,7435795,1800,4187,1800,4187,Vivo energy
2026-02-09,-1.18,4523450,4523450,1680,2676,1680,2676,DATA
2026-02-09,-0.73,7423815,7423815,2720,2734,2720,2734,DATA
2026-02-09,0.0,88000,88000,4000,22,4000,22,DATA
2026-02-09,0.0,62378060,62378060,30500,2047,30500,2047,SGB CI
2026-02-09,4.23,4582975,4582975,1600,2876,1600,2876,DATA
2026-02-09,5.02,41794605,41794605,6800,6202,6800,6202,DATA
2026-02-09,1.88,8922455,8922455,2445,3701,2445,3701,Total ci
2026-02-09,0.03,19155675,19155675,28865,663,28865,663,Solibra
2026-02-09,2.67,53149830,53149830,7700,6861,7700,6861,DATA
2026-02-09,0.2,3254965,3254965,4950,654,4950,654,BICB
2026-02-09,-1.02,3928470,3928470,3900,1008,3900,1008,DATA
2026-02-09,2.67,53149830,53149830,7700,6861,7700,6861,Saph
2026-02-09,0.7,21426935,21426935,15100,1437,15100,1437,DATA
2026-02-09,0.0,37213705,37213705,20000,1857,20000,1857,DATA
2026-02-09,1.88,8922455,8922455,2445,3701,2445,3701,DATA
2026-02-09,0.65,19391195,19391195,8505,2285,8505,2285,Palm ci
2026-02-09,3.45,7435795,7435795,1800,4187,1800,4187,DATA
2026-02-09,0.0,26568040,26568040,6965,3827,6965,3827,BOA_BENIN
2026-02-09,1.32,2747035,2747035,11145,248,11145,248,SMBC
2026-02-09,-0.33,25745475,25745475,5980,4301,5980,4301,DATA
2026-02-09,0.0,37213705,37213705,20000,1857,20000,1857,Sitab_ci
2026-02-09,1.41,8282150,8282150,12245,678,12245,678,CORIS_BANK
2026-02-09,0.0,37166660,37166660,7250,5127,7250,5127,BOA_CI
2026-02-09,0.0,3859560,3859560,2723,1418,3850,1003,SAFCA
2026-02-09,0.7,21426935,21426935,15100,1437,15100,1437,Orange ci
2026-02-09,1.62,5130950,5130950,1255,3924,1255,3924,DATA
2026-02-09,6.74,6608500,6608500,2455,2757,2455,2757,Filtisac
2026-02-09,3.67,8887230,8887230,3810,2302,3810,2302,DATA
2026-02-09,0.0,20726390,20726390,2690,7698,2690,7698,CIE CI
2026-02-09,0.0,3193890,3193890,4495,710,4495,710,Tractafric
2026-02-09,-0.19,8500275,8500275,2600,3263,2600,3263,BOA_NIGER
2026-02-09,-0.73,7423815,7423815,2720,2734,2720,2734,Total senegal
2026-02-09,0.65,19391195,19391195,8505,2285,8505,2285,DATA
2026-02-09,7.27,3952650,3952650,62500,64,62500,64,DATA
2026-02-10,3.59,98491470,98491470,8220,12394,8220,12394,SOGB
2026-02-10,7.45,41604865,41604865,2885,14458,2885,14458,ORAGROUP_TOGO
2026-02-10,7.43,60873420,60873420,2530,24409,2530,24409,SEMC
2026-02-10,-0.02,167464030,167464030,27140,6192,27140,6192,Sonatel
2026-02-10,1.99,5456245,5456245,1280,4257,1280,4257,NEI-CEDA
2026-02-10,7.46,29995100,29995100,2665,11987,2665,11987,Erium ci
2026-02-10,3.48,9573340,9573340,1635,5991,1635,5991,DATA
2026-02-10,0.0,25178115,25178115,15100,1677,15100,1677,Orange ci
2026-02-10,0.36,117329930,117329930,6990,16903,6990,16903,DATA
2026-02-10,4.72,5170905,5170905,3990,1298,3990,1298,DATA
2026-02-10,0.32,6508790,6508790,3110,2095,3110,2095,DATA
2026-02-10,3.59,98491470,98491470,8220,12394,8220,12394,DATA
2026-02-10,-0.96,7855365,7855365,2575,3026,2575,3026,DATA
2026-02-10,-0.65,8090415,8090415,7650,1056,7650,1056,DATA
2026-02-10,7.23,6998055,6998055,1705,4149,1705,4149,Setao
2026-02-10,7.23,6998055,6998055,1705,4149,1705,4149,DATA
2026-02-10,0.0,12938350,12938350,4950,2611,4950,2611,BICB
2026-02-10,6.25,6931565,6931565,1700,4101,1700,4101,Bernabe
2026-02-10,-0.96,7855365,7855365,2575,3026,2575,3026,BOA_NIGER
2026-02-10,4.72,5170905,5170905,3990,1298,3990,1298,Sicable
2026-02-10,0.0,2552000,2552000,4000,638,4000,638,Sicor_ci
2026-02-10,0.9,4346625,4346625,3935,1117,3935,1117,LNBB
2026-02-10,-2.0,51389895,51389895,12000,4280,12000,4280,DATA
2026-02-10,4.64,110142725,110142725,8900,12591,8900,12591,Palm ci
2026-02-10,0.0,11784620,11784620,2720,4325,2720,4325,Total senegal
2026-02-10,-1.64,28350995,28350995,2405,11777,2405,11777,DATA
2026-02-10,0.0,25178115,25178115,15100,1677,15100,1677,DATA
2026-02-10,7.43,60873420,60873420,2530,24409,2530,24409,DATA
2026-02-10,0.36,117329930,117329930,6990,16903,6990,16903,BOA_BENIN
2026-02-10,0.23,20758135,20758135,6410,3243,6410,3243,DATA
2026-02-10,3.19,24896035,24896035,11500,2171,11500,2171,SMBC
2026-02-10,1.31,10552945,10552945,2700,3910,2700,3910,Onatel bf
2026-02-10,-0.65,8090415,8090415,7650,1056,7650,1056,Saph
2026-02-10,1.02,12413570,12413570,2480,5004,2480,5004,Filtisac
2026-02-10,-1.59,103362355,103362355,5885,17499,5885,17499,DATA
2026-02-10,-1.18,18120695,18120695,4595,3933,4595,3933,DATA
2026-02-10,0.0,2552000,2552000,4000,638,4000,638,DATA
2026-02-10,0.32,6508790,6508790,3110,2095,3110,2095,Servair
2026-02-10,0.0,11784620,11784620,2720,4325,2720,4325,DATA
2026-02-10,5.04,1437685,1437685,65650,22,65650,22,DATA
2026-02-10,3.48,5916875,5916875,11900,511,11900,511,DATA
2026-02-10,0.0,125399529,125399529,25,4966487,25,4966487,DATA
2026-02-10,2.87,210298000,210298000,6995,30670,6995,30670,SIBC
2026-02-10,3.87,25756030,25756030,1745,14970,1745,14970,DATA
2026-02-10,3.87,25756030,25756030,1745,14970,1745,14970,AGL
2026-02-10,3.48,9573340,9573340,1635,5991,1635,5991,Cfao
2026-02-10,0.9,4346625,4346625,3935,1117,3935,1117,DATA
2026-02-10,-2.78,13039070,13039070,1750,7394,1750,7394,DATA
2026-02-10,3.19,24896035,24896035,11500,2171,11500,2171,DATA
2026-02-10,0.0,12938350,12938350,4950,2611,4950,2611,DATA
2026-02-10,0.62,176444690,176444690,7295,24246,7295,24246,DATA
2026-02-10,3.48,5916875,5916875,11900,511,11900,511,Nestle
2026-02-10,0.39,22191095,22191095,1300,17027,1300,17027,Sucrivoire
2026-02-10,0.71,8162425,8162425,19890,411,19890,411,DATA
2026-02-10,0.26,8749265,8749265,2730,3204,3860,2266,DATA
2026-02-10,0.39,22191095,22191095,1300,17027,1300,17027,DATA
2026-02-10,2.87,210298000,210298000,6995,30670,6995,30670,DATA
2026-02-10,0.0,27280870,27280870,2690,10256,2690,10256,DATA
2026-02-10,-0.47,37644275,37644275,4230,8859,4230,8859,DATA
2026-02-10,0.26,8749265,8749265,2730,3204,3860,2266,SAFCA
2026-02-10,6.25,6931565,6931565,1700,4101,1700,4101,DATA
2026-02-10,7.32,91301680,91301680,2125,43605,2125,43605,DATA
2026-02-10,0.71,8162425,8162425,19890,411,19890,411,BICC
2026-02-10,7.45,41604865,41604865,2885,14458,2885,14458,DATA
2026-02-10,0.0,165020500,165020500,30500,5408,30500,5408,DATA
2026-02-10,-1.25,165517525,165517525,19750,8574,19750,8574,Sitab_ci
2026-02-10,7.46,29995100,29995100,2665,11987,2665,11987,DATA
2026-02-10,1.02,12413570,12413570,2480,5004,2480,5004,DATA
2026-02-10,0.0,27280870,27280870,2690,10256,2690,10256,CIE CI
2026-02-10,-2.86,36071170,36071170,17000,2095,17000,2095,DATA
2026-02-10,0.0,165020500,165020500,30500,5408,30500,5408,SGB CI
2026-02-10,-2.0,51389895,51389895,12000,4280,12000,4280,CORIS_BANK
2026-02-10,4.64,110142725,110142725,8900,12591,8900,12591,DATA
2026-02-10,-0.02,167464030,167464030,27140,6192,27140,6192,DATA
2026-02-10,-1.64,28350995,28350995,2405,11777,2405,11777,Total ci
2026-02-10,-0.47,37644275,37644275,4230,8859,4230,8859,BOA_MALI
2026-02-10,-2.78,13039070,13039070,1750,7394,1750,7394,Vivo energy
2026-02-10,0.0,125399529,125399529,25,4966487,25,4966487,ETIT
2026-02-10,-1.18,18120695,18120695,4595,3933,4595,3933,BOA_BF
2026-02-10,1.31,10552945,10552945,2700,3910,2700,3910,DATA
2026-02-10,1.99,5456245,5456245,1280,4257,1280,4257,DATA
2026-02-10,-2.86,36071170,36071170,17000,2095,17000,2095,ECOBANK_CI
2026-02-10,-1.48,47876010,47876010,12995,3669,12995,3669,NSIA
2026-02-10,7.32,91301680,91301680,2125,43605,2125,43605,Uniwax
2026-02-10,4.28,9638430,9638430,30100,324,30100,324,Solibra
2026-02-10,5.04,1437685,1437685,65650,22,65650,22,Unilever
2026-02-10,4.28,9638430,9638430,30100,324,30100,324,DATA
2026-02-10,-1.25,165517525,165517525,19750,8574,19750,8574,DATA
2026-02-10,0.62,176444690,176444690,7295,24246,7295,24246,BOA_CI
2026-02-10,-1.48,47876010,47876010,12995,3669,12995,3669,DATA
2026-02-10,0.0,2994065,2994065,4495,666,4495,666,Tractafric
2026-02-10,0.23,20758135,20758135,6410,3243,6410,3243,SODE CI
2026-02-10,0.0,2994065,2994065,4495,666,4495,666,DATA
2026-02-10,-1.59,103362355,103362355,5885,17499,5885,17499,BOA_SN
2026-02-11,1.83,63176690,63176690,7790,8213,7790,8213,Saph
2026-02-11,3.99,53776900,53776900,3000,18246,3000,18246,DATA
2026-02-11,0.0,2489235,2489235,3935,637,3935,637,DATA
2026-02-11,6.94,30142115,30142115,2850,10556,2850,10556,Erium ci
2026-02-11,2.81,356291705,356291705,7500,49396,7500,49396,BOA_CI
2026-02-11,0.56,43430965,43430965,8950,4855,8950,4855,DATA
2026-02-11,-0.33,29632960,29632960,30000,982,30000,982,Solibra
2026-02-11,4.0,89326982,89326982,26,3437607,26,3437607,DATA
2026-02-11,0.25,16550750,16550750,4000,4142,4000,4142,DATA
2026-02-11,-2.94,4807300,4807300,1650,2866,1650,2866,DATA
2026-02-11,-0.33,29632960,29632960,30000,982,30000,982,DATA
2026-02-11,-0.32,11468930,11468930,3100,3691,3100,3691,Servair
2026-02-11,1.64,16000485,16000485,31000,517,31000,517,SGB CI
2026-02-11,0.1,6000255,6000255,4955,1209,4955,1209,BICB
2026-02-11,0.0,47626275,47626275,12000,4159,12000,4159,CORIS_BANK
2026-02-11,0.0,3557280,3557280,2720,1311,2720,1311,Total senegal
2026-02-11,6.16,71712825,71712825,13795,5354,13795,5354,NSIA
2026-02-11,4.0,89326982,89326982,26,3437607,26,3437607,ETIT
2026-02-11,4.3,10794715,10794715,1335,8118,1335,8118,DATA
2026-02-11,7.29,476749830,476749830,2280,209102,2280,209102,Uniwax
2026-02-11,1.3,47387840,47387840,4285,11036,4285,11036,BOA_MALI
2026-02-11,0.0,8800590,8800590,2700,3438,2700,3438,DATA
2026-02-11,-0.16,8037790,8037790,6400,1255,6400,1255,SODE CI
2026-02-11,2.81,356291705,356291705,7500,49396,7500,49396,DATA
2026-02-11,-2.07,128989625,128989625,6850,19563,6850,19563,DATA
2026-02-11,-0.8,4773890,4773890,11805,402,11805,402,Nestle
2026-02-11,0.62,3198270,3198270,2747,1168,3885,826,DATA
2026-02-11,0.37,21877140,21877140,2700,8144,2700,8144,DATA
2026-02-11,1.3,47387840,47387840,4285,11036,4285,11036,DATA
2026-02-11,0.0,47433695,47433695,19750,2398,19750,2398,Sitab_ci
2026-02-11,0.55,8788205,8788205,20000,440,20000,440,BICC
2026-02-11,6.94,30142115,30142115,2850,10556,2850,10556,DATA
2026-02-11,0.37,21877140,21877140,2700,8144,2700,8144,CIE CI
2026-02-11,0.57,80317010,80317010,27295,2963,27295,2963,Sonatel
2026-02-11,0.62,3198270,3198270,2747,1168,3885,826,SAFCA
2026-02-11,-2.11,4980835,4980835,4400,1123,4400,1123,DATA
2026-02-11,-2.14,8083680,8083680,1600,5006,1600,5006,Cfao
2026-02-11,-2.94,4807300,4807300,1650,2866,1650,2866,Bernabe
2026-02-11,-0.16,8037790,8037790,6400,1255,6400,1255,DATA
2026-02-11,-1.29,23647005,23647005,6900,3420,6900,3420,BOA_BENIN
2026-02-11,3.39,13096315,13096315,11890,1126,11890,1126,SMBC
2026-02-11,-2.72,14838315,14838315,4470,3263,4470,3263,DATA
2026-02-11,0.0,3557280,3557280,2720,1311,2720,1311,DATA
2026-02-11,-0.25,2437890,2437890,3990,611,3990,611,DATA
2026-02-11,-0.8,4773890,4773890,11805,402,11805,402,DATA
2026-02-11,-2.29,23490255,23490255,1705,13569,1705,13569,DATA
2026-02-11,3.99,53776900,53776900,3000,18246,3000,18246,ORAGROUP_TOGO
2026-02-11,7.49,2107280,2107280,70570,30,70570,30,DATA
2026-02-11,-0.25,2437890,2437890,3990,611,3990,611,Sicor_ci
2026-02-11,0.0,47626275,47626275,12000,4159,12000,4159,DATA
2026-02-11,0.66,73889225,73889225,15200,4876,15200,4876,Orange ci
2026-02-11,-2.14,8083680,8083680,1600,5006,1600,5006,DATA
2026-02-11,7.33,21067040,21067040,1830,11519,1830,11519,DATA
2026-02-11,0.25,16550750,16550750,4000,4142,4000,4142,Sicable
2026-02-11,-0.32,11468930,11468930,3100,3691,3100,3691,DATA
2026-02-11,-2.11,4980835,4980835,4400,1123,4400,1123,Tractafric
2026-02-11,0.25,65352260,65352260,5900,11446,5900,11446,BOA_SN
2026-02-11,0.56,43430965,43430965,8950,4855,8950,4855,Palm ci
2026-02-11,0.36,10770355,10770355,8250,1312,8250,1312,DATA
2026-02-11,3.39,13096315,13096315,11890,1126,11890,1126,DATA
2026-02-11,5.0,10004150,10004150,1365,7501,1365,7501,Sucrivoire
2026-02-11,-2.72,14838315,14838315,4470,3263,4470,3263,BOA_BF
2026-02-11,-2.91,90505650,90505650,16505,5424,16505,5424,ECOBANK_CI
2026-02-11,1.83,63176690,63176690,7790,8213,7790,8213,DATA
2026-02-11,0.1,6000255,6000255,4955,1209,4955,1209,DATA
2026-02-11,-7.26,30635995,30635995,2300,13185,2300,13185,DATA
2026-02-11,7.31,25400830,25400830,2715,9360,2715,9360,DATA
2026-02-11,4.3,10794715,10794715,1335,8118,1335,8118,NEI-CEDA
2026-02-11,-2.91,90505650,90505650,16505,5424,16505,5424,DATA
2026-02-11,7.31,25400830,25400830,2715,9360,2715,9360,SEMC
2026-02-11,0.36,10770355,10770355,8250,1312,8250,1312,SOGB
2026-02-11,0.0,8800590,8800590,2700,3438,2700,3438,Onatel bf
2026-02-11,0.66,73889225,73889225,15200,4876,15200,4876,DATA
2026-02-11,0.57,80317010,80317010,27295,2963,27295,2963,DATA
2026-02-11,-7.26,30635995,30635995,2300,13185,2300,13185,Filtisac
2026-02-11,0.57,6246420,6246420,1760,3518,1760,3518,DATA
2026-02-11,1.87,12294200,12294200,2450,5020,2450,5020,DATA
2026-02-11,-1.29,23647005,23647005,6900,3420,6900,3420,DATA
2026-02-11,0.25,65352260,65352260,5900,11446,5900,11446,DATA
2026-02-11,-2.07,128989625,128989625,6850,19563,6850,19563,SIBC
2026-02-11,0.97,2429700,2429700,2600,934,2600,934,BOA_NIGER
2026-02-11,0.97,2429700,2429700,2600,934,2600,934,DATA
2026-02-11,0.57,6246420,6246420,1760,3518,1760,3518,Vivo energy
2026-02-11,0.0,2489235,2489235,3935,637,3935,637,LNBB
2026-02-11,7.33,21067040,21067040,1830,11519,1830,11519,Setao
2026-02-11,0.0,47433695,47433695,19750,2398,19750,2398,DATA
2026-02-11,1.87,12294200,12294200,2450,5020,2450,5020,Total ci
2026-02-11,1.64,16000485,16000485,31000,517,31000,517,DATA
2026-02-11,6.16,71712825,71712825,13795,5354,13795,5354,DATA
2026-02-11,-2.29,23490255,23490255,1705,13569,1705,13569,AGL
2026-02-11,7.29,476749830,476749830,2280,209102,2280,209102,DATA
2026-02-11,7.49,2107280,2107280,70570,30,70570,30,Unilever
2026-02-11,5.0,10004150,10004150,1365,7501,1365,7501,DATA
2026-02-11,0.55,8788205,8788205,20000,440,20000,440,DATA
2026-02-12,-1.74,9289665,9289665,2260,4064,2260,4064,DATA
2026-02-12,0.73,19079365,19079365,1375,13954,1375,13954,Sucrivoire
2026-02-12,-7.37,22629930,22629930,2640,8185,2640,8185,DATA
2026-02-12,1.42,8425370,8425370,2786,3046,3940,2154,SAFCA
2026-02-12,0.55,32301885,32301885,8295,3914,8295,3914,SOGB
2026-02-12,0.35,39770875,39770875,4300,9252,4300,9252,DATA
2026-02-12,0.83,19877460,19877460,12100,1678,12100,1678,DATA
2026-02-12,-0.04,90180895,90180895,27285,3326,27285,3326,DATA
2026-02-12,-3.94,566505,566505,1585,350,1585,350,Bernabe
2026-02-12,0.0,76358845,76358845,31000,2482,31000,2482,SGB CI
2026-02-12,-2.26,7800,7800,3900,2,3900,2,Sicor_ci
2026-02-12,0.73,19079365,19079365,1375,13954,1375,13954,DATA
2026-02-12,0.88,32146070,32146070,1720,18987,1720,18987,DATA
2026-02-12,-1.67,24337200,24337200,2950,8136,2950,8136,ORAGROUP_TOGO
2026-02-12,-0.17,20194870,20194870,5890,3430,5890,3430,DATA
2026-02-12,0.25,79554615,79554615,19800,4028,19800,4028,Sitab_ci
2026-02-12,-1.95,5846845,5846845,11575,499,11575,499,DATA
2026-02-12,1.42,8425370,8425370,2786,3046,3940,2154,DATA
2026-02-12,0.0,70277540,70277540,6850,10320,6850,10320,SIBC
2026-02-12,-2.26,7800,7800,3900,2,3900,2,DATA
2026-02-12,-1.33,21230270,21230270,7400,2837,7400,2837,DATA
2026-02-12,-1.95,5846845,5846845,11575,499,11575,499,Nestle
2026-02-12,-1.92,8559230,8559230,2550,3319,2550,3319,DATA
2026-02-12,0.37,11677195,11677195,2730,4308,2730,4308,DATA
2026-02-12,-2.27,32989875,32989875,1720,19483,1720,19483,DATA
2026-02-12,-0.31,6738740,6738740,1595,4201,1595,4201,DATA
2026-02-12,-0.04,90180895,90180895,27285,3326,27285,3326,Sonatel
2026-02-12,-0.31,6738740,6738740,1595,4201,1595,4201,Cfao
2026-02-12,-2.27,32989875,32989875,1720,19483,1720,19483,Vivo energy
2026-02-12,3.85,36265941,36265941,27,1343183,27,1343183,ETIT
2026-02-12,1.34,15643850,15643850,4530,3477,4530,3477,BOA_BF
2026-02-12,0.0,76358845,76358845,31000,2482,31000,2482,DATA
2026-02-12,1.12,14568875,14568875,13950,1045,13950,1045,NSIA
2026-02-12,-7.46,210486210,210486210,2110,91867,2110,91867,Uniwax
2026-02-12,0.35,39770875,39770875,4300,9252,4300,9252,BOA_MALI
2026-02-12,0.0,70277540,70277540,6850,10320,6850,10320,DATA
2026-02-12,1.79,48097720,48097720,16800,2882,16800,2882,ECOBANK_CI
2026-02-12,-0.66,61665675,61665675,15100,4093,15100,4093,Orange ci
2026-02-12,0.0,6658065,6658065,20000,333,20000,333,BICC
2026-02-12,-0.23,10679010,10679010,4390,2440,4390,2440,DATA
2026-02-12,0.1,9258850,9258850,4960,1864,4960,1864,DATA
2026-02-12,0.55,32301885,32301885,8295,3914,8295,3914,DATA
2026-02-12,-6.83,17489185,17489185,1705,9375,1705,9375,Setao
2026-02-12,-1.92,8559230,8559230,2550,3319,2550,3319,BOA_NIGER
2026-02-12,-0.17,20194870,20194870,5890,3430,5890,3430,BOA_SN
2026-02-12,-1.85,94491020,94491020,2650,35488,2650,35488,CIE CI
2026-02-12,1.12,14568875,14568875,13950,1045,13950,1045,DATA
2026-02-12,-0.65,7962055,7962055,3080,2598,3080,2598,DATA
2026-02-12,-7.46,210486210,210486210,2110,91867,2110,91867,DATA
2026-02-12,-7.37,52785470,52785470,2515,19716,2515,19716,SEMC
2026-02-12,-1.85,94491020,94491020,2650,35488,2650,35488,DATA
2026-02-12,-7.5,9300655,9300655,3700,2382,3700,2382,Sicable
2026-02-12,1.79,48097720,48097720,16800,2882,16800,2882,DATA
2026-02-12,0.83,19877460,19877460,12100,1678,12100,1678,CORIS_BANK
2026-02-12,-6.83,17489185,17489185,1705,9375,1705,9375,DATA
2026-02-12,-1.56,20344145,20344145,6300,3211,6300,3211,SODE CI
2026-02-12,0.37,10150000,10150000,2710,3760,2710,3760,DATA
2026-02-12,1.34,15643850,15643850,4530,3477,4530,3477,DATA
2026-02-12,-1.12,9555785,9555785,1320,7206,1320,7206,DATA
2026-02-12,0.88,32146070,32146070,1720,18987,1720,18987,AGL
2026-02-12,3.85,36265941,36265941,27,1343183,27,1343183,DATA
2026-02-12,2.17,7427290,7427290,30650,245,30650,245,Solibra
2026-02-12,0.0,40257775,40257775,8950,4496,8950,4496,Palm ci
2026-02-12,-3.94,566505,566505,1585,350,1585,350,DATA
2026-02-12,0.1,9258850,9258850,4960,1864,4960,1864,BICB
2026-02-12,-1.56,20344145,20344145,6300,3211,6300,3211,DATA
2026-02-12,-7.5,9300655,9300655,3700,2382,3700,2382,DATA
2026-02-12,-2.44,12132020,12132020,7600,1590,7600,1590,DATA
2026-02-12,-0.66,61665675,61665675,15100,4093,15100,4093,DATA
2026-02-12,2.17,7427290,7427290,30650,245,30650,245,DATA
2026-02-12,-0.65,7962055,7962055,3080,2598,3080,2598,Servair
2026-02-12,-7.37,52785470,52785470,2515,19716,2515,19716,DATA
2026-02-12,-2.44,12132020,12132020,7600,1590,7600,1590,Saph
2026-02-12,0.25,79554615,79554615,19800,4028,19800,4028,DATA
2026-02-12,1.16,8163100,8163100,6980,1173,6980,1173,BOA_BENIN
2026-02-12,1.65,16466200,16466200,4000,4127,4000,4127,LNBB
2026-02-12,-0.08,7399030,7399030,11880,624,11880,624,DATA
2026-02-12,0.37,11677195,11677195,2730,4308,2730,4308,Total senegal
2026-02-12,0.0,11703330,11703330,2450,4805,2450,4805,Total ci
2026-02-12,0.0,6658065,6658065,20000,333,20000,333,DATA
2026-02-12,-1.67,24337200,24337200,2950,8136,2950,8136,DATA
2026-02-12,-0.23,10679010,10679010,4390,2440,4390,2440,Tractafric
2026-02-12,1.65,16466200,16466200,4000,4127,4000,4127,DATA
2026-02-12,-1.12,9555785,9555785,1320,7206,1320,7206,NEI-CEDA
2026-02-12,7.42,4699430,4699430,75805,62,75805,62,DATA
2026-02-12,-1.74,9289665,9289665,2260,4064,2260,4064,Filtisac
2026-02-12,-0.08,7399030,7399030,11880,624,11880,624,SMBC
2026-02-12,0.37,10150000,10150000,2710,3760,2710,3760,Onatel bf
2026-02-12,7.42,4699430,4699430,75805,62,75805,62,Unilever
2026-02-12,1.16,8163100,8163100,6980,1173,6980,1173,DATA
2026-02-12,0.0,11703330,11703330,2450,4805,2450,4805,DATA
2026-02-12,0.0,40257775,40257775,8950,4496,8950,4496,DATA
2026-02-12,-7.37,22629930,22629930,2640,8185,2640,8185,Erium ci
2026-02-12,-1.33,21230270,21230270,7400,2837,7400,2837,BOA_CI
2026-02-13,-4.67,3896015,3896015,4185,925,4185,925,DATA
2026-02-13,0.6,13022330,13022330,16900,774,16900,774,ECOBANK_CI
2026-02-13,-1.16,8621550,8621550,1700,5077,1700,5077,Vivo energy
2026-02-13,0.81,83135590,83135590,5000,16740,5000,16740,DATA
2026-02-13,1.21,4650090,4650090,31020,152,31020,152,Solibra
2026-02-13,-0.32,7932835,7932835,3070,2594,3070,2594,Servair
2026-02-13,-4.67,3896015,3896015,4185,925,4185,925,Tractafric
2026-02-13,1.21,4650090,4650090,31020,152,31020,152,DATA
2026-02-13,1.32,7821250,7821250,7700,1024,7700,1024,DATA
2026-02-13,0.22,14011575,14011575,13980,1004,13980,1004,NSIA
2026-02-13,0.97,13747325,13747325,31300,439,31300,439,DATA
2026-02-13,0.73,74328380,74328380,19945,3742,19945,3742,DATA
2026-02-13,7.41,45844891,45844891,29,1594093,29,1594093,ETIT
2026-02-13,7.49,41926565,41926565,12770,3371,12770,3371,DATA
2026-02-13,-2.5,4309840,4309840,3900,1101,3900,1101,DATA
2026-02-13,4.27,152935635,152935635,2200,74972,2200,74972,Uniwax
2026-02-13,4.0,28750005,28750005,1430,19883,1430,19883,Sucrivoire
2026-02-13,0.44,6189350,6189350,4550,1357,4550,1357,BOA_BF
2026-02-13,-0.03,9659735,9659735,19995,483,19995,483,DATA
2026-02-13,0.0,35421050,35421050,7400,4796,7400,4796,DATA
2026-02-13,-7.43,9037435,9037435,3425,2574,3425,2574,DATA
2026-02-13,1.29,5166060,5166060,2822,1826,3990,1291,DATA
2026-02-13,5.53,10822365,10822365,80000,138,80000,138,Unilever
2026-02-13,0.73,74328380,74328380,19945,3742,19945,3742,Sitab_ci
2026-02-13,1.94,7244530,7244530,11800,620,11800,620,Nestle
2026-02-13,-0.29,46163250,46163250,6830,6754,6830,6754,DATA
2026-02-13,4.0,28750005,28750005,1430,19883,1430,19883,DATA
2026-02-13,0.56,141466185,141466185,9000,15717,9000,15717,DATA
2026-02-13,-7.39,20384035,20384035,2445,8337,2445,8337,DATA
2026-02-13,1.05,22912880,22912880,4345,5324,4345,5324,DATA
2026-02-13,1.59,1439135,1439135,6400,227,6400,227,SODE CI
2026-02-13,-0.63,1745770,1745770,1575,1114,1575,1114,DATA
2026-02-13,1.51,15458410,15458410,2690,5765,2690,5765,DATA
2026-02-13,-0.22,6141940,6141940,2255,2719,2255,2719,Filtisac
2026-02-13,0.22,14011575,14011575,13980,1004,13980,1004,DATA
2026-02-13,-7.39,20384035,20384035,2445,8337,2445,8337,Erium ci
2026-02-13,0.82,9038330,9038330,2470,3677,2470,3677,Total ci
2026-02-13,-1.57,8315760,8315760,1570,5273,1570,5273,Cfao
2026-02-13,1.05,22912880,22912880,4345,5324,4345,5324,BOA_MALI
2026-02-13,-2.5,4309840,4309840,3900,1101,3900,1101,LNBB
2026-02-13,-0.03,9659735,9659735,19995,483,19995,483,BICC
2026-02-13,-2.95,1974940,1974940,2630,732,2630,732,DATA
2026-02-13,0.0,26022195,26022195,15100,1730,15100,1730,Orange ci
2026-02-13,1.51,15458410,15458410,2690,5765,2690,5765,CIE CI
2026-02-13,-1.76,5751450,5751450,1675,3371,1675,3371,Setao
2026-02-13,0.29,16629110,16629110,1725,9667,1725,9667,AGL
2026-02-13,0.97,13747325,13747325,31300,439,31300,439,SGB CI
2026-02-13,2.37,25832505,25832505,3020,8630,3020,8630,DATA
2026-02-13,2.57,250160390,250160390,27985,8995,27985,8995,DATA
2026-02-13,-0.83,16176800,16176800,12000,1344,12000,1344,DATA
2026-02-13,1.59,1439135,1439135,6400,227,6400,227,DATA
2026-02-13,1.29,5166060,5166060,2822,1826,3990,1291,SAFCA
2026-02-13,0.0,26022195,26022195,15100,1730,15100,1730,DATA
2026-02-13,7.44,4208310,4208310,4190,1008,4190,1008,Sicor_ci
2026-02-13,-1.16,8621550,8621550,1700,5077,1700,5077,DATA
2026-02-13,0.56,141466185,141466185,9000,15717,9000,15717,Palm ci
2026-02-13,-0.22,6141940,6141940,2255,2719,2255,2719,DATA
2026-02-13,0.29,16629110,16629110,1725,9667,1725,9667,DATA
2026-02-13,0.06,8843055,8843055,8300,1066,8300,1066,SOGB
2026-02-13,1.1,71963950,71963950,5955,12241,5955,12241,DATA
2026-02-13,1.94,7244530,7244530,11800,620,11800,620,DATA
2026-02-13,-1.15,46032465,46032465,6900,6605,6900,6605,DATA
2026-02-13,7.44,4208310,4208310,4190,1008,4190,1008,DATA
2026-02-13,0.82,9038330,9038330,2470,3677,2470,3677,DATA
2026-02-13,-0.29,46163250,46163250,6830,6754,6830,6754,SIBC
2026-02-13,7.49,41926565,41926565,12770,3371,12770,3371,SMBC
2026-02-13,2.37,25832505,25832505,3020,8630,3020,8630,ORAGROUP_TOGO
2026-02-13,0.73,2965420,2965420,2750,1084,2750,1084,DATA
2026-02-13,5.53,10822365,10822365,80000,138,80000,138,DATA
2026-02-13,-1.96,10464105,10464105,2500,4151,2500,4151,DATA
2026-02-13,-1.96,10464105,10464105,2500,4151,2500,4151,BOA_NIGER
2026-02-13,-1.52,2804995,2804995,1300,2154,1300,2154,DATA
2026-02-13,-1.57,8315760,8315760,1570,5273,1570,5273,DATA
2026-02-13,1.32,7821250,7821250,7700,1024,7700,1024,Saph
2026-02-13,-2.95,1974940,1974940,2630,732,2630,732,Onatel bf
2026-02-13,7.41,45844891,45844891,29,1594093,29,1594093,DATA
2026-02-13,-0.83,16176800,16176800,12000,1344,12000,1344,CORIS_BANK
2026-02-13,-7.43,9037435,9037435,3425,2574,3425,2574,Sicable
2026-02-13,-0.63,1745770,1745770,1575,1114,1575,1114,Bernabe
2026-02-13,0.6,13022330,13022330,16900,774,16900,774,DATA
2026-02-13,-1.76,5751450,5751450,1675,3371,1675,3371,DATA
2026-02-13,0.0,35421050,35421050,7400,4796,7400,4796,BOA_CI
2026-02-13,0.81,83135590,83135590,5000,16740,5000,16740,BICB
2026-02-13,-7.36,25161620,25161620,2330,10792,2330,10792,DATA
2026-02-13,-0.32,7932835,7932835,3070,2594,3070,2594,DATA
2026-02-13,4.27,152935635,152935635,2200,74972,2200,74972,DATA
2026-02-13,-1.52,2804995,2804995,1300,2154,1300,2154,NEI-CEDA
2026-02-13,-7.36,25161620,25161620,2330,10792,2330,10792,SEMC
2026-02-13,-1.15,46032465,46032465,6900,6605,6900,6605,BOA_BENIN
2026-02-13,0.06,8843055,8843055,8300,1066,8300,1066,DATA
2026-02-13,2.57,250160390,250160390,27985,8995,27985,8995,Sonatel
2026-02-13,1.1,71963950,71963950,5955,12241,5955,12241,BOA_SN
2026-02-13,0.44,6189350,6189350,4550,1357,4550,1357,DATA
2026-02-13,0.73,2965420,2965420,2750,1084,2750,1084,Total senegal
2026-02-16,-1.28,13949370,13949370,2786,4961,3940,3508,DATA
2026-02-16,4.54,8729405,8729405,4375,2025,4375,2025,Tractafric
2026-02-16,2.22,12378210,12378210,31995,392,31995,392,DATA
2026-02-16,1.82,134194125,134194125,2240,59498,2240,59498,DATA
2026-02-16,0.37,11790475,11790475,2700,4375,2700,4375,CIE CI
2026-02-16,1.8,4146780,4146780,2545,1626,2545,1626,BOA_NIGER
2026-02-16,-0.39,64946330,64946330,27875,2342,27875,2342,Sonatel
2026-02-16,7.5,33818600,33818600,12900,2626,12900,2626,CORIS_BANK
2026-02-16,7.34,31961770,31961770,1535,21077,1535,21077,DATA
2026-02-16,-0.44,6924780,6924780,2245,3105,2245,3105,DATA
2026-02-16,-7.3,41455500,41455500,2160,19190,2160,19190,DATA
2026-02-16,0.12,14696195,14696195,4350,3390,4350,3390,DATA
2026-02-16,4.35,17979350,17979350,1800,10067,1800,10067,AGL
2026-02-16,-5.33,42283875,42283875,16000,2635,16000,2635,DATA
2026-02-16,-1.56,3939260,3939260,6300,644,6300,644,DATA
2026-02-16,0.0,14337615,14337615,13980,1055,13980,1055,DATA
2026-02-16,0.0,8741835,8741835,2750,3110,2750,3110,Total senegal
2026-02-16,-0.65,12926010,12926010,3050,4238,3050,4238,Servair
2026-02-16,0.28,80924750,80924750,20050,4045,20050,4045,BICC
2026-02-16,0.0,5421470,5421470,1300,4289,1300,4289,DATA
2026-02-16,4.29,61130230,61130230,2550,25804,2550,25804,DATA
2026-02-16,-0.39,64946330,64946330,27875,2342,27875,2342,DATA
2026-02-16,5.29,116750415,116750415,21000,5683,21000,5683,DATA
2026-02-16,6.88,5157620,5157620,85500,61,85500,61,DATA
2026-02-16,-1.28,13949370,13949370,2786,4961,3940,3508,SAFCA
2026-02-16,7.34,31961770,31961770,1535,21077,1535,21077,Sucrivoire
2026-02-16,0.0,10157615,10157615,6900,1473,6900,1473,DATA
2026-02-16,0.0,10654875,10654875,3020,3537,3020,3537,ORAGROUP_TOGO
2026-02-16,0.0,9557675,9557675,4550,2102,4550,2102,DATA
2026-02-16,-0.81,8684250,8684250,2450,3534,2450,3534,DATA
2026-02-16,1.8,4146780,4146780,2545,1626,2545,1626,DATA
2026-02-16,0.0,8741835,8741835,2750,3110,2750,3110,DATA
2026-02-16,0.0,59879445,59879445,6830,8783,6830,8783,SIBC
2026-02-16,0.38,6517050,6517050,11845,559,11845,559,DATA
2026-02-16,0.0,1612775,1612775,4190,385,4190,385,DATA
2026-02-16,0.0,1612775,1612775,4190,385,4190,385,Sicor_ci
2026-02-16,0.76,28225235,28225235,6000,4734,6000,4734,DATA
2026-02-16,1.76,22106860,22106860,1730,13050,1730,13050,DATA
2026-02-16,-0.23,5021300,5021300,12740,395,12740,395,SMBC
2026-02-16,0.0,9557675,9557675,4550,2102,4550,2102,BOA_BF
2026-02-16,2.22,12378210,12378210,31995,392,31995,392,SGB CI
2026-02-16,-0.64,26168135,26168135,1560,16913,1560,16913,DATA
2026-02-16,4.35,17979350,17979350,1800,10067,1800,10067,DATA
2026-02-16,0.0,58813530,58813530,9000,6535,9000,6535,Palm ci
2026-02-16,0.33,49959245,49959245,15150,3293,15150,3293,DATA
2026-02-16,6.9,161630175,161630175,31,5316440,31,5316440,DATA
2026-02-16,6.88,5157620,5157620,85500,61,85500,61,Unilever
2026-02-16,-4.13,2666310,2666310,1510,1761,1510,1761,DATA
2026-02-16,4.29,61130230,61130230,2550,25804,2550,25804,Erium ci
2026-02-16,-0.13,917040,917040,3895,236,3895,236,LNBB
2026-02-16,0.03,7431700,7431700,31030,237,31030,237,Solibra
2026-02-16,-0.81,8684250,8684250,2450,3534,2450,3534,Total ci
2026-02-16,0.0,9457025,9457025,7700,1235,7700,1235,DATA
2026-02-16,0.03,7431700,7431700,31030,237,31030,237,DATA
2026-02-16,-0.23,5021300,5021300,12740,395,12740,395,DATA
2026-02-16,0.0,10525080,10525080,8300,1270,8300,1270,SOGB
2026-02-16,0.0,58813530,58813530,9000,6535,9000,6535,DATA
2026-02-16,-0.13,917040,917040,3895,236,3895,236,DATA
2026-02-16,0.0,5421470,5421470,1300,4289,1300,4289,NEI-CEDA
2026-02-16,2.09,6304785,6304785,2685,2344,2685,2344,Onatel bf
2026-02-16,0.0,10157615,10157615,6900,1473,6900,1473,BOA_BENIN
2026-02-16,0.0,9457025,9457025,7700,1235,7700,1235,Saph
2026-02-16,2.7,82409995,82409995,7600,10989,7600,10989,BOA_CI
2026-02-16,-4.13,2666310,2666310,1510,1761,1510,1761,Bernabe
2026-02-16,0.0,10525080,10525080,8300,1270,8300,1270,DATA
2026-02-16,7.5,33818600,33818600,12900,2626,12900,2626,DATA
2026-02-16,-2.99,3317390,3317390,1625,2085,1625,2085,DATA
2026-02-16,-2.99,3317390,3317390,1625,2085,1625,2085,Setao
2026-02-16,6.9,161630175,161630175,31,5316440,31,5316440,ETIT
2026-02-16,1.76,22106860,22106860,1730,13050,1730,13050,Vivo energy
2026-02-16,1.82,134194125,134194125,2240,59498,2240,59498,Uniwax
2026-02-16,0.0,10654875,10654875,3020,3537,3020,3537,DATA
2026-02-16,-0.44,6924780,6924780,2245,3105,2245,3105,Filtisac
2026-02-16,0.12,14696195,14696195,4350,3390,4350,3390,BOA_MALI
2026-02-16,0.0,14337615,14337615,13980,1055,13980,1055,NSIA
2026-02-16,-0.64,26168135,26168135,1560,16913,1560,16913,Cfao
2026-02-16,-1.56,3939260,3939260,6300,644,6300,644,SODE CI
2026-02-16,0.33,49959245,49959245,15150,3293,15150,3293,Orange ci
2026-02-16,0.38,6517050,6517050,11845,559,11845,559,Nestle
2026-02-16,0.0,59879445,59879445,6830,8783,6830,8783,DATA
2026-02-16,5.29,116750415,116750415,21000,5683,21000,5683,Sitab_ci
2026-02-16,-7.45,5580340,5580340,3170,1760,3170,1760,DATA
2026-02-16,2.7,82409995,82409995,7600,10989,7600,10989,DATA
2026-02-16,0.37,11790475,11790475,2700,4375,2700,4375,DATA
2026-02-16,4.54,8729405,8729405,4375,2025,4375,2025,DATA
2026-02-16,0.28,80924750,80924750,20050,4045,20050,4045,DATA
2026-02-16,2.09,6304785,6304785,2685,2344,2685,2344,DATA
2026-02-16,0.76,28225235,28225235,6000,4734,6000,4734,BOA_SN
2026-02-16,-0.1,7512060,7512060,4995,1505,4995,1505,DATA
2026-02-16,-0.1,7512060,7512060,4995,1505,4995,1505,BICB
2026-02-16,-5.33,42283875,42283875,16000,2635,16000,2635,ECOBANK_CI
2026-02-16,-7.3,41455500,41455500,2160,19190,2160,19190,SEMC
2026-02-16,-7.45,5580340,5580340,3170,1760,3170,1760,Sicable
2026-02-16,-0.65,12926010,12926010,3050,4238,3050,4238,DATA
2026-02-17,-0.3,53936805,53936805,31900,1691,31900,1691,DATA
2026-02-17,0.46,4998800,4998800,11900,419,11900,419,Nestle
2026-02-17,-0.3,53936805,53936805,31900,1691,31900,1691,SGB CI
2026-02-17,0.32,7681660,7681660,1565,4854,1565,4854,DATA
2026-02-17,0.07,61339385,61339385,6835,9019,6835,9019,DATA
2026-02-17,0.33,25813405,25813405,3060,8475,3060,8475,Servair
2026-02-17,-6.36,790370,790370,11930,64,11930,64,DATA
2026-02-17,1.25,29827720,29827720,16200,1836,16200,1836,DATA
2026-02-17,-0.32,16864655,16864655,3160,5491,3160,5491,DATA
2026-02-17,1.23,1233575,1233575,1645,757,1645,757,DATA
2026-02-17,-0.01,3684485,3684485,85495,44,85495,44,Unilever
2026-02-17,1.32,4801330,4801330,3060,1578,3060,1578,ORAGROUP_TOGO
2026-02-17,4.72,27536370,27536370,32495,869,32495,869,Solibra
2026-02-17,0.03,71743220,71743220,15155,4754,15155,4754,Orange ci
2026-02-17,6.45,180893389,180893389,33,5509378,33,5509378,ETIT
2026-02-17,0.0,7470835,7470835,4995,1496,4995,1496,BICB
2026-02-17,-1.55,36451400,36451400,12700,2821,12700,2821,DATA
2026-02-17,2.59,7767795,7767795,2770,2857,2770,2857,DATA
2026-02-17,0.0,7148925,7148925,6000,1192,6000,1192,DATA
2026-02-17,2.0,6466605,6466605,2290,2847,2290,2847,Filtisac
2026-02-17,-1.32,115592625,115592625,7500,15201,7500,15201,BOA_CI
2026-02-17,0.23,8383190,8383190,4360,1930,4360,1930,DATA
2026-02-17,-1.9,19140340,19140340,20600,929,20600,929,DATA
2026-02-17,1.23,1233575,1233575,1645,757,1645,757,Setao
2026-02-17,-0.24,1036770,1036770,4180,248,4180,248,DATA
2026-02-17,1.32,4801330,4801330,3060,1578,3060,1578,DATA
2026-02-17,1.96,16557390,16557390,2595,6505,2595,6505,DATA
2026-02-17,0.56,17090715,17090715,2700,6334,2700,6334,DATA
2026-02-17,1.99,16061885,16061885,8465,1924,8465,1924,SOGB
2026-02-17,7.45,18677450,18677450,2740,7148,2740,7148,DATA
2026-02-17,0.46,4998800,4998800,11900,419,11900,419,DATA
2026-02-17,-0.29,5392620,5392620,1725,3116,1725,3116,Vivo energy
2026-02-17,-0.13,981345,981345,3890,252,3890,252,DATA
2026-02-17,0.18,5367645,5367645,2755,1923,2755,1923,Total senegal
2026-02-17,0.22,6055075,6055075,4560,1327,4560,1327,DATA
2026-02-17,-0.24,1036770,1036770,4180,248,4180,248,Sicor_ci
2026-02-17,1.99,16061885,16061885,8465,1924,8465,1924,DATA
2026-02-17,0.07,61339385,61339385,6835,9019,6835,9019,SIBC
2026-02-17,2.86,5595670,5595670,4500,1253,4500,1253,Tractafric
2026-02-17,2.59,7767795,7767795,2770,2857,2770,2857,CIE CI
2026-02-17,0.33,25813405,25813405,3060,8475,3060,8475,DATA
2026-02-17,-0.01,3684485,3684485,85495,44,85495,44,DATA
2026-02-17,0.0,21590810,21590810,13980,1548,13980,1548,NSIA
2026-02-17,1.96,16557390,16557390,2595,6505,2595,6505,BOA_NIGER
2026-02-17,0.23,8383190,8383190,4360,1930,4360,1930,BOA_MALI
2026-02-17,1.65,9222750,9222750,2832,3257,4005,2303,SAFCA
2026-02-17,1.84,8167085,8167085,2495,3324,2495,3324,Total ci
2026-02-17,-0.29,5392620,5392620,1725,3116,1725,3116,DATA
2026-02-17,-0.66,3251840,3251840,1500,2156,1500,2156,Bernabe
2026-02-17,0.0,359319330,359319330,7700,46654,7700,46654,DATA
2026-02-17,1.84,8167085,8167085,2495,3324,2495,3324,DATA
2026-02-17,2.0,6466605,6466605,2290,2847,2290,2847,DATA
2026-02-17,-0.66,3251840,3251840,1500,2156,1500,2156,DATA
2026-02-17,6.92,10057605,10057605,1390,7611,1390,7611,DATA
2026-02-17,7.41,43938840,43938840,2320,18952,2320,18952,DATA
2026-02-17,-0.14,30387220,30387220,6890,4433,6890,4433,BOA_BENIN
2026-02-17,-6.36,790370,790370,11930,64,11930,64,SMBC
2026-02-17,5.56,34309980,34309980,1900,18198,1900,18198,DATA
2026-02-17,-0.14,30387220,30387220,6890,4433,6890,4433,DATA
2026-02-17,6.92,10057605,10057605,1390,7611,1390,7611,NEI-CEDA
2026-02-17,7.49,17070080,17070080,1650,10588,1650,10588,Sucrivoire
2026-02-17,0.18,5367645,5367645,2755,1923,2755,1923,DATA
2026-02-17,0.0,21590810,21590810,13980,1548,13980,1548,DATA
2026-02-17,-0.06,27386120,27386120,8995,3046,8995,3046,Palm ci
2026-02-17,0.0,7148925,7148925,6000,1192,6000,1192,BOA_SN
2026-02-17,-0.32,16864655,16864655,3160,5491,3160,5491,Sicable
2026-02-17,2.86,5595670,5595670,4500,1253,4500,1253,DATA
2026-02-17,2.68,78202045,78202045,2300,34510,2300,34510,Uniwax
2026-02-17,0.43,191263135,191263135,27995,6841,27995,6841,DATA
2026-02-17,-1.9,19140340,19140340,20600,929,20600,929,Sitab_ci
2026-02-17,7.45,18677450,18677450,2740,7148,2740,7148,Erium ci
2026-02-17,4.72,27536370,27536370,32495,869,32495,869,DATA
2026-02-17,0.25,7027050,7027050,20100,350,20100,350,DATA
2026-02-17,1.65,9222750,9222750,2832,3257,4005,2303,DATA
2026-02-17,-1.55,36451400,36451400,12700,2821,12700,2821,CORIS_BANK
2026-02-17,0.0,359319330,359319330,7700,46654,7700,46654,Saph
2026-02-17,6.45,180893389,180893389,33,5509378,33,5509378,DATA
2026-02-17,-0.16,2436750,2436750,6290,403,6290,403,SODE CI
2026-02-17,2.68,78202045,78202045,2300,34510,2300,34510,DATA
2026-02-17,7.41,43938840,43938840,2320,18952,2320,18952,SEMC
2026-02-17,-0.06,27386120,27386120,8995,3046,8995,3046,DATA
2026-02-17,-0.13,981345,981345,3890,252,3890,252,LNBB
2026-02-17,0.22,6055075,6055075,4560,1327,4560,1327,BOA_BF
2026-02-17,0.32,7681660,7681660,1565,4854,1565,4854,Cfao
2026-02-17,0.0,7470835,7470835,4995,1496,4995,1496,DATA
2026-02-17,0.56,17090715,17090715,2700,6334,2700,6334,Onatel bf
2026-02-17,5.56,34309980,34309980,1900,18198,1900,18198,AGL
2026-02-17,-0.16,2436750,2436750,6290,403,6290,403,DATA
2026-02-17,-1.32,115592625,115592625,7500,15201,7500,15201,DATA
2026-02-17,7.49,17070080,17070080,1650,10588,1650,10588,DATA
2026-02-17,0.03,71743220,71743220,15155,4754,15155,4754,DATA
2026-02-17,1.25,29827720,29827720,16200,1836,16200,1836,ECOBANK_CI
2026-02-17,0.43,191263135,191263135,27995,6841,27995,6841,Sonatel
2026-02-17,0.25,7027050,7027050,20100,350,20100,350,BICC
2026-02-18,4.13,88262390,88262390,2395,37507,2395,37507,Uniwax
2026-02-18,0.16,4268590,4268590,6300,678,6300,678,DATA
2026-02-18,4.94,56061550,56061550,17000,3325,17000,3325,ECOBANK_CI
2026-02-18,0.84,5365565,5365565,12000,449,12000,449,Nestle
2026-02-18,0.19,13126410,13126410,2600,5093,2600,5093,BOA_NIGER
2026-02-18,-1.64,19708755,19708755,2695,7149,2695,7149,Erium ci
2026-02-18,0.38,385666860,385666860,28100,13795,28100,13795,DATA
2026-02-18,4.13,88262390,88262390,2395,37507,2395,37507,DATA
2026-02-18,-0.1,5927580,5927580,4990,1187,4990,1187,BICB
2026-02-18,7.49,22179325,22179325,3044,7346,4305,5195,DATA
2026-02-18,1.08,8509180,8509180,2800,3055,2800,3055,DATA
2026-02-18,2.36,7146705,7146705,13000,557,13000,557,CORIS_BANK
2026-02-18,4.55,30796260,30796260,21015,1469,21015,1469,DATA
2026-02-18,6.66,14176625,14176625,12725,1119,12725,1119,DATA
2026-02-18,1.33,105180125,105180125,7600,14007,7600,14007,BOA_CI
2026-02-18,0.0,17763995,17763995,7700,2310,7700,2310,Saph
2026-02-18,-1.75,24788290,24788290,2250,11439,2250,11439,Filtisac
2026-02-18,3.03,169192871,169192871,34,5056684,34,5056684,DATA
2026-02-18,0.38,385666860,385666860,28100,13795,28100,13795,Sonatel
2026-02-18,4.63,7031170,7031170,34000,209,34000,209,DATA
2026-02-18,1.92,16317675,16317675,1595,10269,1595,10269,Cfao
2026-02-18,3.34,6519630,6519630,1700,3974,1700,3974,Setao
2026-02-18,-0.49,29950510,29950510,3045,9847,3045,9847,ORAGROUP_TOGO
2026-02-18,-4.1,140329325,140329325,6555,20638,6555,20638,SIBC
2026-02-18,7.33,60780900,60780900,2490,24410,2490,24410,SEMC
2026-02-18,0.19,13126410,13126410,2600,5093,2600,5093,DATA
2026-02-18,6.66,14176625,14176625,12725,1119,12725,1119,SMBC
2026-02-18,5.26,62771260,62771260,2000,32688,2000,32688,DATA
2026-02-18,2.36,7146705,7146705,13000,557,13000,557,DATA
2026-02-18,-7.42,2140630,2140630,3870,513,3870,513,DATA
2026-02-18,7.35,28993475,28993475,3285,8968,3285,8968,Servair
2026-02-18,1.89,24189800,24189800,20990,1154,20990,1154,Sitab_ci
2026-02-18,0.0,64814710,64814710,6890,9448,6890,9448,DATA
2026-02-18,0.84,5365565,5365565,12000,449,12000,449,DATA
2026-02-18,-0.1,5927580,5927580,4990,1187,4990,1187,DATA
2026-02-18,0.0,2416360,2416360,4500,538,4500,538,DATA
2026-02-18,-1.21,92729545,92729545,1630,55769,1630,55769,Sucrivoire
2026-02-18,6.3,63061590,63061590,2870,21764,2870,21764,DATA
2026-02-18,-0.49,29950510,29950510,3045,9847,3045,9847,DATA
2026-02-18,0.07,7563750,7563750,13990,544,13990,544,DATA
2026-02-18,0.78,38009400,38009400,32150,1190,32150,1190,SGB CI
2026-02-18,1.63,9781345,9781345,2800,3539,2800,3539,DATA
2026-02-18,2.52,12658610,12658610,1425,8992,1425,8992,NEI-CEDA
2026-02-18,1.92,16317675,16317675,1595,10269,1595,10269,DATA
2026-02-18,-2.37,8518515,8518515,3085,2747,3085,2747,Sicable
2026-02-18,-6.42,4783405,4783405,80005,58,80005,58,Unilever
2026-02-18,0.06,59328885,59328885,9000,6605,9000,6605,Palm ci
2026-02-18,0.42,43883990,43883990,6025,7314,6025,7314,BOA_SN
2026-02-18,0.07,7563750,7563750,13990,544,13990,544,NSIA
2026-02-18,5.26,62771260,62771260,2000,32688,2000,32688,AGL
2026-02-18,1.89,24189800,24189800,20990,1154,20990,1154,DATA
2026-02-18,0.0,4868985,4868985,8465,576,8465,576,DATA
2026-02-18,-4.1,140329325,140329325,6555,20638,6555,20638,DATA
2026-02-18,0.78,38009400,38009400,32150,1190,32150,1190,DATA
2026-02-18,3.34,6519630,6519630,1700,3974,1700,3974,DATA
2026-02-18,4.63,7031170,7031170,34000,209,34000,209,Solibra
2026-02-18,3.03,169192871,169192871,34,5056684,34,5056684,ETIT
2026-02-18,1.08,8509180,8509180,2800,3055,2800,3055,CIE CI
2026-02-18,0.06,59328885,59328885,9000,6605,9000,6605,DATA
2026-02-18,-2.37,8518515,8518515,3085,2747,3085,2747,DATA
2026-02-18,5.0,4205485,4205485,1575,2786,1575,2786,DATA
2026-02-18,1.0,17327990,17327990,2520,6906,2520,6906,DATA
2026-02-18,-1.21,92729545,92729545,1630,55769,1630,55769,DATA
2026-02-18,0.0,64814710,64814710,6890,9448,6890,9448,BOA_BENIN
2026-02-18,0.92,16075540,16075540,4400,3664,4400,3664,DATA
2026-02-18,0.0,8389815,8389815,1725,4874,1725,4874,DATA
2026-02-18,0.92,16075540,16075540,4400,3664,4400,3664,BOA_MALI
2026-02-18,-6.93,163082820,163082820,14105,11103,14105,11103,DATA
2026-02-18,7.49,22179325,22179325,3044,7346,4305,5195,SAFCA
2026-02-18,0.0,17763995,17763995,7700,2310,7700,2310,DATA
2026-02-18,5.0,4205485,4205485,1575,2786,1575,2786,Bernabe
2026-02-18,0.0,2534545,2534545,3890,669,3890,669,LNBB
2026-02-18,-1.75,24788290,24788290,2250,11439,2250,11439,DATA
2026-02-18,1.0,17327990,17327990,2520,6906,2520,6906,Total ci
2026-02-18,-6.93,163082820,163082820,14105,11103,14105,11103,Orange ci
2026-02-18,0.0,4868985,4868985,8465,576,8465,576,SOGB
2026-02-18,6.3,63061590,63061590,2870,21764,2870,21764,Onatel bf
2026-02-18,4.94,56061550,56061550,17000,3325,17000,3325,DATA
2026-02-18,7.35,28993475,28993475,3285,8968,3285,8968,DATA
2026-02-18,0.0,2534545,2534545,3890,669,3890,669,DATA
2026-02-18,0.16,4268590,4268590,6300,678,6300,678,SODE CI
2026-02-18,1.63,9781345,9781345,2800,3539,2800,3539,Total senegal
2026-02-18,3.07,40254005,40254005,4700,8753,4700,8753,DATA
2026-02-18,-6.42,4783405,4783405,80005,58,80005,58,DATA
2026-02-18,0.0,8389815,8389815,1725,4874,1725,4874,Vivo energy
2026-02-18,-7.42,2140630,2140630,3870,513,3870,513,Sicor_ci
2026-02-18,4.55,30796260,30796260,21015,1469,21015,1469,BICC
2026-02-18,-1.64,19708755,19708755,2695,7149,2695,7149,DATA
2026-02-18,3.07,40254005,40254005,4700,8753,4700,8753,BOA_BF
2026-02-18,7.33,60780900,60780900,2490,24410,2490,24410,DATA
2026-02-18,0.0,2416360,2416360,4500,538,4500,538,Tractafric
2026-02-18,0.42,43883990,43883990,6025,7314,6025,7314,DATA
2026-02-18,2.52,12658610,12658610,1425,8992,1425,8992,DATA
2026-02-18,1.33,105180125,105180125,7600,14007,7600,14007,DATA
2026-02-19,6.75,29271105,29271105,2690,11223,2690,11223,Total ci
2026-02-19,0.0,25924235,25924235,4990,5186,4990,5186,DATA
2026-02-19,6.75,29271105,29271105,2690,11223,2690,11223,DATA
2026-02-19,2.03,5560500,5560500,1760,3214,1760,3214,Vivo energy
2026-02-19,7.35,15678955,15678955,1825,8631,1825,8631,Setao
2026-02-19,1.09,20837885,20837885,32500,646,32500,646,DATA
2026-02-19,5.0,39687675,39687675,2100,18791,2100,18791,DATA
2026-02-19,-6.72,1046060,1046060,3610,280,3610,280,DATA
2026-02-19,1.95,44162480,44162480,21400,2091,21400,2091,Sitab_ci
2026-02-19,3.01,60792505,60792505,2565,23302,2565,23302,SEMC
2026-02-19,1.95,44162480,44162480,21400,2091,21400,2091,DATA
2026-02-19,3.51,69336815,69336815,14600,4667,14600,4667,DATA
2026-02-19,-4.41,11643490,11643490,16250,691,16250,691,DATA
2026-02-19,-0.29,32958955,32958955,6870,4791,6870,4791,BOA_BENIN
2026-02-19,2.31,15821655,15821655,21500,738,21500,738,DATA
2026-02-19,-0.13,3363020,3363020,3885,865,3885,865,DATA
2026-02-19,-0.96,33474765,33474765,4655,7164,4655,7164,BOA_BF
2026-02-19,3.01,60792505,60792505,2565,23302,2565,23302,DATA
2026-02-19,0.0,10472195,10472195,2250,4621,2250,4621,Filtisac
2026-02-19,-2.75,22423425,22423425,33065,645,33065,645,Solibra
2026-02-19,0.0,7243535,7243535,2600,2791,2600,2791,BOA_NIGER
2026-02-19,-1.32,83671225,83671225,7500,11121,7500,11121,BOA_CI
2026-02-19,1.3,28598410,28598410,7800,3674,7800,3674,Saph
2026-02-19,-4.41,11643490,11643490,16250,691,16250,691,ECOBANK_CI
2026-02-19,0.32,3045205,3045205,1580,1931,1580,1931,DATA
2026-02-19,0.36,322218435,322218435,28200,11376,28200,11376,DATA
2026-02-19,0.06,55458200,55458200,9005,6161,9005,6161,Palm ci
2026-02-19,1.3,28598410,28598410,7800,3674,7800,3674,DATA
2026-02-19,0.0,25924235,25924235,4990,5186,4990,5186,BICB
2026-02-19,-2.15,56064095,56064095,1595,36168,1595,36168,DATA
2026-02-19,2.68,19257590,19257590,2875,6683,2875,6683,DATA
2026-02-19,6.32,10368210,10368210,1515,7038,1515,7038,NEI-CEDA
2026-02-19,0.0,10472195,10472195,2250,4621,2250,4621,DATA
2026-02-19,-0.07,18285115,18285115,13980,1310,13980,1310,DATA
2026-02-19,0.08,19662865,19662865,6030,3254,6030,3254,DATA
2026-02-19,0.0,19305135,19305135,3045,6323,3045,6323,ORAGROUP_TOGO
2026-02-19,0.7,83102175,83102175,2890,30599,2890,30599,Onatel bf
2026-02-19,6.13,9734870,9734870,13505,728,13505,728,DATA
2026-02-19,-0.08,3544345,3544345,6295,582,6295,582,SODE CI
2026-02-19,7.46,24307190,24307190,3271,7442,4625,5263,DATA
2026-02-19,2.31,15821655,15821655,21500,738,21500,738,BICC
2026-02-19,-2.94,53147411,53147411,33,1581095,33,1581095,DATA
2026-02-19,0.0,24135260,24135260,2695,8945,2695,8945,DATA
2026-02-19,1.6,23422115,23422115,6660,3450,6660,3450,DATA
2026-02-19,6.32,10368210,10368210,1515,7038,1515,7038,DATA
2026-02-19,0.06,55458200,55458200,9005,6161,9005,6161,DATA
2026-02-19,-0.01,10957825,10957825,79995,143,79995,143,DATA
2026-02-19,7.46,18515830,18515830,3530,5246,3530,5246,DATA
2026-02-19,1.14,22179980,22179980,4450,5035,4450,5035,DATA
2026-02-19,2.68,19257590,19257590,2875,6683,2875,6683,Total senegal
2026-02-19,-0.96,33474765,33474765,4655,7164,4655,7164,DATA
2026-02-19,-0.77,9705305,9705305,12900,756,12900,756,CORIS_BANK
2026-02-19,-0.13,3363020,3363020,3885,865,3885,865,LNBB
2026-02-19,0.0,3441895,3441895,4500,764,4500,764,Tractafric
2026-02-19,1.6,23422115,23422115,6660,3450,6660,3450,SIBC
2026-02-19,1.14,22179980,22179980,4450,5035,4450,5035,BOA_MALI
2026-02-19,7.35,15678955,15678955,1825,8631,1825,8631,DATA
2026-02-19,-1.32,83671225,83671225,7500,11121,7500,11121,DATA
2026-02-19,5.0,39687675,39687675,2100,18791,2100,18791,AGL
2026-02-19,7.46,3405305,3405305,3315,1082,3315,1082,DATA
2026-02-19,-1.67,36283250,36283250,2355,15321,2355,15321,DATA
2026-02-19,1.61,21588680,21588680,2845,7563,2845,7563,CIE CI
2026-02-19,7.46,24307190,24307190,3271,7442,4625,5263,SAFCA
2026-02-19,3.51,69336815,69336815,14600,4667,14600,4667,Orange ci
2026-02-19,-0.83,78255385,78255385,8395,9279,8395,9279,SOGB
2026-02-19,0.32,3045205,3045205,1580,1931,1580,1931,Bernabe
2026-02-19,-2.94,53147411,53147411,33,1581095,33,1581095,ETIT
2026-02-19,-0.83,78255385,78255385,8395,9279,8395,9279,DATA
2026-02-19,-2.75,22423425,22423425,33065,645,33065,645,DATA
2026-02-19,2.03,5560500,5560500,1760,3214,1760,3214,DATA
2026-02-19,0.83,6309770,6309770,12100,521,12100,521,Nestle
2026-02-19,0.0,7243535,7243535,2600,2791,2600,2791,DATA
2026-02-19,6.13,9734870,9734870,13505,728,13505,728,SMBC
2026-02-19,7.46,18515830,18515830,3530,5246,3530,5246,Servair
2026-02-19,0.83,6309770,6309770,12100,521,12100,521,DATA
2026-02-19,-0.77,9705305,9705305,12900,756,12900,756,DATA
2026-02-19,-0.29,32958955,32958955,6870,4791,6870,4791,DATA
2026-02-19,-2.15,56064095,56064095,1595,36168,1595,36168,Sucrivoire
2026-02-19,0.0,19305135,19305135,3045,6323,3045,6323,DATA
2026-02-19,0.7,83102175,83102175,2890,30599,2890,30599,DATA
2026-02-19,-0.07,18285115,18285115,13980,1310,13980,1310,NSIA
2026-02-19,7.46,3405305,3405305,3315,1082,3315,1082,Sicable
2026-02-19,0.0,24135260,24135260,2695,8945,2695,8945,Erium ci
2026-02-19,-0.31,36708625,36708625,1590,22828,1590,22828,DATA
2026-02-19,1.09,20837885,20837885,32500,646,32500,646,SGB CI
2026-02-19,-0.31,36708625,36708625,1590,22828,1590,22828,Cfao
2026-02-19,0.36,322218435,322218435,28200,11376,28200,11376,Sonatel
2026-02-19,-0.01,10957825,10957825,79995,143,79995,143,Unilever
2026-02-19,0.08,19662865,19662865,6030,3254,6030,3254,BOA_SN
2026-02-19,0.0,3441895,3441895,4500,764,4500,764,DATA
2026-02-19,-6.72,1046060,1046060,3610,280,3610,280,Sicor_ci
2026-02-19,-1.67,36283250,36283250,2355,15321,2355,15321,Uniwax
2026-02-19,-0.08,3544345,3544345,6295,582,6295,582,DATA
2026-02-19,1.61,21588680,21588680,2845,7563,2845,7563,DATA
2026-02-20,2.52,6880050,6880050,1630,4163,1630,4163,Cfao
2026-02-20,0.0,22943255,22943255,1760,13025,1760,13025,DATA
2026-02-20,1.16,10465190,10465190,6100,1723,6100,1723,DATA
2026-02-20,2.77,107676670,107676670,15005,7136,15005,7136,DATA
2026-02-20,2.77,107676670,107676670,15005,7136,15005,7136,Orange ci
2026-02-20,4.83,22990575,22990575,2820,8046,2820,8046,DATA
2026-02-20,3.45,34051715,34051715,3150,11033,3150,11033,DATA
2026-02-20,-0.51,9463645,9463645,3865,2439,3865,2439,LNBB
2026-02-20,3.34,17139300,17139300,2940,5829,2940,5829,DATA
2026-02-20,0.3,31335205,31335205,5005,6267,5005,6267,DATA
2026-02-20,4.0,29394205,29394205,16900,1758,16900,1758,ECOBANK_CI
2026-02-20,3.22,5897670,5897670,12490,482,12490,482,DATA
2026-02-20,0.0,15919675,15919675,9005,1769,9005,1769,DATA
2026-02-20,-2.55,48252775,48252775,2295,20878,2295,20878,DATA
2026-02-20,-0.48,49950555,49950555,2090,23750,2090,23750,DATA
2026-02-20,7.49,7712180,7712180,35540,217,35540,217,Solibra
2026-02-20,-1.58,3250385,3250385,1555,2097,1555,2097,Bernabe
2026-02-20,0.0,59578980,59578980,7800,7495,7800,7495,Saph
2026-02-20,0.0,15919675,15919675,9005,1769,9005,1769,Palm ci
2026-02-20,-2.55,48252775,48252775,2295,20878,2295,20878,Uniwax
2026-02-20,3.33,1470725,1470725,4650,321,4650,321,DATA
2026-02-20,1.91,6040990,6040990,2930,2020,2930,2020,DATA
2026-02-20,1.16,10465190,10465190,6100,1723,6100,1723,BOA_SN
2026-02-20,4.0,448337005,448337005,7800,60450,7800,60450,BOA_CI
2026-02-20,2.52,6880050,6880050,1630,4163,1630,4163,DATA
2026-02-20,7.39,6172465,6172465,3560,1763,3560,1763,Sicable
2026-02-20,-3.11,46944240,46944240,2800,15943,2800,15943,DATA
2026-02-20,0.0,49157830,49157830,21400,2297,21400,2297,Sitab_ci
2026-02-20,0.78,31755445,31755445,13000,2386,13000,2386,DATA
2026-02-20,3.67,54431355,54431355,14000,3936,14000,3936,SMBC
2026-02-20,0.69,18125,18125,3635,5,3635,5,DATA
2026-02-20,2.45,15548185,15548185,33295,472,33295,472,SGB CI
2026-02-20,-0.48,49950555,49950555,2090,23750,2090,23750,AGL
2026-02-20,3.22,5897670,5897670,12490,482,12490,482,Nestle
2026-02-20,7.46,6396390,6396390,3515,1820,4970,1287,DATA
2026-02-20,4.83,22990575,22990575,2820,8046,2820,8046,Total ci
2026-02-20,-1.13,16312315,16312315,8300,1945,8300,1945,SOGB
2026-02-20,7.46,6396390,6396390,3515,1820,4970,1287,SAFCA
2026-02-20,3.34,17139300,17139300,2940,5829,2940,5829,CIE CI
2026-02-20,0.0,59578980,59578980,7800,7495,7800,7495,DATA
2026-02-20,7.39,6172465,6172465,3560,1763,3560,1763,DATA
2026-02-20,0.78,31755445,31755445,13000,2386,13000,2386,CORIS_BANK
2026-02-20,-1.58,3250385,3250385,1555,2097,1555,2097,DATA
2026-02-20,-0.51,9463645,9463645,3865,2439,3865,2439,DATA
2026-02-20,1.91,6040990,6040990,2930,2020,2930,2020,Total senegal
2026-02-20,-0.29,20693685,20693685,6850,3032,6850,3032,BOA_BENIN
2026-02-20,-6.86,872485,872485,74505,11,74505,11,DATA
2026-02-20,-0.33,16937225,16937225,1510,10839,1510,10839,DATA
2026-02-20,2.1,100301020,100301020,6800,14763,6800,14763,DATA
2026-02-20,3.33,1470725,1470725,4650,321,4650,321,Tractafric
2026-02-20,7.37,33768370,33768370,3790,8915,3790,8915,Servair
2026-02-20,-3.11,46944240,46944240,2800,15943,2800,15943,Onatel bf
2026-02-20,7.4,13420120,13420120,1960,6847,1960,6847,Setao
2026-02-20,0.0,49157830,49157830,21400,2297,21400,2297,DATA
2026-02-20,3.03,88944709,88944709,34,2662254,34,2662254,ETIT
2026-02-20,6.95,53398045,53398045,22995,2314,22995,2314,BICC
2026-02-20,4.0,29394205,29394205,16900,1758,16900,1758,DATA
2026-02-20,-6.86,872485,872485,74505,11,74505,11,Unilever
2026-02-20,-0.11,9418425,9418425,4650,2023,4650,2023,BOA_BF
2026-02-20,-2.51,15575860,15575860,1555,9931,1555,9931,DATA
2026-02-20,3.53,22563850,22563850,2790,8253,2790,8253,Erium ci
2026-02-20,3.53,22563850,22563850,2790,8253,2790,8253,DATA
2026-02-20,-2.51,15575860,15575860,1555,9931,1555,9931,Sucrivoire
2026-02-20,2.84,208528400,208528400,29000,7282,29000,7282,DATA
2026-02-20,2.46,29422920,29422920,6450,4723,6450,4723,SODE CI
2026-02-20,0.0,22943255,22943255,1760,13025,1760,13025,Vivo energy
2026-02-20,2.45,15548185,15548185,33295,472,33295,472,DATA
2026-02-20,2.1,100301020,100301020,6800,14763,6800,14763,SIBC
2026-02-20,7.37,33768370,33768370,3790,8915,3790,8915,DATA
2026-02-20,3.31,29981710,29981710,2650,11230,2650,11230,DATA
2026-02-20,-1.11,12762585,12762585,2225,5650,2225,5650,DATA
2026-02-20,7.4,13420120,13420120,1960,6847,1960,6847,DATA
2026-02-20,-0.29,20693685,20693685,6850,3032,6850,3032,DATA
2026-02-20,-0.11,9418425,9418425,4650,2023,4650,2023,DATA
2026-02-20,-1.13,16312315,16312315,8300,1945,8300,1945,DATA
2026-02-20,6.95,53398045,53398045,22995,2314,22995,2314,DATA
2026-02-20,0.14,79293235,79293235,14000,5666,14000,5666,NSIA
2026-02-20,0.3,31335205,31335205,5005,6267,5005,6267,BICB
2026-02-20,3.67,54431355,54431355,14000,3936,14000,3936,DATA
2026-02-20,7.49,7712180,7712180,35540,217,35540,217,DATA
2026-02-20,2.46,29422920,29422920,6450,4723,6450,4723,DATA
2026-02-20,3.03,88944709,88944709,34,2662254,34,2662254,DATA
2026-02-20,-1.11,12762585,12762585,2225,5650,2225,5650,Filtisac
2026-02-20,0.14,79293235,79293235,14000,5666,14000,5666,DATA
2026-02-20,2.84,208528400,208528400,29000,7282,29000,7282,Sonatel
2026-02-20,3.31,29981710,29981710,2650,11230,2650,11230,SEMC
2026-02-20,0.22,21877090,21877090,4460,4889,4460,4889,DATA
2026-02-20,0.69,18125,18125,3635,5,3635,5,Sicor_ci
2026-02-20,-0.77,9527830,9527830,2580,3687,2580,3687,DATA
2026-02-20,-0.77,9527830,9527830,2580,3687,2580,3687,BOA_NIGER
2026-02-20,0.22,21877090,21877090,4460,4889,4460,4889,BOA_MALI
2026-02-20,4.0,448337005,448337005,7800,60450,7800,60450,DATA
2026-02-20,3.45,34051715,34051715,3150,11033,3150,11033,ORAGROUP_TOGO
2026-02-20,-0.33,16937225,16937225,1510,10839,1510,10839,NEI-CEDA
2026-02-23,0.54,2220760,2220760,74910,29,74910,29,Unilever
2026-02-23,3.28,59227755,59227755,6300,9509,6300,9509,BOA_SN
2026-02-23,-0.22,5234450,5234450,4640,1181,4640,1181,DATA
2026-02-23,7.43,210805,210805,3905,54,3905,54,Sicor_ci
2026-02-23,-1.59,42295080,42295080,3100,13527,3100,13527,ORAGROUP_TOGO
2026-02-23,0.0,19443170,19443170,14000,1389,14000,1389,SMBC
2026-02-23,2.76,26333120,26333120,1675,16133,1675,16133,DATA
2026-02-23,-2.73,15486540,15486540,2850,5400,2850,5400,DATA
2026-02-23,-1.99,6544355,6544355,1480,4500,1480,4500,NEI-CEDA
2026-02-23,0.69,352128235,352128235,29200,12142,29200,12142,DATA
2026-02-23,6.82,39695260,39695260,1880,22896,1880,22896,Vivo energy
2026-02-23,7.43,210805,210805,3905,54,3905,54,DATA
2026-02-23,-7.36,51021855,51021855,2455,20096,2455,20096,SEMC
2026-02-23,6.7,44257935,44257935,2230,20625,2230,20625,DATA
2026-02-23,1.36,12551820,12551820,2615,4876,2615,4876,DATA
2026-02-23,0.0,23280930,23280930,6850,3400,6850,3400,DATA
2026-02-23,-0.77,14793790,14793790,12900,1107,12900,1107,DATA
2026-02-23,-4.5,31807940,31807940,1485,21190,1485,21190,Sucrivoire
2026-02-23,-1.69,9246815,9246815,3500,2632,3500,2632,Sicable
2026-02-23,0.0,28499865,28499865,6800,4194,6800,4194,SIBC
2026-02-23,2.1,116967460,116967460,33995,3494,33995,3494,SGB CI
2026-02-23,0.0,28499865,28499865,6800,4194,6800,4194,DATA
2026-02-23,0.44,74792045,74792045,21495,3496,21495,3496,Sitab_ci
2026-02-23,2.18,60838165,60838165,2345,26366,2345,26366,Uniwax
2026-02-23,0.54,2220760,2220760,74910,29,74910,29,DATA
2026-02-23,-2.73,15486540,15486540,2850,5400,2850,5400,Total senegal
2026-02-23,-5.88,53148821,53148821,32,1623156,32,1623156,ETIT
2026-02-23,1.3,40576655,40576655,15200,2655,15200,2655,Orange ci
2026-02-23,2.18,60838165,60838165,2345,26366,2345,26366,DATA
2026-02-23,0.26,127838720,127838720,7820,16492,7820,16492,DATA
2026-02-23,0.34,77025715,77025715,4475,17262,4475,17262,BOA_MALI
2026-02-23,0.26,5248310,5248310,3875,1358,3875,1358,LNBB
2026-02-23,-3.57,56110115,56110115,2700,20622,2700,20622,Onatel bf
2026-02-23,6.82,39695260,39695260,1880,22896,1880,22896,DATA
2026-02-23,0.34,77025715,77025715,4475,17262,4475,17262,DATA
2026-02-23,0.69,352128235,352128235,29200,12142,29200,12142,Sonatel
2026-02-23,-6.9,29784635,29784635,6005,4611,6005,4611,DATA
2026-02-23,2.76,26333120,26333120,1675,16133,1675,16133,Cfao
2026-02-23,0.0,41292325,41292325,9005,4587,9005,4587,DATA
2026-02-23,3.96,40736070,40736070,12985,3242,12985,3242,DATA
2026-02-23,5.68,31511235,31511235,14795,2178,14795,2178,NSIA
2026-02-23,-1.59,42295080,42295080,3100,13527,3100,13527,DATA
2026-02-23,0.34,23883485,23883485,2950,8102,2950,8102,DATA
2026-02-23,4.37,21907645,21907645,24000,938,24000,938,BICC
2026-02-23,6.7,44257935,44257935,2230,20625,2230,20625,AGL
2026-02-23,1.29,4116540,4116540,1575,2614,1575,2614,Bernabe
2026-02-23,0.0,19443170,19443170,14000,1389,14000,1389,DATA
2026-02-23,0.0,23863370,23863370,35540,664,35540,664,DATA
2026-02-23,-0.77,14793790,14793790,12900,1107,12900,1107,CORIS_BANK
2026-02-23,7.34,27706530,27706530,3773,7366,5335,5209,DATA
2026-02-23,-5.88,53148821,53148821,32,1623156,32,1623156,DATA
2026-02-23,-1.99,6544355,6544355,1480,4500,1480,4500,DATA
2026-02-23,-3.69,16382155,16382155,3650,4413,3650,4413,DATA
2026-02-23,-0.54,13726565,13726565,4625,2967,4625,2967,DATA
2026-02-23,2.41,59175795,59175795,8500,7022,8500,7022,DATA
2026-02-23,-0.22,5234450,5234450,4640,1181,4640,1181,Tractafric
2026-02-23,1.53,19083325,19083325,1990,9629,1990,9629,DATA
2026-02-23,-1.69,9246815,9246815,3500,2632,3500,2632,DATA
2026-02-23,-6.9,29784635,29784635,6005,4611,6005,4611,SODE CI
2026-02-23,0.34,23883485,23883485,2950,8102,2950,8102,CIE CI
2026-02-23,2.41,59175795,59175795,8500,7022,8500,7022,SOGB
2026-02-23,7.34,27706530,27706530,3773,7366,5335,5209,SAFCA
2026-02-23,2.15,52249820,52249820,2850,18542,2850,18542,DATA
2026-02-23,2.15,52249820,52249820,2850,18542,2850,18542,Erium ci
2026-02-23,-3.57,56110115,56110115,2700,20622,2700,20622,DATA
2026-02-23,3.28,59227755,59227755,6300,9509,6300,9509,DATA
2026-02-23,-1.18,18035345,18035345,16700,1078,16700,1078,DATA
2026-02-23,-3.69,16382155,16382155,3650,4413,3650,4413,Servair
2026-02-23,2.7,5132035,5132035,2285,2266,2285,2266,Filtisac
2026-02-23,0.0,23280930,23280930,6850,3400,6850,3400,BOA_BENIN
2026-02-23,-7.36,51021855,51021855,2455,20096,2455,20096,DATA
2026-02-23,-0.54,13726565,13726565,4625,2967,4625,2967,BOA_BF
2026-02-23,-4.5,31807940,31807940,1485,21190,1485,21190,DATA
2026-02-23,0.26,5248310,5248310,3875,1358,3875,1358,DATA
2026-02-23,4.37,21907645,21907645,24000,938,24000,938,DATA
2026-02-23,1.36,12551820,12551820,2615,4876,2615,4876,BOA_NIGER
2026-02-23,1.9,35078870,35078870,5100,6668,5100,6668,DATA
2026-02-23,2.44,95544090,95544090,7990,12043,7990,12043,Saph
2026-02-23,0.0,41292325,41292325,9005,4587,9005,4587,Palm ci
2026-02-23,2.44,95544090,95544090,7990,12043,7990,12043,DATA
2026-02-23,2.7,5132035,5132035,2285,2266,2285,2266,DATA
2026-02-23,0.44,74792045,74792045,21495,3496,21495,3496,DATA
2026-02-23,1.29,4116540,4116540,1575,2614,1575,2614,DATA
2026-02-23,-1.18,18035345,18035345,16700,1078,16700,1078,ECOBANK_CI
2026-02-23,2.1,116967460,116967460,33995,3494,33995,3494,DATA
2026-02-23,1.3,40576655,40576655,15200,2655,15200,2655,DATA
2026-02-23,-3.37,14965900,14965900,2725,5462,2725,5462,Total ci
2026-02-23,0.26,127838720,127838720,7820,16492,7820,16492,BOA_CI
2026-02-23,1.53,19083325,19083325,1990,9629,1990,9629,Setao
2026-02-23,0.0,23863370,23863370,35540,664,35540,664,Solibra
2026-02-23,3.96,40736070,40736070,12985,3242,12985,3242,Nestle
2026-02-23,5.68,31511235,31511235,14795,2178,14795,2178,DATA
2026-02-23,-3.37,14965900,14965900,2725,5462,2725,5462,DATA
2026-02-23,1.9,35078870,35078870,5100,6668,5100,6668,BICB
2026-02-24,3.51,11146300,11146300,2950,3830,2950,3830,Erium ci
2026-02-24,1.44,21319425,21319425,34485,623,34485,623,DATA
2026-02-24,0.0,28291835,28291835,6300,4551,6300,4551,DATA
2026-02-24,-4.29,215591850,215591850,13400,15799,13400,15799,DATA
2026-02-24,-0.12,32219140,32219140,8490,3795,8490,3795,SOGB
2026-02-24,2.35,30743465,30743465,2400,12989,2400,12989,DATA
2026-02-24,1.61,41117650,41117650,3150,13248,3150,13248,ORAGROUP_TOGO
2026-02-24,0.0,23997690,23997690,1880,13191,1880,13191,DATA
2026-02-24,0.0,19727050,19727050,16700,1182,16700,1182,ECOBANK_CI
2026-02-24,-0.15,7541435,7541435,74800,102,74800,102,Unilever
2026-02-24,1.97,13687705,13687705,15500,896,15500,896,Orange ci
2026-02-24,0.06,121945565,121945565,7825,15585,7825,15585,DATA
2026-02-24,7.43,750905,750905,4195,179,4195,179,Sicor_ci
2026-02-24,-2.8,2002660,2002660,4510,432,4510,432,DATA
2026-02-24,0.32,4758185,4758185,1580,3031,1580,3031,DATA
2026-02-24,0.0,63172117,63172117,32,1965223,32,1965223,ETIT
2026-02-24,2.35,30743465,30743465,2400,12989,2400,12989,Uniwax
2026-02-24,3.14,41818675,41818675,2300,18151,2300,18151,AGL
2026-02-24,0.0,7519000,7519000,2850,2668,2850,2668,Total senegal
2026-02-24,0.0,63172117,63172117,32,1965223,32,1965223,DATA
2026-02-24,0.23,33230520,33230520,12930,2459,12930,2459,CORIS_BANK
2026-02-24,0.29,3918710,3918710,3510,1120,3510,1120,DATA
2026-02-24,6.66,3123910,3123910,6405,488,6405,488,SODE CI
2026-02-24,-0.34,15930540,15930540,2940,5519,2940,5519,CIE CI
2026-02-24,0.5,9166125,9166125,2000,4609,2000,4609,DATA
2026-02-24,-0.73,8449345,8449345,2705,3111,2705,3111,Total ci
2026-02-24,-2.8,2002660,2002660,4510,432,4510,432,Tractafric
2026-02-24,-0.12,32219140,32219140,8490,3795,8490,3795,DATA
2026-02-24,-0.21,20145475,20145475,21450,938,21450,938,DATA
2026-02-24,0.76,7023595,7023595,4660,1513,4660,1513,DATA
2026-02-24,0.0,32041600,32041600,6800,4713,6800,4713,SIBC
2026-02-24,-0.66,6839415,6839415,2270,2999,2270,2999,DATA
2026-02-24,-3.56,20569595,20569595,3520,5827,3520,5827,DATA
2026-02-24,-0.73,8449345,8449345,2705,3111,2705,3111,DATA
2026-02-24,1.56,57117850,57117850,8115,7108,8115,7108,DATA
2026-02-24,-0.15,7541435,7541435,74800,102,74800,102,DATA
2026-02-24,-0.85,55365080,55365080,3741,14486,5290,10244,SAFCA
2026-02-24,3.51,11146300,11146300,2950,3830,2950,3830,DATA
2026-02-24,2.36,4749605,4749605,1520,3175,1520,3175,DATA
2026-02-24,0.34,13692490,13692490,1485,9232,1485,9232,DATA
2026-02-24,0.32,4758185,4758185,1580,3031,1580,3031,Bernabe
2026-02-24,0.58,6135895,6135895,6890,896,6890,896,BOA_BENIN
2026-02-24,-0.85,55365080,55365080,3741,14486,5290,10244,DATA
2026-02-24,0.0,86792655,86792655,24000,3503,24000,3503,BICC
2026-02-24,0.0,7524580,7524580,35540,206,35540,206,DATA
2026-02-24,0.76,7023595,7023595,4660,1513,4660,1513,BOA_BF
2026-02-24,-0.06,12496455,12496455,9000,1394,9000,1394,Palm ci
2026-02-24,1.83,45764555,45764555,2500,18242,2500,18242,DATA
2026-02-24,1.97,13687705,13687705,15500,896,15500,896,DATA
2026-02-24,0.0,28291835,28291835,6300,4551,6300,4551,BOA_SN
2026-02-24,1.19,21354725,21354725,1695,12862,1695,12862,Cfao
2026-02-24,6.66,3123910,3123910,6405,488,6405,488,DATA
2026-02-24,-4.29,215591850,215591850,13400,15799,13400,15799,SMBC
2026-02-24,0.0,19727050,19727050,16700,1182,16700,1182,DATA
2026-02-24,0.23,33230520,33230520,12930,2459,12930,2459,DATA
2026-02-24,-0.06,12496455,12496455,9000,1394,9000,1394,DATA
2026-02-24,0.0,86792655,86792655,24000,3503,24000,3503,DATA
2026-02-24,2.87,7765490,7765490,2690,2888,2690,2888,DATA
2026-02-24,0.58,6135895,6135895,6890,896,6890,896,DATA
2026-02-24,3.14,41818675,41818675,2300,18151,2300,18151,DATA
2026-02-24,2.87,7765490,7765490,2690,2888,2690,2888,BOA_NIGER
2026-02-24,-2.96,6129860,6129860,12600,475,12600,475,DATA
2026-02-24,0.2,1887325,1887325,5110,367,5110,367,BICB
2026-02-24,7.43,750905,750905,4195,179,4195,179,DATA
2026-02-24,1.83,45764555,45764555,2500,18242,2500,18242,SEMC
2026-02-24,0.5,9166125,9166125,2000,4609,2000,4609,Setao
2026-02-24,0.0,13128070,13128070,14795,890,14795,890,NSIA
2026-02-24,0.0,23997690,23997690,1880,13191,1880,13191,Vivo energy
2026-02-24,1.61,41117650,41117650,3150,13248,3150,13248,DATA
2026-02-24,-1.37,92474200,92474200,28800,3206,28800,3206,DATA
2026-02-24,-2.96,6129860,6129860,12600,475,12600,475,Nestle
2026-02-24,0.0,7519000,7519000,2850,2668,2850,2668,DATA
2026-02-24,0.34,13692490,13692490,1485,9232,1485,9232,NEI-CEDA
2026-02-24,0.06,121945565,121945565,7825,15585,7825,15585,BOA_CI
2026-02-24,3.7,10762695,10762695,2800,3969,2800,3969,Onatel bf
2026-02-24,3.7,10762695,10762695,2800,3969,2800,3969,DATA
2026-02-24,1.56,57117850,57117850,8115,7108,8115,7108,Saph
2026-02-24,2.36,4749605,4749605,1520,3175,1520,3175,Sucrivoire
2026-02-24,0.2,1887325,1887325,5110,367,5110,367,DATA
2026-02-24,0.29,3918710,3918710,3510,1120,3510,1120,Sicable
2026-02-24,-0.11,16975260,16975260,4470,3799,4470,3799,BOA_MALI
2026-02-24,-1.68,2678385,2678385,3810,696,3810,696,LNBB
2026-02-24,-0.21,20145475,20145475,21450,938,21450,938,Sitab_ci
2026-02-24,0.0,7524580,7524580,35540,206,35540,206,Solibra
2026-02-24,1.19,21354725,21354725,1695,12862,1695,12862,DATA
2026-02-24,0.0,32041600,32041600,6800,4713,6800,4713,DATA
2026-02-24,0.0,13128070,13128070,14795,890,14795,890,DATA
2026-02-24,-0.11,16975260,16975260,4470,3799,4470,3799,DATA
2026-02-24,-0.34,15930540,15930540,2940,5519,2940,5519,DATA
2026-02-24,1.44,21319425,21319425,34485,623,34485,623,SGB CI
2026-02-24,-3.56,20569595,20569595,3520,5827,3520,5827,Servair
2026-02-24,-1.37,92474200,92474200,28800,3206,28800,3206,Sonatel
2026-02-24,-0.66,6839415,6839415,2270,2999,2270,2999,Filtisac
2026-02-24,-1.68,2678385,2678385,3810,696,3810,696,DATA
2026-02-25,0.86,27336680,27336680,4700,5825,4700,5825,BOA_BF
2026-02-25,-3.04,19280665,19280665,2715,7008,2715,7008,Onatel bf
2026-02-25,0.34,84420415,84420415,2950,28696,2950,28696,CIE CI
2026-02-25,1.76,13269380,13269380,5200,2577,5200,2577,DATA
2026-02-25,-0.64,21521090,21521090,14700,1462,14700,1462,NSIA
2026-02-25,2.23,3156570,3156570,3895,817,3895,817,LNBB
2026-02-25,4.28,10531280,10531280,1585,6885,1585,6885,DATA
2026-02-25,3.24,13052530,13052530,1750,7539,1750,7539,Cfao
2026-02-25,0.0,13811310,13811310,2000,6917,2000,6917,DATA
2026-02-25,1.75,11179705,11179705,3205,3493,3205,3493,DATA
2026-02-25,0.96,238680800,238680800,7900,30278,7900,30278,DATA
2026-02-25,0.0,234437795,234437795,6800,34385,6800,34385,SIBC
2026-02-25,1.59,15337125,15337125,6400,2411,6400,2411,DATA
2026-02-25,1.12,42774325,42774325,4520,9516,4520,9516,BOA_MALI
2026-02-25,0.44,14636025,14636025,2280,6416,2280,6416,Filtisac
2026-02-25,-2.08,28769280,28769280,2350,12078,2350,12078,DATA
2026-02-25,0.0,13811310,13811310,2000,6917,2000,6917,Setao
2026-02-25,0.0,60338640,60338640,9000,6706,9000,6706,DATA
2026-02-25,2.6,33685235,33685235,24625,1351,24625,1351,BICC
2026-02-25,-3.13,63177027,63177027,31,1991556,31,1991556,ETIT
2026-02-25,0.0,653806380,653806380,16700,39415,16700,39415,ECOBANK_CI
2026-02-25,1.66,42238955,42238955,2750,15534,2750,15534,DATA
2026-02-25,2.98,24094510,24094510,12975,1877,12975,1877,DATA
2026-02-25,1.69,13818130,13818130,3000,4636,3000,4636,DATA
2026-02-25,3.96,42927520,42927520,3889,11016,5500,7790,SAFCA
2026-02-25,0.97,334814070,334814070,15650,21429,15650,21429,DATA
2026-02-25,0.34,84420415,84420415,2950,28696,2950,28696,DATA
2026-02-25,2.13,26059160,26059160,1920,14021,1920,14021,DATA
2026-02-25,1.39,316995200,316995200,29200,10964,29200,10964,Sonatel
2026-02-25,1.12,42774325,42774325,4520,9516,4520,9516,DATA
2026-02-25,-0.95,9969485,9969485,1565,6309,1565,6309,Bernabe
2026-02-25,0.97,334814070,334814070,15650,21429,15650,21429,Orange ci
2026-02-25,-0.64,21521090,21521090,14700,1462,14700,1462,DATA
2026-02-25,4.61,55793690,55793690,6700,8651,6700,8651,DATA
2026-02-25,-3.04,19280665,19280665,2715,7008,2715,7008,DATA
2026-02-25,7.41,9274110,9274110,3770,2572,3770,2572,DATA
2026-02-25,1.76,13269380,13269380,5200,2577,5200,2577,BICB
2026-02-25,2.23,3156570,3156570,3895,817,3895,817,DATA
2026-02-25,2.23,55690805,55690805,35255,1606,35255,1606,SGB CI
2026-02-25,0.0,234437795,234437795,6800,34385,6800,34385,DATA
2026-02-25,7.5,23862785,23862785,38205,638,38205,638,Solibra
2026-02-25,3.24,13052530,13052530,1750,7539,1750,7539,DATA
2026-02-25,4.28,10531280,10531280,1585,6885,1585,6885,Sucrivoire
2026-02-25,1.59,15337125,15337125,6400,2411,6400,2411,BOA_SN
2026-02-25,1.75,11179705,11179705,3205,3493,3205,3493,ORAGROUP_TOGO
2026-02-25,-0.43,50756905,50756905,2290,22425,2290,22425,AGL
2026-02-25,2.77,5088660,5088660,4635,1114,4635,1114,DATA
2026-02-25,-1.42,145167625,145167625,8000,18067,8000,18067,DATA
2026-02-25,-0.24,1906740,1906740,4185,455,4185,455,Sicor_ci
2026-02-25,-0.95,9969485,9969485,1565,6309,1565,6309,DATA
2026-02-25,3.69,29191395,29191395,3650,7896,3650,7896,Servair
2026-02-25,0.0,653806380,653806380,16700,39415,16700,39415,DATA
2026-02-25,7.41,9274110,9274110,3770,2572,3770,2572,Sicable
2026-02-25,0.0,260029465,260029465,13400,19407,13400,19407,SMBC
2026-02-25,0.96,238680800,238680800,7900,30278,7900,30278,BOA_CI
2026-02-25,-1.68,6412745,6412745,1460,4323,1460,4323,NEI-CEDA
2026-02-25,0.0,10618230,10618230,2850,3719,2850,3719,DATA
2026-02-25,2.98,24094510,24094510,12975,1877,12975,1877,Nestle
2026-02-25,1.39,316995200,316995200,29200,10964,29200,10964,DATA
2026-02-25,-1.42,145167625,145167625,8000,18067,8000,18067,Saph
2026-02-25,2.13,26059160,26059160,1920,14021,1920,14021,Vivo energy
2026-02-25,-3.4,32324155,32324155,2415,13194,2415,13194,SEMC
2026-02-25,-0.24,1906740,1906740,4185,455,4185,455,DATA
2026-02-25,5.58,34789345,34789345,2840,12801,2840,12801,BOA_NIGER
2026-02-25,0.0,109512340,109512340,6890,15892,6890,15892,DATA
2026-02-25,-0.43,50756905,50756905,2290,22425,2290,22425,DATA
2026-02-25,5.58,34789345,34789345,2840,12801,2840,12801,DATA
2026-02-25,2.6,33685235,33685235,24625,1351,24625,1351,DATA
2026-02-25,7.08,44714005,44714005,13845,3240,13845,3240,DATA
2026-02-25,-7.49,7780645,7780645,69200,107,69200,107,Unilever
2026-02-25,-3.4,32324155,32324155,2415,13194,2415,13194,DATA
2026-02-25,0.12,49999595,49999595,21475,2329,21475,2329,Sitab_ci
2026-02-25,7.5,23862785,23862785,38205,638,38205,638,DATA
2026-02-25,0.12,49999595,49999595,21475,2329,21475,2329,DATA
2026-02-25,1.24,27656660,27656660,8595,3233,8595,3233,DATA
2026-02-25,3.96,42927520,42927520,3889,11016,5500,7790,DATA
2026-02-25,3.69,29191395,29191395,3650,7896,3650,7896,DATA
2026-02-25,0.0,60338640,60338640,9000,6706,9000,6706,Palm ci
2026-02-25,-3.13,63177027,63177027,31,1991556,31,1991556,DATA
2026-02-25,1.69,13818130,13818130,3000,4636,3000,4636,Erium ci
2026-02-25,2.23,55690805,55690805,35255,1606,35255,1606,DATA
2026-02-25,2.77,5088660,5088660,4635,1114,4635,1114,Tractafric
2026-02-25,0.86,27336680,27336680,4700,5825,4700,5825,DATA
2026-02-25,0.0,109512340,109512340,6890,15892,6890,15892,BOA_BENIN
2026-02-25,7.08,44714005,44714005,13845,3240,13845,3240,CORIS_BANK
2026-02-25,1.24,27656660,27656660,8595,3233,8595,3233,SOGB
2026-02-25,-7.49,7780645,7780645,69200,107,69200,107,DATA
2026-02-25,0.0,260029465,260029465,13400,19407,13400,19407,DATA
2026-02-25,0.44,14636025,14636025,2280,6416,2280,6416,DATA
2026-02-25,4.61,55793690,55793690,6700,8651,6700,8651,SODE CI
2026-02-25,0.0,10618230,10618230,2850,3719,2850,3719,Total senegal
2026-02-25,1.66,42238955,42238955,2750,15534,2750,15534,Total ci
2026-02-25,-2.08,28769280,28769280,2350,12078,2350,12078,Uniwax
2026-02-25,-1.68,6412745,6412745,1460,4323,1460,4323,DATA
2026-02-26,0.0,8927675,8927675,9000,992,9000,992,DATA
2026-02-26,0.0,38867050,38867050,3000,13127,3000,13127,DATA
2026-02-26,-3.66,16657655,16657655,12500,1331,12500,1331,DATA
2026-02-26,-1.24,21843595,21843595,2385,9228,2385,9228,DATA
2026-02-26,1.47,88937965,88937965,6900,13047,6900,13047,SIBC
2026-02-26,-0.25,12832645,12832645,1995,6431,1995,6431,DATA
2026-02-26,6.72,11958900,11958900,7150,1749,7150,1749,SODE CI
2026-02-26,0.68,11197505,11197505,14800,759,14800,759,NSIA
2026-02-26,0.16,4532700,4532700,3210,1411,3210,1411,DATA
2026-02-26,1.29,5327740,5327740,2750,1947,2750,1947,Onatel bf
2026-02-26,1.04,10404070,10404070,1940,5454,1940,5454,Vivo energy
2026-02-26,3.29,20791590,20791590,3770,5639,3770,5639,DATA
2026-02-26,1.71,6915960,6915960,16985,408,16985,408,DATA
2026-02-26,-1.83,11645170,11645170,13155,872,13155,872,SMBC
2026-02-26,0.88,15581765,15581765,2300,6787,2300,6787,DATA
2026-02-26,6.13,17583565,17583565,8490,2120,8490,2120,DATA
2026-02-26,-2.05,8326605,8326605,3815,2160,3815,2160,DATA
2026-02-26,0.99,12218785,12218785,8680,1412,8680,1412,SOGB
2026-02-26,-0.12,136125265,136125265,21450,6406,21450,6406,Sitab_ci
2026-02-26,0.26,64905355,64905355,15690,4150,15690,4150,DATA
2026-02-26,-3.93,23985010,23985010,2200,10850,2200,10850,AGL
2026-02-26,0.64,10445845,10445845,1575,6575,1575,6575,Bernabe
2026-02-26,0.0,65093248,65093248,31,2199196,31,2199196,DATA
2026-02-26,0.68,11197505,11197505,14800,759,14800,759,DATA
2026-02-26,6.37,80019375,80019375,37500,2137,37500,2137,SGB CI
2026-02-26,7.46,85107855,85107855,4179,20570,5910,14546,DATA
2026-02-26,1.06,19136210,19136210,5255,3657,5255,3657,BICB
2026-02-26,0.68,8680875,8680875,1470,5875,1470,5875,DATA
2026-02-26,6.37,80019375,80019375,37500,2137,37500,2137,DATA
2026-02-26,1.12,11007350,11007350,14000,794,14000,794,DATA
2026-02-26,1.29,5327740,5327740,2750,1947,2750,1947,DATA
2026-02-26,0.8,3061860,3061860,3800,801,3800,801,Sicable
2026-02-26,1.47,88937965,88937965,6900,13047,6900,13047,DATA
2026-02-26,-0.12,1107415,1107415,4180,265,4180,265,Sicor_ci
2026-02-26,0.0,24603715,24603715,4520,5445,4520,5445,DATA
2026-02-26,1.04,10404070,10404070,1940,5454,1940,5454,DATA
2026-02-26,7.32,40872560,40872560,41000,1003,41000,1003,Solibra
2026-02-26,3.29,20791590,20791590,3770,5639,3770,5639,Servair
2026-02-26,0.0,201735620,201735620,29200,6915,29200,6915,DATA
2026-02-26,6.13,17583565,17583565,8490,2120,8490,2120,Saph
2026-02-26,2.29,11963040,11963040,1790,6785,1790,6785,DATA
2026-02-26,0.68,8680875,8680875,1470,5875,1470,5875,NEI-CEDA
2026-02-26,7.46,85107855,85107855,4179,20570,5910,14546,SAFCA
2026-02-26,-0.18,9307420,9307420,2845,3272,2845,3272,Total senegal
2026-02-26,0.99,12218785,12218785,8680,1412,8680,1412,DATA
2026-02-26,7.37,4314270,4314270,74300,59,74300,59,Unilever
2026-02-26,0.88,15581765,15581765,2300,6787,2300,6787,Filtisac
2026-02-26,1.45,28162140,28162140,6990,4082,6990,4082,DATA
2026-02-26,1.71,6915960,6915960,16985,408,16985,408,ECOBANK_CI
2026-02-26,3.55,74304245,74304245,25500,2849,25500,2849,BICC
2026-02-26,0.8,3061860,3061860,3800,801,3800,801,DATA
2026-02-26,5.46,70550815,70550815,2995,24734,2995,24734,DATA
2026-02-26,-1.24,21843595,21843595,2385,9228,2385,9228,SEMC
2026-02-26,-0.18,9307420,9307420,2845,3272,2845,3272,DATA
2026-02-26,1.12,11007350,11007350,14000,794,14000,794,CORIS_BANK
2026-02-26,1.06,19136210,19136210,5255,3657,5255,3657,DATA
2026-02-26,-1.83,11645170,11645170,13155,872,13155,872,DATA
2026-02-26,1.06,22718165,22718165,2375,9625,2375,9625,Uniwax
2026-02-26,-0.86,2469635,2469635,4595,534,4595,534,DATA
2026-02-26,0.0,38867050,38867050,3000,13127,3000,13127,Erium ci
2026-02-26,7.37,4314270,4314270,74300,59,74300,59,DATA
2026-02-26,5.08,17972745,17972745,3100,5973,3100,5973,CIE CI
2026-02-26,0.16,4532700,4532700,3210,1411,3210,1411,ORAGROUP_TOGO
2026-02-26,-0.12,1107415,1107415,4180,265,4180,265,DATA
2026-02-26,-3.66,16657655,16657655,12500,1331,12500,1331,Nestle
2026-02-26,5.46,70550815,70550815,2995,24734,2995,24734,BOA_NIGER
2026-02-26,1.91,27592665,27592665,4790,5822,4790,5822,BOA_BF
2026-02-26,0.0,24603715,24603715,4520,5445,4520,5445,BOA_MALI
2026-02-26,-3.93,23985010,23985010,2200,10850,2200,10850,DATA
2026-02-26,1.06,22718165,22718165,2375,9625,2375,9625,DATA
2026-02-26,0.63,208691300,208691300,7950,26421,7950,26421,BOA_CI
2026-02-26,0.0,65093248,65093248,31,2199196,31,2199196,ETIT
2026-02-26,3.13,27867015,27867015,6600,4330,6600,4330,BOA_SN
2026-02-26,0.0,201735620,201735620,29200,6915,29200,6915,Sonatel
2026-02-26,5.08,17972745,17972745,3100,5973,3100,5973,DATA
2026-02-26,0.63,208691300,208691300,7950,26421,7950,26421,DATA
2026-02-26,-0.25,12832645,12832645,1995,6431,1995,6431,Setao
2026-02-26,6.72,11958900,11958900,7150,1749,7150,1749,DATA
2026-02-26,-0.12,136125265,136125265,21450,6406,21450,6406,DATA
2026-02-26,-0.18,9613835,9613835,2745,3509,2745,3509,Total ci
2026-02-26,-0.86,2469635,2469635,4595,534,4595,534,Tractafric
2026-02-26,-2.05,8326605,8326605,3815,2160,3815,2160,LNBB
2026-02-26,0.95,20690965,20690965,1600,13001,1600,13001,Sucrivoire
2026-02-26,7.32,40872560,40872560,41000,1003,41000,1003,DATA
2026-02-26,1.91,27592665,27592665,4790,5822,4790,5822,DATA
2026-02-26,1.45,28162140,28162140,6990,4082,6990,4082,BOA_BENIN
2026-02-26,0.64,10445845,10445845,1575,6575,1575,6575,DATA
2026-02-26,3.55,74304245,74304245,25500,2849,25500,2849,DATA
2026-02-26,0.95,20690965,20690965,1600,13001,1600,13001,DATA
2026-02-26,-0.18,9613835,9613835,2745,3509,2745,3509,DATA
2026-02-26,0.26,64905355,64905355,15690,4150,15690,4150,Orange ci
2026-02-26,3.13,27867015,27867015,6600,4330,6600,4330,DATA
2026-02-26,2.29,11963040,11963040,1790,6785,1790,6785,Cfao
2026-02-26,0.0,8927675,8927675,9000,992,9000,992,Palm ci
2026-02-27,3.17,3175730,3175730,1625,1998,1625,1998,Bernabe
2026-02-27,2.87,74705,74705,4300,18,4300,18,DATA
2026-02-27,0.0,19557035,19557035,6600,2975,6600,2975,DATA
2026-02-27,-0.25,7816705,7816705,1990,3977,1990,3977,Setao
2026-02-27,0.0,13259480,13259480,74300,178,74300,178,DATA
2026-02-27,0.12,18869290,18869290,21475,880,21475,880,DATA
2026-02-27,4.13,10796080,10796080,2395,4598,2395,4598,DATA
2026-02-27,-1.36,4357695,4357695,1450,3009,1450,3009,DATA
2026-02-27,0.09,121666315,121666315,17000,7184,17000,7184,ECOBANK_CI
2026-02-27,0.04,3482355,3482355,12505,278,12505,278,DATA
2026-02-27,3.13,8739005,8739005,1650,5420,1650,5420,DATA
2026-02-27,0.0,63223516,63223516,31,2049372,31,2049372,DATA
2026-02-27,0.56,21055390,21055390,9050,2337,9050,2337,Palm ci
2026-02-27,4.38,21829910,21829910,2025,10893,2025,10893,Vivo energy
2026-02-27,0.12,18869290,18869290,21475,880,21475,880,Sitab_ci
2026-02-27,0.36,19203950,19203950,14050,1357,14050,1357,DATA
2026-02-27,-1.72,6427885,6427885,3705,1717,3705,1717,DATA
2026-02-27,0.36,19203950,19203950,14050,1357,14050,1357,CORIS_BANK
2026-02-27,-0.84,20168275,20168275,2355,8538,2355,8538,DATA
2026-02-27,1.53,62864470,62864470,4243,14379,6000,10168,DATA
2026-02-27,-0.1,6353915,6353915,4785,1327,4785,1327,DATA
2026-02-27,3.06,9753595,9753595,3195,3097,3195,3097,CIE CI
2026-02-27,-2.84,54669800,54669800,2910,19456,2910,19456,BOA_NIGER
2026-02-27,-2.52,37780755,37780755,2325,16615,2325,16615,DATA
2026-02-27,0.52,28018105,28018105,8725,3223,8725,3223,SOGB
2026-02-27,0.56,21055390,21055390,9050,2337,9050,2337,DATA
2026-02-27,0.34,468578320,468578320,29300,16082,29300,16082,DATA
2026-02-27,-2.35,32288965,32288965,24900,1289,24900,1289,DATA
2026-02-27,1.53,62864470,62864470,4243,14379,6000,10168,SAFCA
2026-02-27,0.09,121666315,121666315,17000,7184,17000,7184,DATA
2026-02-27,7.5,12266025,12266025,44075,279,44075,279,Solibra
2026-02-27,-0.86,40669555,40669555,15555,2583,15555,2583,DATA
2026-02-27,0.04,3482355,3482355,12505,278,12505,278,Nestle
2026-02-27,2.8,26382670,26382670,3300,8046,3300,8046,ORAGROUP_TOGO
2026-02-27,-2.84,54669800,54669800,2910,19456,2910,19456,DATA
2026-02-27,0.0,19557035,19557035,6600,2975,6600,2975,BOA_SN
2026-02-27,-1.14,14039770,14039770,5195,2703,5195,2703,BICB
2026-02-27,-1.36,4357695,4357695,1450,3009,1450,3009,NEI-CEDA
2026-02-27,0.0,38088315,38088315,1790,21570,1790,21570,Cfao
2026-02-27,-0.68,15807940,15807940,14700,1074,14700,1074,DATA
2026-02-27,-0.1,6353915,6353915,4785,1327,4785,1327,BOA_BF
2026-02-27,-0.98,3245410,3245410,4550,708,4550,708,Tractafric
2026-02-27,-0.13,50532435,50532435,37450,1352,37450,1352,DATA
2026-02-27,0.52,28018105,28018105,8725,3223,8725,3223,DATA
2026-02-27,2.1,2144115,2144115,3895,559,3895,559,LNBB
2026-02-27,0.34,468578320,468578320,29300,16082,29300,16082,Sonatel
2026-02-27,0.0,38088315,38088315,1790,21570,1790,21570,DATA
2026-02-27,0.36,58883715,58883715,6925,8590,6925,8590,SIBC
2026-02-27,-1.72,6427885,6427885,3705,1717,3705,1717,Servair
2026-02-27,-1.06,10841800,10841800,8400,1297,8400,1297,Saph
2026-02-27,0.36,58883715,58883715,6925,8590,6925,8590,DATA
2026-02-27,-1.82,12903015,12903015,2160,5951,2160,5951,AGL
2026-02-27,0.0,63223516,63223516,31,2049372,31,2049372,ETIT
2026-02-27,0.53,3154950,3154950,3820,825,3820,825,DATA
2026-02-27,2.1,2144115,2144115,3895,559,3895,559,DATA
2026-02-27,0.0,40571290,40571290,3000,14177,3000,14177,DATA
2026-02-27,-0.79,15777985,15777985,6935,2280,6935,2280,DATA
2026-02-27,-2.35,32288965,32288965,24900,1289,24900,1289,BICC
2026-02-27,-0.11,55809550,55809550,4515,12363,4515,12363,DATA
2026-02-27,1.45,5137090,5137090,2790,1864,2790,1864,DATA
2026-02-27,-0.63,247834105,247834105,7900,31361,7900,31361,BOA_CI
2026-02-27,2.0,15301925,15301925,2800,5513,2800,5513,DATA
2026-02-27,4.13,10796080,10796080,2395,4598,2395,4598,Filtisac
2026-02-27,-1.06,10841800,10841800,8400,1297,8400,1297,DATA
2026-02-27,-0.86,40669555,40669555,15555,2583,15555,2583,Orange ci
2026-02-27,3.17,3175730,3175730,1625,1998,1625,1998,DATA
2026-02-27,-0.79,15777985,15777985,6935,2280,6935,2280,BOA_BENIN
2026-02-27,7.5,12266025,12266025,44075,279,44075,279,DATA
2026-02-27,-0.68,15807940,15807940,14700,1074,14700,1074,NSIA
2026-02-27,2.8,26382670,26382670,3300,8046,3300,8046,DATA
2026-02-27,3.13,8739005,8739005,1650,5420,1650,5420,Sucrivoire
2026-02-27,7.48,24559980,24559980,7685,3313,7685,3313,DATA
2026-02-27,2.0,15301925,15301925,2800,5513,2800,5513,Total ci
2026-02-27,-0.63,247834105,247834105,7900,31361,7900,31361,DATA
2026-02-27,3.06,9753595,9753595,3195,3097,3195,3097,DATA
2026-02-27,1.45,5137090,5137090,2790,1864,2790,1864,Onatel bf
2026-02-27,7.48,24559980,24559980,7685,3313,7685,3313,SODE CI
2026-02-27,2.28,3232850,3232850,2910,1152,2910,1152,DATA
2026-02-27,2.28,3232850,3232850,2910,1152,2910,1152,Total senegal
2026-02-27,-1.14,14039770,14039770,5195,2703,5195,2703,DATA
2026-02-27,-2.52,37780755,37780755,2325,16615,2325,16615,SEMC
2026-02-27,-0.98,3245410,3245410,4550,708,4550,708,DATA
2026-02-27,-0.25,7816705,7816705,1990,3977,1990,3977,DATA
2026-02-27,-0.84,20168275,20168275,2355,8538,2355,8538,Uniwax
2026-02-27,1.86,16090945,16090945,13400,1213,13400,1213,SMBC
2026-02-27,1.86,16090945,16090945,13400,1213,13400,1213,DATA
2026-02-27,-0.13,50532435,50532435,37450,1352,37450,1352,SGB CI
2026-02-27,2.87,74705,74705,4300,18,4300,18,Sicor_ci
2026-02-27,-1.82,12903015,12903015,2160,5951,2160,5951,DATA
2026-02-27,0.53,3154950,3154950,3820,825,3820,825,Sicable
2026-02-27,0.0,40571290,40571290,3000,14177,3000,14177,Erium ci
2026-02-27,-0.11,55809550,55809550,4515,12363,4515,12363,BOA_MALI
2026-02-27,4.38,21829910,21829910,2025,10893,2025,10893,DATA
2026-02-27,0.0,13259480,13259480,74300,178,74300,178,Unilever
2026-03-02,0.69,1459725,1459725,1460,1002,1460,1002,DATA
2026-03-02,7.47,9818900,9818900,4890,2008,4890,2008,DATA
2026-03-02,-3.03,16015100,16015100,1600,9935,1600,9935,DATA
2026-03-02,0.55,6075055,6075055,9100,671,9100,671,DATA
2026-03-02,-5.03,8332590,8332590,1700,4769,1700,4769,Cfao
2026-03-02,1.13,65260840,65260840,8495,7710,8495,7710,DATA
2026-03-02,-0.99,242142750,242142750,29010,8297,29010,8297,Sonatel
2026-03-02,-3.42,36059855,36059855,4098,8944,5795,6325,DATA
2026-03-02,-5.77,3619030,3619030,70010,51,70010,51,DATA
2026-03-02,0.0,74650145,74650145,7900,9332,7900,9332,DATA
2026-03-02,-1.76,4671870,4671870,7550,625,7550,625,DATA
2026-03-02,-0.04,13717875,13717875,13395,1025,13395,1025,DATA
2026-03-02,7.14,85462665,85462665,3000,29198,3000,29198,Total ci
2026-03-02,0.24,16356700,16356700,14735,1106,14735,1106,NSIA
2026-03-02,-0.12,69603065,69603065,21450,3246,21450,3246,DATA
2026-03-02,-1.78,32627480,32627480,4700,6866,4700,6866,DATA
2026-03-02,-0.84,22246975,22246975,12400,1786,12400,1786,DATA
2026-03-02,7.39,76915235,76915235,3125,25514,3125,25514,Total senegal
2026-03-02,-6.61,13138235,13138235,3460,3727,3460,3727,DATA
2026-03-02,7.41,40943200,40943200,2175,19611,2175,19611,DATA
2026-03-02,0.94,70619755,70619755,7000,10115,7000,10115,BOA_BENIN
2026-03-02,0.0,20982475,20982475,14050,1487,14050,1487,CORIS_BANK
2026-03-02,4.1,17368480,17368480,4700,3734,4700,3734,DATA
2026-03-02,7.14,85462665,85462665,3000,29198,3000,29198,DATA
2026-03-02,-5.5,149926555,149926555,2750,54376,2750,54376,DATA
2026-03-02,7.39,76915235,76915235,3125,25514,3125,25514,DATA
2026-03-02,-1.76,4671870,4671870,7550,625,7550,625,SODE CI
2026-03-02,0.1,10214230,10214230,5200,1969,5200,1969,BICB
2026-03-02,4.24,37908965,37908965,3440,11151,3440,11151,ORAGROUP_TOGO
2026-03-02,-4.73,16378675,16378675,2215,7310,2215,7310,DATA
2026-03-02,-6.61,13138235,13138235,3460,3727,3460,3727,Servair
2026-03-02,-3.83,101570815,101570815,6660,14927,6660,14927,SIBC
2026-03-02,1.13,65260840,65260840,8495,7710,8495,7710,Saph
2026-03-02,-2.78,15350865,15350865,2100,7183,2100,7183,DATA
2026-03-02,-3.42,36059855,36059855,4098,8944,5795,6325,SAFCA
2026-03-02,0.31,4490990,4490990,1630,2785,1630,2785,DATA
2026-03-02,0.21,15033000,15033000,2400,6268,2400,6268,DATA
2026-03-02,0.31,4490990,4490990,1630,2785,1630,2785,Bernabe
2026-03-02,7.36,17634930,17634930,3430,5326,3430,5326,CIE CI
2026-03-02,-0.09,49723420,49723420,16985,2927,16985,2927,DATA
2026-03-02,-0.04,13717875,13717875,13395,1025,13395,1025,SMBC
2026-03-02,1.43,40852560,40852560,8850,4657,8850,4657,DATA
2026-03-02,-3.33,45471205,45471205,2900,15368,2900,15368,DATA
2026-03-02,-4.02,9970560,9970560,1910,5089,1910,5089,DATA
2026-03-02,-1.61,35459975,35459975,24500,1416,24500,1416,BICC
2026-03-02,-2.12,21428515,21428515,2305,9132,2305,9132,DATA
2026-03-02,4.71,4325600,4325600,4000,1109,4000,1109,Sicable
2026-03-02,0.1,10214230,10214230,5200,1969,5200,1969,DATA
2026-03-02,0.0,1902990,1902990,3895,490,3895,490,LNBB
2026-03-02,0.0,1902990,1902990,3895,490,3895,490,DATA
2026-03-02,-2.12,21428515,21428515,2305,9132,2305,9132,Uniwax
2026-03-02,-1.2,52155965,52155965,37000,1401,37000,1401,DATA
2026-03-02,0.0,74650145,74650145,7900,9332,7900,9332,BOA_CI
2026-03-02,-0.09,49723420,49723420,16985,2927,16985,2927,ECOBANK_CI
2026-03-02,0.69,1459725,1459725,1460,1002,1460,1002,NEI-CEDA
2026-03-02,0.98,31750685,31750685,44505,682,44505,682,DATA
2026-03-02,0.29,25957300,25957300,15600,1665,15600,1665,DATA
2026-03-02,0.29,25957300,25957300,15600,1665,15600,1665,Orange ci
2026-03-02,1.43,40852560,40852560,8850,4657,8850,4657,SOGB
2026-03-02,0.21,15033000,15033000,2400,6268,2400,6268,Filtisac
2026-03-02,-0.99,242142750,242142750,29010,8297,29010,8297,DATA
2026-03-02,0.98,31750685,31750685,44505,682,44505,682,Solibra
2026-03-02,0.24,16356700,16356700,14735,1106,14735,1106,DATA
2026-03-02,-1.78,32627480,32627480,4700,6866,4700,6866,BOA_BF
2026-03-02,3.76,21414515,21414515,2895,7634,2895,7634,DATA
2026-03-02,-0.84,22246975,22246975,12400,1786,12400,1786,Nestle
2026-03-02,0.0,98900,98900,4300,23,4300,23,DATA
2026-03-02,0.55,6075055,6075055,9100,671,9100,671,Palm ci
2026-03-02,-5.5,149926555,149926555,2750,54376,2750,54376,BOA_NIGER
2026-03-02,0.0,20982475,20982475,14050,1487,14050,1487,DATA
2026-03-02,4.71,4325600,4325600,4000,1109,4000,1109,DATA
2026-03-02,7.41,40943200,40943200,2175,19611,2175,19611,Vivo energy
2026-03-02,-5.03,8332590,8332590,1700,4769,1700,4769,DATA
2026-03-02,-0.12,69603065,69603065,21450,3246,21450,3246,Sitab_ci
2026-03-02,-3.83,101570815,101570815,6660,14927,6660,14927,DATA
2026-03-02,-2.78,15350865,15350865,2100,7183,2100,7183,AGL
2026-03-02,0.0,98900,98900,4300,23,4300,23,Sicor_ci
2026-03-02,0.94,70619755,70619755,7000,10115,7000,10115,DATA
2026-03-02,-3.33,45471205,45471205,2900,15368,2900,15368,Erium ci
2026-03-02,3.23,60295694,60295694,32,1927931,32,1927931,ETIT
2026-03-02,-4.73,16378675,16378675,2215,7310,2215,7310,SEMC
2026-03-02,-1.2,52155965,52155965,37000,1401,37000,1401,SGB CI
2026-03-02,4.1,17368480,17368480,4700,3734,4700,3734,BOA_MALI
2026-03-02,3.23,60295694,60295694,32,1927931,32,1927931,DATA
2026-03-02,6.06,47785995,47785995,7000,6885,7000,6885,DATA
2026-03-02,-5.77,3619030,3619030,70010,51,70010,51,Unilever
2026-03-02,4.24,37908965,37908965,3440,11151,3440,11151,DATA
2026-03-02,-4.02,9970560,9970560,1910,5089,1910,5089,Setao
2026-03-02,3.76,21414515,21414515,2895,7634,2895,7634,Onatel bf
2026-03-02,-3.03,16015100,16015100,1600,9935,1600,9935,Sucrivoire
2026-03-02,7.47,9818900,9818900,4890,2008,4890,2008,Tractafric
2026-03-02,-1.61,35459975,35459975,24500,1416,24500,1416,DATA
2026-03-02,7.36,17634930,17634930,3430,5326,3430,5326,DATA
2026-03-02,6.06,47785995,47785995,7000,6885,7000,6885,BOA_SN
2026-03-03,4.71,11789265,11789265,1780,6741,1780,6741,DATA
2026-03-03,7.36,19022090,19022090,2335,8154,2335,8154,Vivo energy
2026-03-03,-1.84,4086350,4086350,1600,2553,1600,2553,DATA
2026-03-03,0.14,44038110,44038110,21480,2051,21480,2051,Sitab_ci
2026-03-03,-0.44,34039520,34039520,3415,9923,3415,9923,DATA
2026-03-03,-7.38,58979915,58979915,2135,27100,2135,27100,Uniwax
2026-03-03,4.17,67845170,67845170,3125,22053,3125,22053,Total ci
2026-03-03,0.53,16008720,16008720,4725,3382,4725,3382,DATA
2026-03-03,-2.19,16271490,16271490,1565,10389,1565,10389,Sucrivoire
2026-03-03,-7.47,29308945,29308945,13000,2132,13000,2132,CORIS_BANK
2026-03-03,4.17,67845170,67845170,3125,22053,3125,22053,DATA
2026-03-03,1.1,5685825,5685825,9200,619,9200,619,Palm ci
2026-03-03,3.13,35170182,35170182,33,1094044,33,1094044,DATA
2026-03-03,-2.19,16271490,16271490,1565,10389,1565,10389,DATA
2026-03-03,-7.41,98333440,98333440,2685,36289,2685,36289,DATA
2026-03-03,0.0,1473340,1473340,1460,1028,1460,1028,DATA
2026-03-03,-0.13,11028890,11028890,3995,2765,3995,2765,DATA
2026-03-03,2.86,27985585,27985585,7200,3919,7200,3919,DATA
2026-03-03,-1.82,23644860,23644860,2700,8580,2700,8580,BOA_NIGER
2026-03-03,-0.01,7958190,7958190,70000,112,70000,112,DATA
2026-03-03,0.14,44038110,44038110,21480,2051,21480,2051,DATA
2026-03-03,-7.47,29308945,29308945,13000,2132,13000,2132,DATA
2026-03-03,0.81,5678860,5678860,12500,451,12500,451,DATA
2026-03-03,-3.06,27141500,27141500,8235,3197,8235,3197,Saph
2026-03-03,-4.05,14072115,14072115,3320,4176,3320,4176,Servair
2026-03-03,1.9,17099455,17099455,2140,8056,2140,8056,DATA
2026-03-03,7.36,19022090,19022090,2335,8154,2335,8154,DATA
2026-03-03,0.0,22191135,22191135,4700,4735,4700,4735,BOA_MALI
2026-03-03,5.6,48858100,48858100,3300,15412,3300,15412,DATA
2026-03-03,-0.04,8059590,8059590,13390,606,13390,606,SMBC
2026-03-03,7.42,6083215,6083215,8110,790,8110,790,SODE CI
2026-03-03,0.0,31854905,31854905,7000,4552,7000,4552,DATA
2026-03-03,-0.1,62407880,62407880,5195,11995,5195,11995,DATA
2026-03-03,1.57,7962055,7962055,1940,4119,1940,4119,DATA
2026-03-03,1.35,74919495,74919495,37500,2017,37500,2017,SGB CI
2026-03-03,0.83,784122885,784122885,29250,27046,29250,27046,Sonatel
2026-03-03,-0.13,11028890,11028890,3995,2765,3995,2765,Sicable
2026-03-03,0.6,132910750,132910750,6700,19550,6700,19550,SIBC
2026-03-03,-7.45,25589760,25589760,2050,12189,2050,12189,SEMC
2026-03-03,3.13,35170182,35170182,33,1094044,33,1094044,ETIT
2026-03-03,-4.05,14072115,14072115,3320,4176,3320,4176,DATA
2026-03-03,7.46,15043250,15043250,5255,2866,5255,2866,DATA
2026-03-03,-7.41,98333440,98333440,2685,36289,2685,36289,Erium ci
2026-03-03,0.08,5368045,5368045,24520,218,24520,218,DATA
2026-03-03,-0.23,32290,32290,4290,8,4290,8,Sicor_ci
2026-03-03,1.9,17099455,17099455,2140,8056,2140,8056,AGL
2026-03-03,-0.04,8059590,8059590,13390,606,13390,606,DATA
2026-03-03,1.05,42813005,42813005,14890,2887,14890,2887,NSIA
2026-03-03,0.6,132910750,132910750,6700,19550,6700,19550,DATA
2026-03-03,-0.35,9378280,9378280,2885,3249,2885,3249,DATA
2026-03-03,0.08,5368045,5368045,24520,218,24520,218,BICC
2026-03-03,5.6,48858100,48858100,3300,15412,3300,15412,Total senegal
2026-03-03,0.83,784122885,784122885,29250,27046,29250,27046,DATA
2026-03-03,1.27,46513430,46513430,8000,5829,8000,5829,DATA
2026-03-03,-7.38,58979915,58979915,2135,27100,2135,27100,DATA
2026-03-03,-0.73,23344715,23344715,3415,6920,3415,6920,ORAGROUP_TOGO
2026-03-03,0.0,31854905,31854905,7000,4552,7000,4552,BOA_BENIN
2026-03-03,-0.8,69831380,69831380,44150,1534,44150,1534,Solibra
2026-03-03,1.35,74919495,74919495,37500,2017,37500,2017,DATA
2026-03-03,-3.06,27141500,27141500,8235,3197,8235,3197,DATA
2026-03-03,-0.23,32290,32290,4290,8,4290,8,DATA
2026-03-03,-7.42,10663440,10663440,3794,2777,5365,1964,SAFCA
2026-03-03,2.86,27985585,27985585,7200,3919,7200,3919,BOA_SN
2026-03-03,2.08,7804610,7804610,2450,3212,2450,3212,Filtisac
2026-03-03,0.62,56366720,56366720,8905,6332,8905,6332,SOGB
2026-03-03,-1.84,4086350,4086350,1600,2553,1600,2553,Bernabe
2026-03-03,0.53,16008720,16008720,4725,3382,4725,3382,BOA_BF
2026-03-03,1.92,30175360,30175360,15900,1927,15900,1927,Orange ci
2026-03-03,0.62,56366720,56366720,8905,6332,8905,6332,DATA
2026-03-03,1.92,30175360,30175360,15900,1927,15900,1927,DATA
2026-03-03,1.1,5685825,5685825,9200,619,9200,619,DATA
2026-03-03,-4.62,33530250,33530250,16200,1988,16200,1988,DATA
2026-03-03,-0.73,23344715,23344715,3415,6920,3415,6920,DATA
2026-03-03,-0.8,69831380,69831380,44150,1534,44150,1534,DATA
2026-03-03,-0.01,7958190,7958190,70000,112,70000,112,Unilever
2026-03-03,1.57,7962055,7962055,1940,4119,1940,4119,Setao
2026-03-03,0.81,5678860,5678860,12500,451,12500,451,Nestle
2026-03-03,2.08,7804610,7804610,2450,3212,2450,3212,DATA
2026-03-03,-0.77,7984285,7984285,3865,2074,3865,2074,LNBB
2026-03-03,-0.1,62407880,62407880,5195,11995,5195,11995,BICB
2026-03-03,7.46,15043250,15043250,5255,2866,5255,2866,Tractafric
2026-03-03,4.71,11789265,11789265,1780,6741,1780,6741,Cfao
2026-03-03,-0.44,34039520,34039520,3415,9923,3415,9923,CIE CI
2026-03-03,-1.82,23644860,23644860,2700,8580,2700,8580,DATA
2026-03-03,0.0,22191135,22191135,4700,4735,4700,4735,DATA
2026-03-03,7.42,6083215,6083215,8110,790,8110,790,DATA
2026-03-03,-7.42,10663440,10663440,3794,2777,5365,1964,DATA
2026-03-03,0.0,1473340,1473340,1460,1028,1460,1028,NEI-CEDA
2026-03-03,1.27,46513430,46513430,8000,5829,8000,5829,BOA_CI
2026-03-03,-4.62,33530250,33530250,16200,1988,16200,1988,ECOBANK_CI
2026-03-03,-7.45,25589760,25589760,2050,12189,2050,12189,DATA
2026-03-03,1.05,42813005,42813005,14890,2887,14890,2887,DATA
2026-03-03,-0.77,7984285,7984285,3865,2074,3865,2074,DATA
2026-03-03,-0.35,9378280,9378280,2885,3249,2885,3249,Onatel bf
2026-03-04,-2.13,29329145,29329145,4600,6306,4600,6306,BOA_MALI
2026-03-04,-3.59,291971775,291971775,28200,10054,28200,10054,Sonatel
2026-03-04,-6.06,31886220,31886220,31,1008508,31,1008508,ETIT
2026-03-04,4.24,19419310,19419310,3440,5644,3440,5644,DATA
2026-03-04,0.0,106817520,106817520,8110,13201,8110,13201,DATA
2026-03-04,1.49,121431660,121431660,6800,18079,6800,18079,SIBC
2026-03-04,-0.14,74631485,74631485,6990,10664,6990,10664,BOA_BENIN
2026-03-04,-1.21,9905710,9905710,2850,3438,2850,3438,Onatel bf
2026-03-04,-0.14,74631485,74631485,6990,10664,6990,10664,DATA
2026-03-04,-1.84,7744910,7744910,2405,3275,2405,3275,Filtisac
2026-03-04,0.0,83646660,83646660,15900,5352,15900,5352,Orange ci
2026-03-04,-1.21,9905710,9905710,2850,3438,2850,3438,DATA
2026-03-04,1.14,41102000,41102000,24800,1648,24800,1648,BICC
2026-03-04,-0.13,6014860,6014860,3990,1540,3990,1540,DATA
2026-03-04,-2.13,29329145,29329145,4600,6306,4600,6306,DATA
2026-03-04,-6.89,71381985,71381985,2500,27960,2500,27960,DATA
2026-03-04,0.13,125624185,125624185,8010,15632,8010,15632,BOA_CI
2026-03-04,-0.73,19499745,19499745,3390,5771,3390,5771,DATA
2026-03-04,0.78,10330445,10330445,3895,2662,3895,2662,DATA
2026-03-04,1.12,42003170,42003170,3160,13125,3160,13125,Total ci
2026-03-04,-7.5,73500880,73500880,40840,1778,40840,1778,DATA
2026-03-04,0.13,125624185,125624185,8010,15632,8010,15632,DATA
2026-03-04,-0.63,2541810,2541810,1590,1617,1590,1617,DATA
2026-03-04,1.12,42003170,42003170,3160,13125,3160,13125,DATA
2026-03-04,-0.06,20743710,20743710,8230,2471,8230,2471,DATA
2026-03-04,1.49,121431660,121431660,6800,18079,6800,18079,DATA
2026-03-04,2.49,54598435,54598435,3500,15657,3500,15657,DATA
2026-03-04,-0.06,20743710,20743710,8230,2471,8230,2471,Saph
2026-03-04,0.32,6127080,6127080,1570,3912,1570,3912,Sucrivoire
2026-03-04,-6.54,19534235,19534235,2000,9425,2000,9425,AGL
2026-03-04,1.06,14896495,14896495,5250,2864,5250,2864,BICB
2026-03-04,0.0,106817520,106817520,8110,13201,8110,13201,SODE CI
2026-03-04,-0.63,2541810,2541810,1590,1617,1590,1617,Bernabe
2026-03-04,-0.17,21425125,21425125,8890,2418,8890,2418,SOGB
2026-03-04,-7.46,18590880,18590880,3511,5294,4965,3744,SAFCA
2026-03-04,0.0,83646660,83646660,15900,5352,15900,5352,DATA
2026-03-04,2.49,54598435,54598435,3500,15657,3500,15657,ORAGROUP_TOGO
2026-03-04,-7.5,73500880,73500880,40840,1778,40840,1778,Solibra
2026-03-04,-0.17,21425125,21425125,8890,2418,8890,2418,DATA
2026-03-04,-3.59,291971775,291971775,28200,10054,28200,10054,DATA
2026-03-04,0.74,25701275,25701275,2720,9401,2720,9401,DATA
2026-03-04,-2.44,29625780,29625780,2000,14837,2000,14837,DATA
2026-03-04,-7.46,18590880,18590880,3511,5294,4965,3744,DATA
2026-03-04,-6.54,19534235,19534235,2000,9425,2000,9425,DATA
2026-03-04,-0.73,19499745,19499745,3390,5771,3390,5771,CIE CI
2026-03-04,0.0,4667870,4667870,12500,373,12500,373,Nestle
2026-03-04,-3.29,28785085,28785085,14400,1975,14400,1975,DATA
2026-03-04,1.7,19162005,19162005,16475,1176,16475,1176,DATA
2026-03-04,-0.53,25894150,25894150,4700,5512,4700,5512,BOA_BF
2026-03-04,-6.56,57468710,57468710,1995,28464,1995,28464,DATA
2026-03-04,7.49,70103000,70103000,2510,28022,2510,28022,DATA
2026-03-04,-5.12,12716690,12716690,3150,3995,3150,3995,DATA
2026-03-04,1.14,41102000,41102000,24800,1648,24800,1648,DATA
2026-03-04,0.0,4667870,4667870,12500,373,12500,373,DATA
2026-03-04,-0.53,25894150,25894150,4700,5512,4700,5512,DATA
2026-03-04,-1.03,7391730,7391730,1920,3869,1920,3869,Setao
2026-03-04,-0.33,94891710,94891710,21410,4430,21410,4430,DATA
2026-03-04,0.86,29175245,29175245,5300,5367,5300,5367,Tractafric
2026-03-04,-4.01,1142587520,1142587520,35995,31726,35995,31726,DATA
2026-03-04,1.63,51352655,51352655,9350,5565,9350,5565,DATA
2026-03-04,-5.0,41764305,41764305,6840,6101,6840,6101,BOA_SN
2026-03-04,0.28,22039655,22039655,1785,12352,1785,12352,Cfao
2026-03-04,-5.0,41764305,41764305,6840,6101,6840,6101,DATA
2026-03-04,-4.11,3062620,3062620,1400,2154,1400,2154,NEI-CEDA
2026-03-04,1.7,19162005,19162005,16475,1176,16475,1176,ECOBANK_CI
2026-03-04,-6.76,375420,375420,4000,92,4000,92,DATA
2026-03-04,5.71,2855050,2855050,73995,42,73995,42,DATA
2026-03-04,-1.84,7744910,7744910,2405,3275,2405,3275,DATA
2026-03-04,-0.33,94891710,94891710,21410,4430,21410,4430,Sitab_ci
2026-03-04,0.86,29175245,29175245,5300,5367,5300,5367,DATA
2026-03-04,-6.89,71381985,71381985,2500,27960,2500,27960,Erium ci
2026-03-04,-1.03,7391730,7391730,1920,3869,1920,3869,DATA
2026-03-04,-6.76,375420,375420,4000,92,4000,92,Sicor_ci
2026-03-04,-0.13,6014860,6014860,3990,1540,3990,1540,Sicable
2026-03-04,-3.29,28785085,28785085,14400,1975,14400,1975,NSIA
2026-03-04,-5.12,12716690,12716690,3150,3995,3150,3995,Servair
2026-03-04,1.06,14896495,14896495,5250,2864,5250,2864,DATA
2026-03-04,4.24,19419310,19419310,3440,5644,3440,5644,Total senegal
2026-03-04,0.78,10330445,10330445,3895,2662,3895,2662,LNBB
2026-03-04,0.07,3562735,3562735,13400,266,13400,266,SMBC
2026-03-04,0.07,3562735,3562735,13400,266,13400,266,DATA
2026-03-04,7.49,70103000,70103000,2510,28022,2510,28022,Vivo energy
2026-03-04,0.28,22039655,22039655,1785,12352,1785,12352,DATA
2026-03-04,-2.44,29625780,29625780,2000,14837,2000,14837,SEMC
2026-03-04,-4.01,1142587520,1142587520,35995,31726,35995,31726,SGB CI
2026-03-04,5.71,2855050,2855050,73995,42,73995,42,Unilever
2026-03-04,0.81,12406500,12406500,13105,951,13105,951,DATA
2026-03-04,0.81,12406500,12406500,13105,951,13105,951,CORIS_BANK
2026-03-04,1.63,51352655,51352655,9350,5565,9350,5565,Palm ci
2026-03-04,-4.11,3062620,3062620,1400,2154,1400,2154,DATA
2026-03-04,-6.06,31886220,31886220,31,1008508,31,1008508,DATA
2026-03-04,0.74,25701275,25701275,2720,9401,2720,9401,BOA_NIGER
2026-03-04,0.32,6127080,6127080,1570,3912,1570,3912,DATA
2026-03-04,-6.56,57468710,57468710,1995,28464,1995,28464,Uniwax
2026-03-05,-0.96,25709575,25709575,4655,5547,4655,5547,DATA
2026-03-05,0.0,19250295,19250295,5250,3689,5250,3689,DATA
2026-03-05,0.4,31666125,31666125,24900,1275,24900,1275,DATA
2026-03-05,0.0,32803695,32803695,6990,4690,6990,4690,DATA
2026-03-05,-4.44,7911055,7911055,7750,1023,7750,1023,SODE CI
2026-03-05,3.23,39695074,39695074,32,1255765,32,1255765,DATA
2026-03-05,4.76,10686005,10686005,3300,3361,3300,3361,Servair
2026-03-05,7.5,23044765,23044765,2150,10981,2150,10981,SEMC
2026-03-05,-7.37,70423200,70423200,2325,28404,2325,28404,Vivo energy
2026-03-05,-5.73,31463225,31463225,38500,814,38500,814,DATA
2026-03-05,-2.02,23122225,23122225,8710,2654,8710,2654,DATA
2026-03-05,-7.28,51374320,51374320,2930,17292,2930,17292,DATA
2026-03-05,3.56,66419390,66419390,8295,8028,8295,8028,DATA
2026-03-05,0.0,32803695,32803695,6990,4690,6990,4690,BOA_BENIN
2026-03-05,1.77,112664355,112664355,28700,3933,28700,3933,DATA
2026-03-05,7.5,23044765,23044765,2150,10981,2150,10981,DATA
2026-03-05,2.49,14044015,14044015,2465,5785,2465,5785,DATA
2026-03-05,-0.32,12662805,12662805,1565,8011,1565,8011,DATA
2026-03-05,-0.71,4036515,4036515,1390,2875,1390,2875,NEI-CEDA
2026-03-05,4.76,10686005,10686005,3300,3361,3300,3361,DATA
2026-03-05,2.49,14044015,14044015,2465,5785,2465,5785,Filtisac
2026-03-05,-0.59,16642870,16642870,3370,4958,3370,4958,CIE CI
2026-03-05,0.19,53803730,53803730,21450,2509,21450,2509,DATA
2026-03-05,-1.6,14710440,14710440,9200,1598,9200,1598,DATA
2026-03-05,-2.76,76363005,76363005,35000,2169,35000,2169,DATA
2026-03-05,7.27,34718165,34718165,2140,16737,2140,16737,DATA
2026-03-05,7.4,62860845,62860845,2685,24845,2685,24845,Erium ci
2026-03-05,0.0,38172770,38172770,16475,2355,16475,2355,DATA
2026-03-05,1.26,2286470,2286470,1610,1438,1610,1438,Bernabe
2026-03-05,0.0,128000,128000,4000,32,4000,32,Sicor_ci
2026-03-05,7.46,68670010,68670010,3773,20481,5335,14483,SAFCA
2026-03-05,-0.74,53352570,53352570,2700,19836,2700,19836,DATA
2026-03-05,-7.43,6922500,6922500,68500,99,68500,99,Unilever
2026-03-05,7.46,68670010,68670010,3773,20481,5335,14483,DATA
2026-03-05,0.84,10189905,10189905,1800,5758,1800,5758,DATA
2026-03-05,-2.76,76363005,76363005,35000,2169,35000,2169,SGB CI
2026-03-05,-0.22,23625835,23625835,4590,5152,4590,5152,BOA_MALI
2026-03-05,-0.32,12662805,12662805,1565,8011,1565,8011,Sucrivoire
2026-03-05,5.71,21941735,21941735,3700,6156,3700,6156,ORAGROUP_TOGO
2026-03-05,1.77,112664355,112664355,28700,3933,28700,3933,Sonatel
2026-03-05,0.0,9407180,9407180,12500,754,12500,754,DATA
2026-03-05,0.84,10189905,10189905,1800,5758,1800,5758,Cfao
2026-03-05,-5.73,31463225,31463225,38500,814,38500,814,Solibra
2026-03-05,0.0,9407180,9407180,12500,754,12500,754,Nestle
2026-03-05,0.0,128000,128000,4000,32,4000,32,DATA
2026-03-05,-1.89,11762050,11762050,15600,747,15600,747,DATA
2026-03-05,-2.02,23122225,23122225,8710,2654,8710,2654,SOGB
2026-03-05,-0.96,25709575,25709575,4655,5547,4655,5547,BOA_BF
2026-03-05,-0.74,53352570,53352570,2700,19836,2700,19836,BOA_NIGER
2026-03-05,0.0,38172770,38172770,16475,2355,16475,2355,ECOBANK_CI
2026-03-05,-1.32,50554245,50554245,6750,7537,6750,7537,DATA
2026-03-05,-1.6,14710440,14710440,9200,1598,9200,1598,Palm ci
2026-03-05,-1.32,50554245,50554245,6750,7537,6750,7537,BOA_SN
2026-03-05,-2.6,5503900,5503900,1870,2921,1870,2921,Setao
2026-03-05,1.89,17369295,17369295,5400,3082,5400,3082,Tractafric
2026-03-05,0.04,48368695,48368695,13110,3677,13110,3677,DATA
2026-03-05,0.0,9903410,9903410,3895,2539,3895,2539,LNBB
2026-03-05,-7.37,70423200,70423200,2325,28404,2325,28404,DATA
2026-03-05,0.19,53803730,53803730,21450,2509,21450,2509,Sitab_ci
2026-03-05,0.0,19250295,19250295,5250,3689,5250,3689,BICB
2026-03-05,-7.43,6922500,6922500,68500,99,68500,99,DATA
2026-03-05,-0.76,26705855,26705855,14290,1887,14290,1887,DATA
2026-03-05,-0.59,16642870,16642870,3370,4958,3370,4958,DATA
2026-03-05,0.0,5869000,5869000,2850,2078,2850,2078,Onatel bf
2026-03-05,7.4,62860845,62860845,2685,24845,2685,24845,DATA
2026-03-05,-2.5,21616455,21616455,1950,10954,1950,10954,AGL
2026-03-05,-0.22,23625835,23625835,4590,5152,4590,5152,DATA
2026-03-05,0.4,31666125,31666125,24900,1275,24900,1275,BICC
2026-03-05,0.0,8203400,8203400,8230,998,8230,998,Saph
2026-03-05,1.47,70601300,70601300,6900,10322,6900,10322,SIBC
2026-03-05,0.0,9903410,9903410,3895,2539,3895,2539,DATA
2026-03-05,-1.89,11762050,11762050,15600,747,15600,747,Orange ci
2026-03-05,-4.07,18110785,18110785,3300,5425,3300,5425,DATA
2026-03-05,-2.5,21616455,21616455,1950,10954,1950,10954,DATA
2026-03-05,-2.26,5161380,5161380,3900,1353,3900,1353,Sicable
2026-03-05,0.0,6528335,6528335,13400,490,13400,490,SMBC
2026-03-05,3.56,66419390,66419390,8295,8028,8295,8028,BOA_CI
2026-03-05,5.71,21941735,21941735,3700,6156,3700,6156,DATA
2026-03-05,1.26,2286470,2286470,1610,1438,1610,1438,DATA
2026-03-05,0.0,5869000,5869000,2850,2078,2850,2078,DATA
2026-03-05,-7.28,51374320,51374320,2930,17292,2930,17292,Total ci
2026-03-05,-0.71,4036515,4036515,1390,2875,1390,2875,DATA
2026-03-05,3.23,39695074,39695074,32,1255765,32,1255765,ETIT
2026-03-05,-4.44,7911055,7911055,7750,1023,7750,1023,DATA
2026-03-05,0.04,48368695,48368695,13110,3677,13110,3677,CORIS_BANK
2026-03-05,1.47,70601300,70601300,6900,10322,6900,10322,DATA
2026-03-05,-2.6,5503900,5503900,1870,2921,1870,2921,DATA
2026-03-05,7.27,34718165,34718165,2140,16737,2140,16737,Uniwax
2026-03-05,0.0,6528335,6528335,13400,490,13400,490,DATA
2026-03-05,-4.07,18110785,18110785,3300,5425,3300,5425,Total senegal
2026-03-05,0.0,8203400,8203400,8230,998,8230,998,DATA
2026-03-05,-0.76,26705855,26705855,14290,1887,14290,1887,NSIA
2026-03-05,1.89,17369295,17369295,5400,3082,5400,3082,DATA
2026-03-05,-2.26,5161380,5161380,3900,1353,3900,1353,DATA
2026-03-06,1.08,28672160,28672160,3740,7759,3740,7759,DATA
2026-03-06,2.96,74061700,74061700,2780,28284,2780,28284,BOA_NIGER
2026-03-06,0.61,10191875,10191875,2480,4152,2480,4152,Filtisac
2026-03-06,-0.21,45551690,45551690,6975,6515,6975,6515,DATA
2026-03-06,0.32,55176895,55176895,15650,3534,15650,3534,Orange ci
2026-03-06,4.28,45473930,45473930,2800,16941,2800,16941,Erium ci
2026-03-06,1.75,8328670,8328670,2900,2888,2900,2888,Onatel bf
2026-03-06,0.21,41449095,41449095,21495,1933,21495,1933,Sitab_ci
2026-03-06,-7.25,105100,105100,3710,27,3710,27,Sicor_ci
2026-03-06,0.11,14605070,14605070,4595,3185,4595,3185,BOA_MALI
2026-03-06,0.06,71706715,71706715,8300,8688,8300,8688,BOA_CI
2026-03-06,4.65,27500860,27500860,2250,12727,2250,12727,SEMC
2026-03-06,2.19,1937180,1937180,70000,28,70000,28,Unilever
2026-03-06,1.75,8328670,8328670,2900,2888,2900,2888,DATA
2026-03-06,0.87,821942060,821942060,28950,28571,28950,28571,DATA
2026-03-06,0.0,18441118,18441118,32,576600,32,576600,ETIT
2026-03-06,-1.09,20618535,20618535,9100,2268,9100,2268,Palm ci
2026-03-06,-2.73,78871565,78871565,2850,28889,2850,28889,Total ci
2026-03-06,1.6,8685900,8685900,12700,690,12700,690,DATA
2026-03-06,0.32,55176895,55176895,15650,3534,15650,3534,DATA
2026-03-06,0.0,2632510,2632510,1390,1908,1390,1908,DATA
2026-03-06,5.14,31314700,31314700,2250,14012,2250,14012,Uniwax
2026-03-06,-0.21,45551690,45551690,6975,6515,6975,6515,BOA_BENIN
2026-03-06,-0.45,12358345,12358345,3285,3895,3285,3895,Total senegal
2026-03-06,0.09,27465605,27465605,5405,5075,5405,5075,DATA
2026-03-06,-0.04,10678295,10678295,13395,799,13395,799,SMBC
2026-03-06,7.44,21057450,21057450,2095,10137,2095,10137,DATA
2026-03-06,-0.45,12358345,12358345,3285,3895,3285,3895,DATA
2026-03-06,-1.58,18875450,18875450,8100,2295,8100,2295,Saph
2026-03-06,-0.86,22951145,22951145,5205,4383,5205,4383,DATA
2026-03-06,-2.73,78871565,78871565,2850,28889,2850,28889,DATA
2026-03-06,-0.62,5279030,5279030,1600,3339,1600,3339,DATA
2026-03-06,-2.31,8670105,8670105,3805,2272,3805,2272,DATA
2026-03-06,2.05,12453280,12453280,3980,3226,3980,3226,Sicable
2026-03-06,-1.58,18875450,18875450,8100,2295,8100,2295,DATA
2026-03-06,2.25,10174160,10174160,13405,767,13405,767,CORIS_BANK
2026-03-06,2.19,1937180,1937180,70000,28,70000,28,DATA
2026-03-06,-0.96,25236435,25236435,1550,16383,1550,16383,DATA
2026-03-06,-0.89,24113670,24113670,3340,7250,3340,7250,CIE CI
2026-03-06,1.4,23749810,23749810,4720,5043,4720,5043,BOA_BF
2026-03-06,0.0,56366925,56366925,16475,3439,16475,3439,ECOBANK_CI
2026-03-06,0.0,2632510,2632510,1390,1908,1390,1908,NEI-CEDA
2026-03-06,-2.22,34072595,34072595,6600,5042,6600,5042,BOA_SN
2026-03-06,0.09,27465605,27465605,5405,5075,5405,5075,Tractafric
2026-03-06,-2.31,8670105,8670105,3805,2272,3805,2272,LNBB
2026-03-06,-3.66,45840660,45840660,2240,20217,2240,20217,DATA
2026-03-06,-2.73,74871400,74871400,13900,5278,13900,5278,DATA
2026-03-06,-2.78,11372270,11372270,1750,6586,1750,6586,Cfao
2026-03-06,-1.09,20618535,20618535,9100,2268,9100,2268,DATA
2026-03-06,5.14,31314700,31314700,2250,14012,2250,14012,DATA
2026-03-06,-0.62,5279030,5279030,1600,3339,1600,3339,Bernabe
2026-03-06,7.5,29133980,29133980,4056,7225,5735,5109,SAFCA
2026-03-06,7.5,29133980,29133980,4056,7225,5735,5109,DATA
2026-03-06,4.65,27500860,27500860,2250,12727,2250,12727,DATA
2026-03-06,0.61,10191875,10191875,2480,4152,2480,4152,DATA
2026-03-06,0.04,91271940,91271940,24910,3665,24910,3665,DATA
2026-03-06,-0.96,25236435,25236435,1550,16383,1550,16383,Sucrivoire
2026-03-06,-3.66,45840660,45840660,2240,20217,2240,20217,Vivo energy
2026-03-06,2.96,74061700,74061700,2780,28284,2780,28284,DATA
2026-03-06,4.28,45473930,45473930,2800,16941,2800,16941,DATA
2026-03-06,2.25,10174160,10174160,13405,767,13405,767,DATA
2026-03-06,-1.45,86277970,86277970,6800,12600,6800,12600,SIBC
2026-03-06,-0.04,10678295,10678295,13395,799,13395,799,DATA
2026-03-06,-7.25,105100,105100,3710,27,3710,27,DATA
2026-03-06,-7.26,40433525,40433525,35705,1078,35705,1078,Solibra
2026-03-06,-0.86,22951145,22951145,5205,4383,5205,4383,BICB
2026-03-06,0.11,14605070,14605070,4595,3185,4595,3185,DATA
2026-03-06,2.88,21877540,21877540,3395,6462,3395,6462,DATA
2026-03-06,1.4,23749810,23749810,4720,5043,4720,5043,DATA
2026-03-06,0.46,17170245,17170245,8750,1967,8750,1967,SOGB
2026-03-06,-2.73,74871400,74871400,13900,5278,13900,5278,NSIA
2026-03-06,0.46,17170245,17170245,8750,1967,8750,1967,DATA
2026-03-06,1.6,5143755,5143755,1900,2741,1900,2741,DATA
2026-03-06,-2.22,34072595,34072595,6600,5042,6600,5042,DATA
2026-03-06,0.04,91271940,91271940,24910,3665,24910,3665,BICC
2026-03-06,1.6,8685900,8685900,12700,690,12700,690,Nestle
2026-03-06,2.29,169311005,169311005,35800,4732,35800,4732,DATA
2026-03-06,0.21,41449095,41449095,21495,1933,21495,1933,DATA
2026-03-06,2.05,12453280,12453280,3980,3226,3980,3226,DATA
2026-03-06,2.88,21877540,21877540,3395,6462,3395,6462,Servair
2026-03-06,-0.89,24113670,24113670,3340,7250,3340,7250,DATA
2026-03-06,1.08,28672160,28672160,3740,7759,3740,7759,ORAGROUP_TOGO
2026-03-06,-0.06,24857430,24857430,7745,3215,7745,3215,SODE CI
2026-03-06,0.06,71706715,71706715,8300,8688,8300,8688,DATA
2026-03-06,0.0,56366925,56366925,16475,3439,16475,3439,DATA
2026-03-06,0.87,821942060,821942060,28950,28571,28950,28571,Sonatel
2026-03-06,-2.78,11372270,11372270,1750,6586,1750,6586,DATA
2026-03-06,-1.45,86277970,86277970,6800,12600,6800,12600,DATA
2026-03-06,1.6,5143755,5143755,1900,2741,1900,2741,Setao
2026-03-06,-7.26,40433525,40433525,35705,1078,35705,1078,DATA
2026-03-06,-0.06,24857430,24857430,7745,3215,7745,3215,DATA
2026-03-06,7.44,21057450,21057450,2095,10137,2095,10137,AGL
2026-03-06,0.0,18441118,18441118,32,576600,32,576600,DATA
2026-03-06,2.29,169311005,169311005,35800,4732,35800,4732,SGB CI
2026-03-09,0.72,19767290,19767290,14000,1414,14000,1414,NSIA
2026-03-09,-1.46,11565510,11565510,13200,870,13200,870,DATA
2026-03-09,-6.67,41939780,41939780,2100,19823,2100,19823,Uniwax
2026-03-09,3.69,7353050,7353050,13900,540,13900,540,CORIS_BANK
2026-03-09,-2.86,748000,748000,68000,11,68000,11,DATA
2026-03-09,-1.83,8064515,8064515,3225,2476,3225,2476,Total senegal
2026-03-09,0.77,5199155,5199155,5245,997,5245,997,BICB
2026-03-09,-7.4,61759695,61759695,1940,30843,1940,30843,AGL
2026-03-09,0.72,5901430,5901430,1400,4245,1400,4245,DATA
2026-03-09,-0.65,20652095,20652095,1540,13654,1540,13654,Sucrivoire
2026-03-09,0.83,4024775,4024775,5450,737,5450,737,DATA
2026-03-09,-2.8,9991435,9991435,3300,2969,3300,2969,Servair
2026-03-09,0.06,4649005,4649005,7750,596,7750,596,SODE CI
2026-03-09,0.18,46743900,46743900,2855,16324,2855,16324,DATA
2026-03-09,4.22,138078495,138078495,8650,16460,8650,16460,DATA
2026-03-09,0.18,46743900,46743900,2855,16324,2855,16324,Total ci
2026-03-09,0.17,364841670,364841670,29000,12631,29000,12631,Sonatel
2026-03-09,0.06,4649005,4649005,7750,596,7750,596,DATA
2026-03-09,2.47,12285715,12285715,8300,1504,8300,1504,DATA
2026-03-09,1.77,15575450,15575450,25350,617,25350,617,BICC
2026-03-09,-2.01,2657255,2657255,3900,695,3900,695,Sicable
2026-03-09,1.31,25677305,25677305,4655,5566,4655,5566,DATA
2026-03-09,1.79,12086420,12086420,2850,4347,2850,4347,DATA
2026-03-09,0.0,1650110,1650110,1600,1040,1600,1040,DATA
2026-03-09,2.47,12285715,12285715,8300,1504,8300,1504,Saph
2026-03-09,-1.83,8064515,8064515,3225,2476,3225,2476,DATA
2026-03-09,-7.4,61759695,61759695,1940,30843,1940,30843,DATA
2026-03-09,7.37,8636350,8636350,2040,4333,2040,4333,DATA
2026-03-09,-1.46,11565510,11565510,13200,870,13200,870,SMBC
2026-03-09,1.97,4349610,4349610,3880,1131,3880,1131,DATA
2026-03-09,0.37,180615650,180615650,6825,26419,6825,26419,SIBC
2026-03-09,1.97,79279455,79279455,16800,4817,16800,4817,DATA
2026-03-09,-0.62,12682810,12682810,4031,3139,5700,2220,DATA
2026-03-09,7.19,47143035,47143035,2980,16008,2980,16008,BOA_NIGER
2026-03-09,2.2,36333350,36333350,9300,3919,9300,3919,Palm ci
2026-03-09,1.79,12086420,12086420,2850,4347,2850,4347,Erium ci
2026-03-09,3.69,7353050,7353050,13900,540,13900,540,DATA
2026-03-09,0.23,40882625,40882625,21545,1902,21545,1902,Sitab_ci
2026-03-09,5.26,691375,691375,3905,185,3905,185,Sicor_ci
2026-03-09,-2.86,748000,748000,68000,11,68000,11,Unilever
2026-03-09,-2.86,14628190,14628190,1700,8559,1700,8559,DATA
2026-03-09,0.0,34341365,34341365,35800,956,35800,956,SGB CI
2026-03-09,1.31,25677305,25677305,4655,5566,4655,5566,BOA_MALI
2026-03-09,0.0,29331327,29331327,32,922215,32,922215,ETIT
2026-03-09,0.37,180615650,180615650,6825,26419,6825,26419,DATA
2026-03-09,-2.01,2657255,2657255,3900,695,3900,695,DATA
2026-03-09,0.34,61053940,61053940,2910,21019,2910,21019,DATA
2026-03-09,4.22,138078495,138078495,8650,16460,8650,16460,BOA_CI
2026-03-09,-0.61,21659775,21659775,15555,1378,15555,1378,Orange ci
2026-03-09,0.34,61053940,61053940,2910,21019,2910,21019,Onatel bf
2026-03-09,-0.45,23944815,23944815,3325,7241,3325,7241,DATA
2026-03-09,-1.07,47281375,47281375,3700,12770,3700,12770,DATA
2026-03-09,-2.42,6586165,6586165,2420,2700,2420,2700,Filtisac
2026-03-09,-1.79,30706995,30706995,2200,13962,2200,13962,Vivo energy
2026-03-09,5.26,691375,691375,3905,185,3905,185,DATA
2026-03-09,7.19,47143035,47143035,2980,16008,2980,16008,DATA
2026-03-09,7.49,9996245,9996245,38380,273,38380,273,Solibra
2026-03-09,-0.61,21659775,21659775,15555,1378,15555,1378,DATA
2026-03-09,-0.45,23944815,23944815,3325,7241,3325,7241,CIE CI
2026-03-09,-1.07,47281375,47281375,3700,12770,3700,12770,ORAGROUP_TOGO
2026-03-09,-0.62,12682810,12682810,4031,3139,5700,2220,SAFCA
2026-03-09,-6.67,41939780,41939780,2100,19823,2100,19823,DATA
2026-03-09,7.46,125183730,125183730,7495,17730,7495,17730,BOA_BENIN
2026-03-09,0.0,34341365,34341365,35800,956,35800,956,DATA
2026-03-09,2.2,36333350,36333350,9300,3919,9300,3919,DATA
2026-03-09,-0.04,8133890,8133890,12695,647,12695,647,DATA
2026-03-09,0.23,40882625,40882625,21545,1902,21545,1902,DATA
2026-03-09,-2.86,14628190,14628190,1700,8559,1700,8559,Cfao
2026-03-09,-1.79,30706995,30706995,2200,13962,2200,13962,DATA
2026-03-09,1.97,4349610,4349610,3880,1131,3880,1131,LNBB
2026-03-09,0.0,1650110,1650110,1600,1040,1600,1040,Bernabe
2026-03-09,0.83,4024775,4024775,5450,737,5450,737,Tractafric
2026-03-09,7.37,8636350,8636350,2040,4333,2040,4333,Setao
2026-03-09,3.03,46193475,46193475,6800,6918,6800,6918,DATA
2026-03-09,3.03,46193475,46193475,6800,6918,6800,6918,BOA_SN
2026-03-09,1.97,79279455,79279455,16800,4817,16800,4817,ECOBANK_CI
2026-03-09,7.42,48903320,48903320,5070,9704,5070,9704,BOA_BF
2026-03-09,-0.11,19308730,19308730,8740,2219,8740,2219,SOGB
2026-03-09,-0.04,8133890,8133890,12695,647,12695,647,Nestle
2026-03-09,0.72,19767290,19767290,14000,1414,14000,1414,DATA
2026-03-09,-0.65,20652095,20652095,1540,13654,1540,13654,DATA
2026-03-09,0.77,5199155,5199155,5245,997,5245,997,DATA
2026-03-09,-2.42,6586165,6586165,2420,2700,2420,2700,DATA
2026-03-09,7.46,125183730,125183730,7495,17730,7495,17730,DATA
2026-03-09,-0.44,9275285,9275285,2240,4129,2240,4129,SEMC
2026-03-09,0.17,364841670,364841670,29000,12631,29000,12631,DATA
2026-03-09,7.49,9996245,9996245,38380,273,38380,273,DATA
2026-03-09,0.0,29331327,29331327,32,922215,32,922215,DATA
2026-03-09,-0.44,9275285,9275285,2240,4129,2240,4129,DATA
2026-03-09,7.42,48903320,48903320,5070,9704,5070,9704,DATA
2026-03-09,0.72,5901430,5901430,1400,4245,1400,4245,NEI-CEDA
2026-03-09,1.77,15575450,15575450,25350,617,25350,617,DATA
2026-03-09,-2.8,9991435,9991435,3300,2969,3300,2969,DATA
2026-03-09,-0.11,19308730,19308730,8740,2219,8740,2219,DATA
2026-03-10,1.13,9591325,9591325,9405,1016,9405,1016,DATA
2026-03-10,0.92,10586205,10586205,5500,1934,5500,1934,DATA
2026-03-10,3.78,12666355,12666355,3020,4285,3020,4285,DATA
2026-03-10,0.13,10253230,10253230,7760,1325,7760,1325,DATA
2026-03-10,-2.23,95525075,95525075,35000,2760,35000,2760,DATA
2026-03-10,3.78,12666355,12666355,3020,4285,3020,4285,Onatel bf
2026-03-10,-1.28,12067895,12067895,3850,3085,3850,3085,DATA
2026-03-10,0.0,509493730,509493730,29000,17574,29000,17574,DATA
2026-03-10,0.0,22615505,22615505,8300,2725,8300,2725,Saph
2026-03-10,-0.41,5442275,5442275,2410,2262,2410,2262,DATA
2026-03-10,-0.18,22406680,22406680,2850,7812,2850,7812,Total ci
2026-03-10,1.4,18206185,18206185,25705,700,25705,700,BICC
2026-03-10,4.41,27571160,27571160,1775,15446,1775,15446,DATA
2026-03-10,-2.38,5782950,5782950,16400,352,16400,352,DATA
2026-03-10,2.94,68948450,68948450,7000,9954,7000,9954,DATA
2026-03-10,0.58,61100660,61100660,8700,7038,8700,7038,DATA
2026-03-10,0.16,11568970,11568970,3230,3563,3230,3563,Total senegal
2026-03-10,1.4,18206185,18206185,25705,700,25705,700,DATA
2026-03-10,2.56,140267090,140267090,5200,27033,5200,27033,BOA_BF
2026-03-10,-0.18,22406680,22406680,2850,7812,2850,7812,DATA
2026-03-10,0.0,509493730,509493730,29000,17574,29000,17574,Sonatel
2026-03-10,7.22,19437610,19437610,2080,9887,2080,9887,AGL
2026-03-10,0.0,22615505,22615505,8300,2725,8300,2725,DATA
2026-03-10,0.0,67719095,67719095,14000,4843,14000,4843,NSIA
2026-03-10,0.52,12272400,12272400,3900,3183,3900,3183,LNBB
2026-03-10,0.0,8694820,8694820,1600,5695,1600,5695,DATA
2026-03-10,7.35,3895415,3895415,2190,1798,2190,1798,Setao
2026-03-10,4.99,212555,212555,4100,53,4100,53,Sicor_ci
2026-03-10,-0.53,4627320,4627320,2835,1631,2835,1631,DATA
2026-03-10,-4.69,9265470,9265470,2135,4309,2135,4309,DATA
2026-03-10,6.74,77845550,77845550,8000,10312,8000,10312,DATA
2026-03-10,1.07,41293865,41293865,4705,8815,4705,8815,DATA
2026-03-10,2.27,61569645,61569645,2250,28882,2250,28882,DATA
2026-03-10,0.52,12272400,12272400,3900,3183,3900,3183,DATA
2026-03-10,0.58,61100660,61100660,8700,7038,8700,7038,BOA_CI
2026-03-10,0.16,11568970,11568970,3230,3563,3230,3563,DATA
2026-03-10,-0.53,4627320,4627320,2835,1631,2835,1631,Erium ci
2026-03-10,4.03,130088700,130088700,7100,18357,7100,18357,SIBC
2026-03-10,0.26,28478955,28478955,21600,1322,21600,1322,Sitab_ci
2026-03-10,-1.28,12067895,12067895,3850,3085,3850,3085,Sicable
2026-03-10,0.26,28478955,28478955,21600,1322,21600,1322,DATA
2026-03-10,2.56,140267090,140267090,5200,27033,5200,27033,DATA
2026-03-10,0.72,56490200,56490200,14000,4036,14000,4036,DATA
2026-03-10,2.4,22880300,22880300,13000,1770,13000,1770,DATA
2026-03-10,7.22,19437610,19437610,2080,9887,2080,9887,DATA
2026-03-10,-1.64,28593815,28593815,15300,1844,15300,1844,Orange ci
2026-03-10,7.35,3895415,3895415,2190,1798,2190,1798,DATA
2026-03-10,0.92,10586205,10586205,5500,1934,5500,1934,Tractafric
2026-03-10,0.8,23858115,23858115,8810,2731,8810,2731,DATA
2026-03-10,1.52,84367175,84367175,13400,6300,13400,6300,SMBC
2026-03-10,4.41,27571160,27571160,1775,15446,1775,15446,Cfao
2026-03-10,3.03,62166940,62166940,3400,18207,3400,18207,DATA
2026-03-10,2.94,68948450,68948450,7000,9954,7000,9954,BOA_SN
2026-03-10,1.52,84367175,84367175,13400,6300,13400,6300,DATA
2026-03-10,-2.23,95525075,95525075,35000,2760,35000,2760,SGB CI
2026-03-10,-0.75,13684905,13684905,3300,4167,3300,4167,DATA
2026-03-10,0.8,23858115,23858115,8810,2731,8810,2731,SOGB
2026-03-10,1.79,5814135,5814135,1425,4160,1425,4160,NEI-CEDA
2026-03-10,-4.69,9265470,9265470,2135,4309,2135,4309,SEMC
2026-03-10,2.4,22880300,22880300,13000,1770,13000,1770,Nestle
2026-03-10,-1.64,28593815,28593815,15300,1844,15300,1844,DATA
2026-03-10,0.72,56490200,56490200,14000,4036,14000,4036,CORIS_BANK
2026-03-10,4.99,212555,212555,4100,53,4100,53,DATA
2026-03-10,2.03,43416785,43416785,3775,11392,3775,11392,DATA
2026-03-10,7.02,42685580,42685580,4314,10111,6100,7150,SAFCA
2026-03-10,-2.27,9304020,9304020,1505,6195,1505,6195,DATA
2026-03-10,3.03,62166940,62166940,3400,18207,3400,18207,Servair
2026-03-10,5.88,1078305,1078305,72000,15,72000,15,DATA
2026-03-10,0.0,67719095,67719095,14000,4843,14000,4843,DATA
2026-03-10,-0.86,42623000,42623000,5200,8173,5200,8173,BICB
2026-03-10,-0.75,13684905,13684905,3300,4167,3300,4167,CIE CI
2026-03-10,1.65,22889805,22889805,39015,572,39015,572,Solibra
2026-03-10,-2.27,9304020,9304020,1505,6195,1505,6195,Sucrivoire
2026-03-10,2.27,61569645,61569645,2250,28882,2250,28882,Vivo energy
2026-03-10,7.02,42685580,42685580,4314,10111,6100,7150,DATA
2026-03-10,1.65,22889805,22889805,39015,572,39015,572,DATA
2026-03-10,-0.41,5442275,5442275,2410,2262,2410,2262,Filtisac
2026-03-10,1.07,41293865,41293865,4705,8815,4705,8815,BOA_MALI
2026-03-10,0.17,26911760,26911760,2985,9031,2985,9031,BOA_NIGER
2026-03-10,0.17,26911760,26911760,2985,9031,2985,9031,DATA
2026-03-10,2.03,43416785,43416785,3775,11392,3775,11392,ORAGROUP_TOGO
2026-03-10,6.74,77845550,77845550,8000,10312,8000,10312,BOA_BENIN
2026-03-10,0.0,8694820,8694820,1600,5695,1600,5695,Bernabe
2026-03-10,-0.86,42623000,42623000,5200,8173,5200,8173,DATA
2026-03-10,1.13,9591325,9591325,9405,1016,9405,1016,Palm ci
2026-03-10,4.03,130088700,130088700,7100,18357,7100,18357,DATA
2026-03-10,0.0,17193995,17193995,32,538111,32,538111,ETIT
2026-03-10,0.0,41666340,41666340,2100,20530,2100,20530,Uniwax
2026-03-10,0.13,10253230,10253230,7760,1325,7760,1325,SODE CI
2026-03-10,-2.38,5782950,5782950,16400,352,16400,352,ECOBANK_CI
2026-03-10,0.0,41666340,41666340,2100,20530,2100,20530,DATA
2026-03-10,5.88,1078305,1078305,72000,15,72000,15,Unilever
2026-03-10,1.79,5814135,5814135,1425,4160,1425,4160,DATA
2026-03-10,0.0,17193995,17193995,32,538111,32,538111,DATA
2026-03-11,-0.48,8300390,8300390,5175,1597,5175,1597,BICB
2026-03-11,0.0,41855940,41855940,7100,5889,7100,5889,SIBC
2026-03-11,0.0,41855940,41855940,7100,5889,7100,5889,DATA
2026-03-11,-0.71,37379015,37379015,13900,2699,13900,2699,NSIA
2026-03-11,0.0,3543945,3543945,1775,2003,1775,2003,Cfao
2026-03-11,0.0,7176125,7176125,3900,1822,3900,1822,LNBB
2026-03-11,0.46,17769230,17769230,3245,5503,3245,5503,DATA
2026-03-11,-0.3,5415435,5415435,13360,405,13360,405,DATA
2026-03-11,0.46,17769230,17769230,3245,5503,3245,5503,Total senegal
2026-03-11,2.24,93371675,93371675,8895,10661,8895,10661,BOA_CI
2026-03-11,-4.76,34123100,34123100,2000,17067,2000,17067,Uniwax
2026-03-11,0.53,20278625,20278625,4730,4303,4730,4303,BOA_MALI
2026-03-11,-1.52,39194085,39194085,3250,12005,3250,12005,CIE CI
2026-03-11,7.31,14859450,14859450,2350,6341,2350,6341,Setao
2026-03-11,0.0,478425,478425,4100,120,4100,120,Sicor_ci
2026-03-11,-1.74,34280205,34280205,4239,7935,5995,5611,DATA
2026-03-11,1.2,25011055,25011055,8400,2972,8400,2972,Saph
2026-03-11,-4.76,34123100,34123100,2000,17067,2000,17067,DATA
2026-03-11,0.0,14956065,14956065,2250,6749,2250,6749,DATA
2026-03-11,-3.75,88422405,88422405,5005,17348,5005,17348,DATA
2026-03-11,-2.86,88345330,88345330,34000,2569,34000,2569,DATA
2026-03-11,0.0,1671000,1671000,72000,23,72000,23,Unilever
2026-03-11,0.0,11213845,11213845,3020,3725,3020,3725,DATA
2026-03-11,1.24,24765945,24765945,39500,620,39500,620,DATA
2026-03-11,-1.82,16227790,16227790,5400,2860,5400,2860,DATA
2026-03-11,-0.69,201010590,201010590,28800,6979,28800,6979,DATA
2026-03-11,-4.81,24584660,24584660,1980,12125,1980,12125,DATA
2026-03-11,-1.75,4527910,4527910,1400,3308,1400,3308,DATA
2026-03-11,-1.75,4527910,4527910,1400,3308,1400,3308,NEI-CEDA
2026-03-11,0.05,15878345,15878345,9410,1687,9410,1687,DATA
2026-03-11,-7.4,10071125,10071125,3565,2825,3565,2825,DATA
2026-03-11,1.36,32433235,32433235,26055,1178,26055,1178,DATA
2026-03-11,0.0,45766420,45766420,32,1462181,32,1462181,DATA
2026-03-11,-1.39,41930465,41930465,21300,1945,21300,1945,DATA
2026-03-11,-0.15,9977625,9977625,3395,2957,3395,2957,DATA
2026-03-11,-2.86,88345330,88345330,34000,2569,34000,2569,SGB CI
2026-03-11,1.36,32433235,32433235,26055,1178,26055,1178,BICC
2026-03-11,-1.74,34280205,34280205,4239,7935,5995,5611,SAFCA
2026-03-11,7.31,14859450,14859450,2350,6341,2350,6341,DATA
2026-03-11,0.0,3543945,3543945,1775,2003,1775,2003,DATA
2026-03-11,0.0,22805120,22805120,8810,2567,8810,2567,DATA
2026-03-11,-0.04,3445045,3445045,12995,266,12995,266,DATA
2026-03-11,1.06,17744920,17744920,3815,4618,3815,4618,ORAGROUP_TOGO
2026-03-11,0.03,11676505,11676505,16405,706,16405,706,DATA
2026-03-11,0.0,1671000,1671000,72000,23,72000,23,DATA
2026-03-11,0.0,45766420,45766420,32,1462181,32,1462181,ETIT
2026-03-11,-2.68,7350375,7350375,13625,532,13625,532,CORIS_BANK
2026-03-11,-0.3,5415435,5415435,13360,405,13360,405,SMBC
2026-03-11,0.0,478425,478425,4100,120,4100,120,DATA
2026-03-11,1.88,2722665,2722665,1630,1693,1630,1693,DATA
2026-03-11,-0.07,28883250,28883250,6995,4129,6995,4129,BOA_SN
2026-03-11,2.24,93371675,93371675,8895,10661,8895,10661,DATA
2026-03-11,-0.07,28883250,28883250,6995,4129,6995,4129,DATA
2026-03-11,0.0,14956065,14956065,2250,6749,2250,6749,Vivo energy
2026-03-11,-4.81,24584660,24584660,1980,12125,1980,12125,AGL
2026-03-11,-1.75,184804380,184804380,2800,65735,2800,65735,Total ci
2026-03-11,0.62,9562555,9562555,2425,3920,2425,3920,DATA
2026-03-11,-0.69,201010590,201010590,28800,6979,28800,6979,Sonatel
2026-03-11,-3.75,88422405,88422405,5005,17348,5005,17348,BOA_BF
2026-03-11,1.1,4241860,4241860,7845,558,7845,558,DATA
2026-03-11,-4.41,6345170,6345170,2710,2302,2710,2302,Erium ci
2026-03-11,0.0,11213845,11213845,3020,3725,3020,3725,Onatel bf
2026-03-11,1.2,25011055,25011055,8400,2972,8400,2972,DATA
2026-03-11,0.0,8805420,8805420,15300,570,15300,570,Orange ci
2026-03-11,-1.82,16227790,16227790,5400,2860,5400,2860,Tractafric
2026-03-11,-1.75,184804380,184804380,2800,65735,2800,65735,DATA
2026-03-11,-2.68,7350375,7350375,13625,532,13625,532,DATA
2026-03-11,0.05,15878345,15878345,9410,1687,9410,1687,Palm ci
2026-03-11,-0.04,3445045,3445045,12995,266,12995,266,Nestle
2026-03-11,-1.0,7082360,7082360,1490,4730,1490,4730,Sucrivoire
2026-03-11,0.0,19764305,19764305,2985,6640,2985,6640,BOA_NIGER
2026-03-11,1.24,24765945,24765945,39500,620,39500,620,Solibra
2026-03-11,-0.71,37379015,37379015,13900,2699,13900,2699,DATA
2026-03-11,-1.0,7082360,7082360,1490,4730,1490,4730,DATA
2026-03-11,1.06,17744920,17744920,3815,4618,3815,4618,DATA
2026-03-11,-0.15,9977625,9977625,3395,2957,3395,2957,Servair
2026-03-11,0.0,8805420,8805420,15300,570,15300,570,DATA
2026-03-11,-1.31,63687780,63687780,7895,8273,7895,8273,BOA_BENIN
2026-03-11,-1.52,39194085,39194085,3250,12005,3250,12005,DATA
2026-03-11,0.0,22805120,22805120,8810,2567,8810,2567,SOGB
2026-03-11,1.1,4241860,4241860,7845,558,7845,558,SODE CI
2026-03-11,0.62,9562555,9562555,2425,3920,2425,3920,Filtisac
2026-03-11,-5.85,27115095,27115095,2010,13502,2010,13502,SEMC
2026-03-11,-0.48,8300390,8300390,5175,1597,5175,1597,DATA
2026-03-11,0.03,11676505,11676505,16405,706,16405,706,ECOBANK_CI
2026-03-11,-7.4,10071125,10071125,3565,2825,3565,2825,Sicable
2026-03-11,0.0,19764305,19764305,2985,6640,2985,6640,DATA
2026-03-11,1.88,2722665,2722665,1630,1693,1630,1693,Bernabe
2026-03-11,-1.39,41930465,41930465,21300,1945,21300,1945,Sitab_ci
2026-03-11,-5.85,27115095,27115095,2010,13502,2010,13502,DATA
2026-03-11,-4.41,6345170,6345170,2710,2302,2710,2302,DATA
2026-03-11,0.53,20278625,20278625,4730,4303,4730,4303,DATA
2026-03-11,0.0,7176125,7176125,3900,1822,3900,1822,DATA
2026-03-11,-1.31,63687780,63687780,7895,8273,7895,8273,DATA
2026-03-12,0.0,8508405,8508405,39500,216,39500,216,DATA
2026-03-12,2.16,41874540,41874540,9000,4734,9000,4734,SOGB
2026-03-12,1.07,3700235,3700235,1415,2631,1415,2631,DATA
2026-03-12,0.63,112047185,112047185,7145,15763,7145,15763,DATA
2026-03-12,-0.57,49063630,49063630,7800,6292,7800,6292,SODE CI
2026-03-12,0.3,6263970,6263970,8425,743,8425,743,Saph
2026-03-12,-0.21,5797785,5797785,2420,2388,2420,2388,Filtisac
2026-03-12,1.15,2201380,2201380,3945,564,3945,564,LNBB
2026-03-12,3.9,68048010,68048010,5200,13311,5200,13311,DATA
2026-03-12,0.0,130809685,130809685,13900,9413,13900,9413,NSIA
2026-03-12,-0.92,8486180,8486180,13500,627,13500,627,DATA
2026-03-12,0.0,42797440,42797440,2000,21385,2000,21385,DATA
2026-03-12,-1.17,17187720,17187720,2950,5783,2950,5783,DATA
2026-03-12,-0.73,35687520,35687520,12900,2767,12900,2767,Nestle
2026-03-12,1.62,23936395,23936395,3450,6970,3450,6970,DATA
2026-03-12,-0.5,9717285,9717285,2000,4846,2000,4846,SEMC
2026-03-12,0.42,21969495,21969495,4750,4635,4750,4635,DATA
2026-03-12,1.19,14615680,14615680,16600,876,16600,876,ECOBANK_CI
2026-03-12,2.35,10796890,10796890,21800,496,21800,496,DATA
2026-03-12,-2.22,13724040,13724040,2200,6138,2200,6138,DATA
2026-03-12,0.96,79436015,79436015,9500,8364,9500,8364,Palm ci
2026-03-12,0.36,45341995,45341995,2810,16601,2810,16601,DATA
2026-03-12,1.18,165945460,165945460,9000,18556,9000,18556,BOA_CI
2026-03-12,0.07,63703845,63703845,7000,9144,7000,9144,BOA_SN
2026-03-12,0.77,10020370,10020370,5215,1947,5215,1947,DATA
2026-03-12,0.0,29981636,29981636,32,956923,32,956923,ETIT
2026-03-12,-0.5,9717285,9717285,2000,4846,2000,4846,DATA
2026-03-12,-1.84,5392740,5392740,1600,3361,1600,3361,Bernabe
2026-03-12,-0.12,509515,509515,4095,124,4095,124,DATA
2026-03-12,0.0,7181445,7181445,1490,4812,1490,4812,Sucrivoire
2026-03-12,0.42,21969495,21969495,4750,4635,4750,4635,BOA_MALI
2026-03-12,0.0,8508405,8508405,39500,216,39500,216,Solibra
2026-03-12,0.09,8733550,8733550,4243,2039,6000,1442,DATA
2026-03-12,-1.17,17187720,17187720,2950,5783,2950,5783,BOA_NIGER
2026-03-12,0.0,42797440,42797440,2000,21385,2000,21385,Uniwax
2026-03-12,7.45,62193435,62193435,2525,24752,2525,24752,Setao
2026-03-12,0.77,10020370,10020370,5215,1947,5215,1947,BICB
2026-03-12,0.0,130809685,130809685,13900,9413,13900,9413,DATA
2026-03-12,2.77,46751870,46751870,3340,14161,3340,14161,CIE CI
2026-03-12,2.77,46751870,46751870,3340,14161,3340,14161,DATA
2026-03-12,0.0,7181445,7181445,1490,4812,1490,4812,DATA
2026-03-12,4.72,107813595,107813595,3995,27450,3995,27450,DATA
2026-03-12,4.72,107813595,107813595,3995,27450,3995,27450,ORAGROUP_TOGO
2026-03-12,0.0,29981636,29981636,32,956923,32,956923,DATA
2026-03-12,-0.12,509515,509515,4095,124,4095,124,Sicor_ci
2026-03-12,0.09,8733550,8733550,4243,2039,6000,1442,SAFCA
2026-03-12,3.82,115427480,115427480,35300,3283,35300,3283,SGB CI
2026-03-12,-0.62,56438105,56438105,15205,3705,15205,3705,DATA
2026-03-12,-0.92,8486180,8486180,13500,627,13500,627,CORIS_BANK
2026-03-12,1.62,23936395,23936395,3450,6970,3450,6970,Servair
2026-03-12,-3.32,49001990,49001990,2620,18763,2620,18763,DATA
2026-03-12,0.0,73145645,73145645,7895,9318,7895,9318,BOA_BENIN
2026-03-12,-2.78,1861600,1861600,70000,26,70000,26,DATA
2026-03-12,0.51,28666640,28666640,1990,14679,1990,14679,AGL
2026-03-12,0.15,17742770,17742770,13380,1327,13380,1327,DATA
2026-03-12,-4.47,5044640,5044640,3100,1561,3100,1561,Total senegal
2026-03-12,3.9,68048010,68048010,5200,13311,5200,13311,BOA_BF
2026-03-12,2.48,13455120,13455120,3095,4421,3095,4421,DATA
2026-03-12,-0.57,49063630,49063630,7800,6292,7800,6292,DATA
2026-03-12,-4.51,12326925,12326925,1695,7224,1695,7224,DATA
2026-03-12,0.51,28666640,28666640,1990,14679,1990,14679,DATA
2026-03-12,1.18,165945460,165945460,9000,18556,9000,18556,DATA
2026-03-12,0.69,369165105,369165105,29000,12780,29000,12780,DATA
2026-03-12,2.16,41874540,41874540,9000,4734,9000,4734,DATA
2026-03-12,2.48,13455120,13455120,3095,4421,3095,4421,Onatel bf
2026-03-12,-0.62,56438105,56438105,15205,3705,15205,3705,Orange ci
2026-03-12,-0.21,5797785,5797785,2420,2388,2420,2388,DATA
2026-03-12,-7.43,16872900,16872900,3300,5113,3300,5113,DATA
2026-03-12,0.15,17742770,17742770,13380,1327,13380,1327,SMBC
2026-03-12,2.35,10796890,10796890,21800,496,21800,496,Sitab_ci
2026-03-12,0.3,6263970,6263970,8425,743,8425,743,DATA
2026-03-12,0.63,112047185,112047185,7145,15763,7145,15763,SIBC
2026-03-12,7.45,62193435,62193435,2525,24752,2525,24752,DATA
2026-03-12,-0.73,35687520,35687520,12900,2767,12900,2767,DATA
2026-03-12,-2.22,13724040,13724040,2200,6138,2200,6138,Vivo energy
2026-03-12,-3.7,5219660,5219660,5200,993,5200,993,Tractafric
2026-03-12,0.0,73145645,73145645,7895,9318,7895,9318,DATA
2026-03-12,-7.43,16872900,16872900,3300,5113,3300,5113,Sicable
2026-03-12,0.96,79436015,79436015,9500,8364,9500,8364,DATA
2026-03-12,3.82,115427480,115427480,35300,3283,35300,3283,DATA
2026-03-12,-3.32,49001990,49001990,2620,18763,2620,18763,Erium ci
2026-03-12,3.44,69044570,69044570,26950,2639,26950,2639,BICC
2026-03-12,1.19,14615680,14615680,16600,876,16600,876,DATA
2026-03-12,-2.78,1861600,1861600,70000,26,70000,26,Unilever
2026-03-12,0.36,45341995,45341995,2810,16601,2810,16601,Total ci
2026-03-12,-4.51,12326925,12326925,1695,7224,1695,7224,Cfao
2026-03-12,-4.47,5044640,5044640,3100,1561,3100,1561,DATA
2026-03-12,1.07,3700235,3700235,1415,2631,1415,2631,NEI-CEDA
2026-03-12,3.44,69044570,69044570,26950,2639,26950,2639,DATA
2026-03-12,0.07,63703845,63703845,7000,9144,7000,9144,DATA
2026-03-12,1.15,2201380,2201380,3945,564,3945,564,DATA
2026-03-12,0.69,369165105,369165105,29000,12780,29000,12780,Sonatel
2026-03-12,-3.7,5219660,5219660,5200,993,5200,993,DATA
2026-03-12,-1.84,5392740,5392740,1600,3361,1600,3361,DATA
2026-03-13,0.31,1756415,1756415,12940,136,12940,136,DATA
2026-03-13,-0.05,165246885,165246885,28985,5704,28985,5704,DATA
2026-03-13,-0.57,13135235,13135235,7850,1682,7850,1682,DATA
2026-03-13,-2.32,62738145,62738145,16215,3819,16215,3819,DATA
2026-03-13,-2.32,62738145,62738145,16215,3819,16215,3819,ECOBANK_CI
2026-03-13,0.0,11810625,11810625,2950,4051,2950,4051,BOA_NIGER
2026-03-13,-0.85,123156050,123156050,35000,3578,35000,3578,DATA
2026-03-13,0.0,55013850,55013850,4243,13447,6000,9509,DATA
2026-03-13,-0.53,10969015,10969015,9450,1155,9450,1155,Palm ci
2026-03-13,0.0,276822320,276822320,13500,20550,13500,20550,DATA
2026-03-13,0.03,7262220,7262220,39510,183,39510,183,Solibra
2026-03-13,-6.06,22679800,22679800,4885,4679,4885,4679,Tractafric
2026-03-13,0.0,16356885,16356885,2200,7429,2200,7429,DATA
2026-03-13,-1.57,19802850,19802850,6890,2844,6890,2844,BOA_SN
2026-03-13,1.73,28632785,28632785,5290,5474,5290,5474,DATA
2026-03-13,-0.48,68441570,68441570,21695,3177,21695,3177,DATA
2026-03-13,-1.33,47117655,47117655,7050,6704,7050,6704,DATA
2026-03-13,-1.2,20163550,20163550,3300,6196,3300,6196,CIE CI
2026-03-13,-2.65,4364855,4364855,1650,2678,1650,2678,DATA
2026-03-13,2.16,25485435,25485435,14200,1829,14200,1829,DATA
2026-03-13,-1.27,1930465,1930465,3895,496,3895,496,LNBB
2026-03-13,-0.17,12244380,12244380,8985,1370,8985,1370,SOGB
2026-03-13,0.03,7262220,7262220,39510,183,39510,183,DATA
2026-03-13,-0.48,68441570,68441570,21695,3177,21695,3177,Sitab_ci
2026-03-13,-1.0,20009100,20009100,1980,10085,1980,10085,DATA
2026-03-13,1.73,28632785,28632785,5290,5474,5290,5474,BOA_BF
2026-03-13,1.15,16494140,16494140,2650,6275,2650,6275,Erium ci
2026-03-13,0.0,135240,135240,4095,33,4095,33,Sicor_ci
2026-03-13,0.0,27901469,27901469,32,880922,32,880922,DATA
2026-03-13,-1.35,25274165,25274165,15000,1667,15000,1667,DATA
2026-03-13,0.0,55013850,55013850,4243,13447,6000,9509,SAFCA
2026-03-13,0.31,1756415,1756415,12940,136,12940,136,Nestle
2026-03-13,0.0,135240,135240,4095,33,4095,33,DATA
2026-03-13,-1.57,19802850,19802850,6890,2844,6890,2844,DATA
2026-03-13,-2.38,46869475,46869475,3900,12098,3900,12098,ORAGROUP_TOGO
2026-03-13,-0.53,10969015,10969015,9450,1155,9450,1155,DATA
2026-03-13,1.56,1992140,1992140,1625,1247,1625,1247,Bernabe
2026-03-13,5.35,34273055,34273055,2660,12699,2660,12699,Setao
2026-03-13,-2.65,4364855,4364855,1650,2678,1650,2678,Cfao
2026-03-13,0.0,10333675,10333675,70000,148,70000,148,Unilever
2026-03-13,0.35,132195,132195,1420,93,1420,93,NEI-CEDA
2026-03-13,0.15,2906420,2906420,13400,217,13400,217,DATA
2026-03-13,-0.3,27776555,27776555,3290,8602,3290,8602,Sicable
2026-03-13,0.0,16356885,16356885,2200,7429,2200,7429,Vivo energy
2026-03-13,0.12,7802110,7802110,8435,926,8435,926,DATA
2026-03-13,-0.83,5929545,5929545,7735,763,7735,763,SODE CI
2026-03-13,3.06,4163235,4163235,3195,1328,3195,1328,Total senegal
2026-03-13,-0.17,12244380,12244380,8985,1370,8985,1370,DATA
2026-03-13,-3.32,37569335,37569335,26055,1419,26055,1419,BICC
2026-03-13,-0.83,5929545,5929545,7735,763,7735,763,DATA
2026-03-13,-0.05,165246885,165246885,28985,5704,28985,5704,Sonatel
2026-03-13,2.16,25485435,25485435,14200,1829,14200,1829,NSIA
2026-03-13,-2.49,5630520,5630520,2740,2027,2740,2027,Total ci
2026-03-13,0.35,132195,132195,1420,93,1420,93,DATA
2026-03-13,-0.06,26945175,26945175,8995,3000,8995,3000,DATA
2026-03-13,-1.59,1282870,1282870,3395,376,3395,376,DATA
2026-03-13,-1.24,3728725,3728725,2390,1568,2390,1568,DATA
2026-03-13,0.11,27513875,27513875,4755,5790,4755,5790,DATA
2026-03-13,-6.06,22679800,22679800,4885,4679,4885,4679,DATA
2026-03-13,-3.23,290024285,290024285,2995,97307,2995,97307,DATA
2026-03-13,3.06,4163235,4163235,3195,1328,3195,1328,DATA
2026-03-13,-0.06,26945175,26945175,8995,3000,8995,3000,BOA_CI
2026-03-13,-0.3,27776555,27776555,3290,8602,3290,8602,DATA
2026-03-13,0.12,7802110,7802110,8435,926,8435,926,Saph
2026-03-13,5.35,34273055,34273055,2660,12699,2660,12699,DATA
2026-03-13,0.0,11810625,11810625,2950,4051,2950,4051,DATA
2026-03-13,-0.85,123156050,123156050,35000,3578,35000,3578,SGB CI
2026-03-13,0.15,2906420,2906420,13400,217,13400,217,SMBC
2026-03-13,1.56,1992140,1992140,1625,1247,1625,1247,DATA
2026-03-13,1.15,16494140,16494140,2650,6275,2650,6275,DATA
2026-03-13,-0.25,6718955,6718955,1995,3366,1995,3366,DATA
2026-03-13,-3.32,37569335,37569335,26055,1419,26055,1419,DATA
2026-03-13,-0.25,9418090,9418090,1985,4737,1985,4737,DATA
2026-03-13,-0.25,9418090,9418090,1985,4737,1985,4737,AGL
2026-03-13,-1.27,1930465,1930465,3895,496,3895,496,DATA
2026-03-13,0.0,27901469,27901469,32,880922,32,880922,ETIT
2026-03-13,0.0,276822320,276822320,13500,20550,13500,20550,CORIS_BANK
2026-03-13,-1.33,47117655,47117655,7050,6704,7050,6704,SIBC
2026-03-13,-0.67,8344460,8344460,1480,5702,1480,5702,Sucrivoire
2026-03-13,0.1,1456275,1456275,5220,279,5220,279,DATA
2026-03-13,-3.23,290024285,290024285,2995,97307,2995,97307,Onatel bf
2026-03-13,-0.67,8344460,8344460,1480,5702,1480,5702,DATA
2026-03-13,0.0,10333675,10333675,70000,148,70000,148,DATA
2026-03-13,-0.25,6718955,6718955,1995,3366,1995,3366,SEMC
2026-03-13,-1.2,20163550,20163550,3300,6196,3300,6196,DATA
2026-03-13,-0.57,13135235,13135235,7850,1682,7850,1682,BOA_BENIN
2026-03-13,-2.38,46869475,46869475,3900,12098,3900,12098,DATA
2026-03-13,-1.35,25274165,25274165,15000,1667,15000,1667,Orange ci
2026-03-13,-1.0,20009100,20009100,1980,10085,1980,10085,Uniwax
2026-03-13,-2.49,5630520,5630520,2740,2027,2740,2027,DATA
2026-03-13,-1.59,1282870,1282870,3395,376,3395,376,Servair
2026-03-13,0.1,1456275,1456275,5220,279,5220,279,BICB
2026-03-13,0.11,27513875,27513875,4755,5790,4755,5790,BOA_MALI
2026-03-13,-1.24,3728725,3728725,2390,1568,2390,1568,Filtisac
2026-03-17,-1.69,10532805,10532805,1455,7192,1455,7192,DATA
2026-03-17,-0.92,2605850,2605850,1610,1624,1610,1624,Bernabe
2026-03-17,0.19,59929390,59929390,5300,11293,5300,11293,DATA
2026-03-17,0.0,36667710,36667710,14200,2615,14200,2615,DATA
2026-03-17,-1.0,8684365,8684365,1975,4377,1975,4377,DATA
2026-03-17,-7.46,69908090,69908090,2730,25606,2730,25606,BOA_NIGER
2026-03-17,-0.11,94700095,94700095,9440,10014,9440,10014,Palm ci
2026-03-17,-5.13,51772025,51772025,3700,14164,3700,14164,DATA
2026-03-17,-0.29,160026705,160026705,34900,4554,34900,4554,SGB CI
2026-03-17,0.33,9673750,9673750,15050,642,15050,642,DATA
2026-03-17,-7.33,14424635,14424635,2465,5644,2465,5644,Setao
2026-03-17,0.03,385118220,385118220,28995,13330,28995,13330,Sonatel
2026-03-17,-1.0,8684365,8684365,1975,4377,1975,4377,SEMC
2026-03-17,-0.01,14475160,14475160,39505,366,39505,366,Solibra
2026-03-17,-0.47,9221535,9221535,8395,1097,8395,1097,Saph
2026-03-17,-1.06,37623105,37623105,8900,4261,8900,4261,BOA_CI
2026-03-17,-0.23,22790415,22790415,2195,10456,2195,10456,DATA
2026-03-17,0.04,225909285,225909285,13505,16780,13505,16780,DATA
2026-03-17,5.76,16378935,16378935,1745,9897,1745,9897,Cfao
2026-03-17,0.47,12956460,12956460,3210,4042,3210,4042,DATA
2026-03-17,-0.7,2361990,2361990,1410,1669,1410,1669,NEI-CEDA
2026-03-17,-0.92,2605850,2605850,1610,1624,1610,1624,DATA
2026-03-17,-4.27,11421455,11421455,3250,3448,3250,3448,Servair
2026-03-17,-1.69,10532805,10532805,1455,7192,1455,7192,Sucrivoire
2026-03-17,-2.44,6482930,6482930,3800,1700,3800,1700,DATA
2026-03-17,-1.02,35510445,35510445,6820,5203,6820,5203,BOA_SN
2026-03-17,0.73,18106735,18106735,2760,6545,2760,6545,DATA
2026-03-17,-1.06,37623105,37623105,8900,4261,8900,4261,DATA
2026-03-17,0.4,28756235,28756235,16280,1751,16280,1751,ECOBANK_CI
2026-03-17,0.33,9673750,9673750,15050,642,15050,642,Orange ci
2026-03-17,1.7,15429345,15429345,2695,5832,2695,5832,Erium ci
2026-03-17,-0.95,17938045,17938045,8900,2017,8900,2017,DATA
2026-03-17,0.73,18106735,18106735,2760,6545,2760,6545,Total ci
2026-03-17,-1.02,35510445,35510445,6820,5203,6820,5203,DATA
2026-03-17,-0.31,5173670,5173670,12900,413,12900,413,Nestle
2026-03-17,0.57,18564280,18564280,5250,3564,5250,3564,DATA
2026-03-17,-4.18,3672525,3672525,2290,1576,2290,1576,Filtisac
2026-03-17,0.19,59929390,59929390,5300,11293,5300,11293,BOA_BF
2026-03-17,0.84,33913200,33913200,7800,4378,7800,4378,DATA
2026-03-17,-0.95,17938045,17938045,8900,2017,8900,2017,SOGB
2026-03-17,-4.18,3672525,3672525,2290,1576,2290,1576,DATA
2026-03-17,-2.1,47982715,47982715,7685,6168,7685,6168,DATA
2026-03-17,0.0,16950295,16950295,3300,5236,3300,5236,DATA
2026-03-17,0.03,385118220,385118220,28995,13330,28995,13330,DATA
2026-03-17,-0.47,9221535,9221535,8395,1097,8395,1097,DATA
2026-03-17,0.84,33913200,33913200,7800,4378,7800,4378,SODE CI
2026-03-17,-0.23,22790415,22790415,2195,10456,2195,10456,Vivo energy
2026-03-17,-1.84,27093305,27093305,4795,5885,4795,5885,Tractafric
2026-03-17,-0.3,9572255,9572255,3280,2925,3280,2925,Sicable
2026-03-17,-2.1,47982715,47982715,7685,6168,7685,6168,BOA_BENIN
2026-03-17,0.32,35093395,35093395,4770,7359,4770,7359,DATA
2026-03-17,-2.44,6482930,6482930,3800,1700,3800,1700,LNBB
2026-03-17,-0.02,16236890,16236890,21690,752,21690,752,Sitab_ci
2026-03-17,-7.46,69908090,69908090,2730,25606,2730,25606,DATA
2026-03-17,1.7,15429345,15429345,2695,5832,2695,5832,DATA
2026-03-17,0.0,36667710,36667710,14200,2615,14200,2615,NSIA
2026-03-17,-0.5,8241975,8241975,2980,2825,2980,2825,DATA
2026-03-17,-1.84,27093305,27093305,4795,5885,4795,5885,DATA
2026-03-17,-0.29,160026705,160026705,34900,4554,34900,4554,DATA
2026-03-17,-0.59,15649350,15649350,25900,594,25900,594,BICC
2026-03-17,-7.14,8516140,8516140,65000,128,65000,128,Unilever
2026-03-17,0.4,28756235,28756235,16280,1751,16280,1751,DATA
2026-03-17,-1.01,13471320,13471320,1965,6815,1965,6815,AGL
2026-03-17,0.47,12956460,12956460,3210,4042,3210,4042,Total senegal
2026-03-17,-0.75,18215065,18215065,13300,1363,13300,1363,DATA
2026-03-17,-0.76,18923230,18923230,1965,9556,1965,9556,DATA
2026-03-17,0.35,134790755,134790755,7075,19110,7075,19110,SIBC
2026-03-17,-0.7,2361990,2361990,1410,1669,1410,1669,DATA
2026-03-17,-1.01,13471320,13471320,1965,6815,1965,6815,DATA
2026-03-17,-0.01,14475160,14475160,39505,366,39505,366,DATA
2026-03-17,-4.17,26312700,26312700,4066,6388,5750,4517,SAFCA
2026-03-17,-5.13,51772025,51772025,3700,14164,3700,14164,ORAGROUP_TOGO
2026-03-17,-7.14,8516140,8516140,65000,128,65000,128,DATA
2026-03-17,-4.27,11421455,11421455,3250,3448,3250,3448,DATA
2026-03-17,-0.5,8241975,8241975,2980,2825,2980,2825,Onatel bf
2026-03-17,0.0,14684435,14684435,32,460741,32,460741,DATA
2026-03-17,0.0,16950295,16950295,3300,5236,3300,5236,CIE CI
2026-03-17,0.57,18564280,18564280,5250,3564,5250,3564,BICB
2026-03-17,0.35,134790755,134790755,7075,19110,7075,19110,DATA
2026-03-17,-0.76,18923230,18923230,1965,9556,1965,9556,Uniwax
2026-03-17,-4.17,26312700,26312700,4066,6388,5750,4517,DATA
2026-03-17,0.32,35093395,35093395,4770,7359,4770,7359,BOA_MALI
2026-03-17,0.0,14684435,14684435,32,460741,32,460741,ETIT
2026-03-17,-0.59,15649350,15649350,25900,594,25900,594,DATA
2026-03-17,0.04,225909285,225909285,13505,16780,13505,16780,CORIS_BANK
2026-03-17,5.76,16378935,16378935,1745,9897,1745,9897,DATA
2026-03-17,-0.11,94700095,94700095,9440,10014,9440,10014,DATA
2026-03-17,-0.75,18215065,18215065,13300,1363,13300,1363,SMBC
2026-03-17,-7.33,14424635,14424635,2465,5644,2465,5644,DATA
2026-03-17,-0.3,9572255,9572255,3280,2925,3280,2925,DATA
2026-03-17,-0.02,16236890,16236890,21690,752,21690,752,DATA
2026-03-17,-0.31,5173670,5173670,12900,413,12900,413,DATA
2026-03-18,-7.49,8573590,8573590,60130,138,60130,138,DATA
2026-03-18,2.08,31589920,31589920,7845,4067,7845,4067,DATA
2026-03-18,-0.38,3771200,3771200,13250,284,13250,284,SMBC
2026-03-18,0.31,22718275,22718275,4785,4765,4785,4765,BOA_MALI
2026-03-18,-1.07,2630270,2630270,3245,813,3245,813,DATA
2026-03-18,-0.13,1160760,1160760,7790,149,7790,149,SODE CI
2026-03-18,0.39,10634100,10634100,26000,408,26000,408,DATA
2026-03-18,1.71,4324010,4324010,3265,1391,3265,1391,DATA
2026-03-18,-0.22,4346025,4346025,8880,489,8880,489,SOGB
2026-03-18,-0.95,4913605,4913605,5200,947,5200,947,DATA
2026-03-18,0.0,18527972,18527972,32,582860,32,582860,ETIT
2026-03-18,0.0,7518185,7518185,15050,500,15050,500,Orange ci
2026-03-18,0.0,6272825,6272825,1975,3165,1975,3165,DATA
2026-03-18,-0.54,3971880,3971880,8350,474,8350,474,Saph
2026-03-18,3.16,47984315,47984315,16795,2940,16795,2940,ECOBANK_CI
2026-03-18,5.07,21670275,21670275,2900,7707,2900,7707,DATA
2026-03-18,0.52,6103635,6103635,4087,1483,5780,1049,SAFCA
2026-03-18,0.04,66572050,66572050,13510,4943,13510,4943,CORIS_BANK
2026-03-18,-0.08,3797975,3797975,12890,296,12890,296,Nestle
2026-03-18,-7.3,14356800,14356800,2285,6264,2285,6264,DATA
2026-03-18,1.09,4054185,4054185,2315,1769,2315,1769,Filtisac
2026-03-18,-1.06,41332910,41332910,7000,5859,7000,5859,DATA
2026-03-18,2.26,17431675,17431675,5420,3233,5420,3233,DATA
2026-03-18,-3.03,8593430,8593430,3200,2661,3200,2661,DATA
2026-03-18,-4.4,52130955,52130955,2610,20168,2610,20168,DATA
2026-03-18,-1.28,11694490,11694490,39000,297,39000,297,DATA
2026-03-18,0.0,2378455,2378455,1410,1689,1410,1689,NEI-CEDA
2026-03-18,0.95,34131745,34131745,21895,1575,21895,1575,DATA
2026-03-18,-1.28,11694490,11694490,39000,297,39000,297,Solibra
2026-03-18,0.0,3358475,3358475,3250,1016,3250,1016,DATA
2026-03-18,0.0,6272825,6272825,1975,3165,1975,3165,SEMC
2026-03-18,-4.87,2568170,2568170,2835,897,2835,897,Onatel bf
2026-03-18,-5.41,39588005,39588005,3500,11074,3500,11074,DATA
2026-03-18,0.52,6103635,6103635,4087,1483,5780,1049,DATA
2026-03-18,1.78,21824985,21824985,2000,10968,2000,10968,Uniwax
2026-03-18,2.08,31589920,31589920,7845,4067,7845,4067,BOA_BENIN
2026-03-18,0.34,4840945,4840945,1460,3307,1460,3307,DATA
2026-03-18,3.15,11057065,11057065,36000,313,36000,313,SGB CI
2026-03-18,0.0,18527972,18527972,32,582860,32,582860,DATA
2026-03-18,-1.41,10477605,10477605,14000,741,14000,741,DATA
2026-03-18,-4.4,52130955,52130955,2610,20168,2610,20168,BOA_NIGER
2026-03-18,0.0,3358475,3358475,3250,1016,3250,1016,Servair
2026-03-18,0.0,7518185,7518185,15050,500,15050,500,DATA
2026-03-18,0.86,6384190,6384190,1760,3644,1760,3644,Cfao
2026-03-18,-0.95,4913605,4913605,5200,947,5200,947,BICB
2026-03-18,-3.03,8593430,8593430,3200,2661,3200,2661,CIE CI
2026-03-18,0.34,4840945,4840945,1460,3307,1460,3307,Sucrivoire
2026-03-18,-7.2,220440,220440,3800,58,3800,58,DATA
2026-03-18,-1.06,41332910,41332910,7000,5859,7000,5859,SIBC
2026-03-18,1.17,124253105,124253105,6900,17974,6900,17974,BOA_SN
2026-03-18,-1.43,25218870,25218870,9305,2709,9305,2709,Palm ci
2026-03-18,-4.87,2568170,2568170,2835,897,2835,897,DATA
2026-03-18,0.0,64375570,64375570,28995,2221,28995,2221,DATA
2026-03-18,-5.41,39588005,39588005,3500,11074,3500,11074,ORAGROUP_TOGO
2026-03-18,-0.54,3971880,3971880,8350,474,8350,474,DATA
2026-03-18,-0.23,4745380,4745380,2190,2172,2190,2172,DATA
2026-03-18,-7.49,8573590,8573590,60130,138,60130,138,Unilever
2026-03-18,-2.09,17739690,17739690,4695,3934,4695,3934,Tractafric
2026-03-18,-1.07,2630270,2630270,3245,813,3245,813,Sicable
2026-03-18,0.39,10634100,10634100,26000,408,26000,408,BICC
2026-03-18,1.09,4054185,4054185,2315,1769,2315,1769,DATA
2026-03-18,3.15,11057065,11057065,36000,313,36000,313,DATA
2026-03-18,0.86,6384190,6384190,1760,3644,1760,3644,DATA
2026-03-18,-0.23,4745380,4745380,2190,2172,2190,2172,Vivo energy
2026-03-18,1.32,2679250,2679250,3850,702,3850,702,LNBB
2026-03-18,-2.17,3062925,3062925,1575,1911,1575,1911,DATA
2026-03-18,1.32,2679250,2679250,3850,702,3850,702,DATA
2026-03-18,-7.2,220440,220440,3800,58,3800,58,Sicor_ci
2026-03-18,-2.09,17739690,17739690,4695,3934,4695,3934,DATA
2026-03-18,0.95,34131745,34131745,21895,1575,21895,1575,Sitab_ci
2026-03-18,-7.38,23357520,23357520,1820,12470,1820,12470,DATA
2026-03-18,-1.43,25218870,25218870,9305,2709,9305,2709,DATA
2026-03-18,-2.17,3062925,3062925,1575,1911,1575,1911,Bernabe
2026-03-18,3.16,47984315,47984315,16795,2940,16795,2940,DATA
2026-03-18,-0.19,6068065,6068065,2690,2260,2690,2260,DATA
2026-03-18,0.04,66572050,66572050,13510,4943,13510,4943,DATA
2026-03-18,-1.41,10477605,10477605,14000,741,14000,741,NSIA
2026-03-18,-0.38,3771200,3771200,13250,284,13250,284,DATA
2026-03-18,-0.22,4346025,4346025,8880,489,8880,489,DATA
2026-03-18,-7.3,14356800,14356800,2285,6264,2285,6264,Setao
2026-03-18,5.07,21670275,21670275,2900,7707,2900,7707,Total ci
2026-03-18,-0.08,3797975,3797975,12890,296,12890,296,DATA
2026-03-18,0.45,33555365,33555365,8940,3767,8940,3767,DATA
2026-03-18,-0.19,6068065,6068065,2690,2260,2690,2260,Erium ci
2026-03-18,2.26,17431675,17431675,5420,3233,5420,3233,BOA_BF
2026-03-18,1.71,4324010,4324010,3265,1391,3265,1391,Total senegal
2026-03-18,0.0,2378455,2378455,1410,1689,1410,1689,DATA
2026-03-18,-0.13,1160760,1160760,7790,149,7790,149,DATA
2026-03-18,0.45,33555365,33555365,8940,3767,8940,3767,BOA_CI
2026-03-18,-7.38,23357520,23357520,1820,12470,1820,12470,AGL
2026-03-18,0.31,22718275,22718275,4785,4765,4785,4765,DATA
2026-03-18,1.78,21824985,21824985,2000,10968,2000,10968,DATA
2026-03-18,1.17,124253105,124253105,6900,17974,6900,17974,DATA
2026-03-18,0.0,64375570,64375570,28995,2221,28995,2221,Sonatel
2026-03-19,-3.86,25010645,25010645,3365,7361,3365,7361,DATA
2026-03-19,1.08,3292350,3292350,3280,1008,3280,1008,DATA
2026-03-19,0.41,76847890,76847890,21985,3550,21985,3550,Sitab_ci
2026-03-19,0.06,33210880,33210880,7850,4309,7850,4309,DATA
2026-03-19,0.48,17420970,17420970,9350,1863,9350,1863,Palm ci
2026-03-19,-1.16,2343910,2343910,7700,313,7700,313,SODE CI
2026-03-19,5.82,17354940,17354940,3000,5827,3000,5827,Onatel bf
2026-03-19,3.13,17510405,17510405,3300,5328,3300,5328,DATA
2026-03-19,5.48,20282800,20282800,1540,13624,1540,13624,Sucrivoire
2026-03-19,0.0,77888346,77888346,32,2468429,32,2468429,ETIT
2026-03-19,1.99,13219770,13219770,1795,7594,1795,7594,DATA
2026-03-19,0.22,2949170,2949170,2320,1263,2320,1263,Filtisac
2026-03-19,-2.87,28093220,28093220,2535,11069,2535,11069,BOA_NIGER
2026-03-19,-0.52,33399185,33399185,4760,7006,4760,7006,BOA_MALI
2026-03-19,-1.88,8269915,8269915,59000,139,59000,139,Unilever
2026-03-19,-1.39,157151135,157151135,35500,4445,35500,4445,SGB CI
2026-03-19,1.41,8027105,8027105,13700,574,13700,574,DATA
2026-03-19,1.32,333750,333750,3850,86,3850,86,DATA
2026-03-19,5.82,17354940,17354940,3000,5827,3000,5827,DATA
2026-03-19,0.71,134943910,134943910,7050,19239,7050,19239,DATA
2026-03-19,-2.68,59989380,59989380,8700,6713,8700,6713,BOA_CI
2026-03-19,0.46,9838355,9838355,2200,4517,2200,4517,Vivo energy
2026-03-19,-0.56,9865125,9865125,2675,3696,2675,3696,Erium ci
2026-03-19,7.19,41803310,41803310,4381,9742,6195,6889,DATA
2026-03-19,-6.59,20779005,20779005,1700,11729,1700,11729,AGL
2026-03-19,0.46,9838355,9838355,2200,4517,2200,4517,DATA
2026-03-19,0.65,6377040,6377040,16905,379,16905,379,DATA
2026-03-19,-0.56,9865125,9865125,2675,3696,2675,3696,DATA
2026-03-19,-1.39,157151135,157151135,35500,4445,35500,4445,DATA
2026-03-19,0.48,17420970,17420970,9350,1863,9350,1863,DATA
2026-03-19,1.59,518690,518690,1600,328,1600,328,DATA
2026-03-19,0.22,2949170,2949170,2320,1263,2320,1263,DATA
2026-03-19,0.0,12921785,12921785,12890,1003,12890,1003,DATA
2026-03-19,0.41,76847890,76847890,21985,3550,21985,3550,DATA
2026-03-19,1.99,13219770,13219770,1795,7594,1795,7594,Cfao
2026-03-19,0.0,3196550,3196550,1410,2278,1410,2278,DATA
2026-03-19,1.08,3292350,3292350,3280,1008,3280,1008,Sicable
2026-03-19,3.06,8581940,8581940,2355,3780,2355,3780,Setao
2026-03-19,-7.49,164650170,164650170,7725,20549,7725,20549,DATA
2026-03-19,-0.52,33399185,33399185,4760,7006,4760,7006,DATA
2026-03-19,1.59,518690,518690,1600,328,1600,328,Bernabe
2026-03-19,1.32,333750,333750,3850,86,3850,86,Sicor_ci
2026-03-19,-7.49,164650170,164650170,7725,20549,7725,20549,Saph
2026-03-19,0.0,25327325,25327325,2000,12656,2000,12656,DATA
2026-03-19,0.0,7409630,7409630,3265,2279,3265,2279,DATA
2026-03-19,0.71,134943910,134943910,7050,19239,7050,19239,SIBC
2026-03-19,1.41,8027105,8027105,13700,574,13700,574,CORIS_BANK
2026-03-19,0.38,4687990,4687990,13300,357,13300,357,DATA
2026-03-19,0.0,7409630,7409630,3265,2279,3265,2279,Total senegal
2026-03-19,-1.88,8269915,8269915,59000,139,59000,139,DATA
2026-03-19,0.0,7274980,7274980,5200,1413,5200,1413,BICB
2026-03-19,0.0,25327325,25327325,2000,12656,2000,12656,Uniwax
2026-03-19,-1.71,54492730,54492730,25555,2038,25555,2038,BICC
2026-03-19,0.11,5520370,5520370,4700,1208,4700,1208,DATA
2026-03-19,-1.16,2343910,2343910,7700,313,7700,313,DATA
2026-03-19,7.38,13637505,13637505,3490,3953,3490,3953,DATA
2026-03-19,-6.59,20779005,20779005,1700,11729,1700,11729,DATA
2026-03-19,0.0,77888346,77888346,32,2468429,32,2468429,DATA
2026-03-19,-0.67,97548285,97548285,28800,3365,28800,3365,Sonatel
2026-03-19,3.13,17510405,17510405,3300,5328,3300,5328,CIE CI
2026-03-19,0.38,4687990,4687990,13300,357,13300,357,SMBC
2026-03-19,3.06,8581940,8581940,2355,3780,2355,3780,DATA
2026-03-19,7.19,41803310,41803310,4381,9742,6195,6889,SAFCA
2026-03-19,-3.86,25010645,25010645,3365,7361,3365,7361,ORAGROUP_TOGO
2026-03-19,-2.87,28093220,28093220,2535,11069,2535,11069,DATA
2026-03-19,0.0,3513185,3513185,3850,921,3850,921,LNBB
2026-03-19,0.0,3513185,3513185,3850,921,3850,921,DATA
2026-03-19,1.07,9336425,9336425,14150,661,14150,661,NSIA
2026-03-19,7.38,13637505,13637505,3490,3953,3490,3953,Servair
2026-03-19,-2.03,89683495,89683495,8700,10291,8700,10291,SOGB
2026-03-19,0.0,12921785,12921785,12890,1003,12890,1003,Nestle
2026-03-19,5.48,20282800,20282800,1540,13624,1540,13624,DATA
2026-03-19,1.72,145777305,145777305,2950,49250,2950,49250,Total ci
2026-03-19,-0.46,18220790,18220790,5395,3377,5395,3377,DATA
2026-03-19,0.06,33210880,33210880,7850,4309,7850,4309,BOA_BENIN
2026-03-19,0.25,9700220,9700220,1980,4905,1980,4905,DATA
2026-03-19,-3.32,30298145,30298145,14550,2032,14550,2032,DATA
2026-03-19,-1.71,54492730,54492730,25555,2038,25555,2038,DATA
2026-03-19,0.0,29648735,29648735,6900,4316,6900,4316,BOA_SN
2026-03-19,1.07,9336425,9336425,14150,661,14150,661,DATA
2026-03-19,-0.46,18220790,18220790,5395,3377,5395,3377,BOA_BF
2026-03-19,0.25,9700220,9700220,1980,4905,1980,4905,SEMC
2026-03-19,-2.68,59989380,59989380,8700,6713,8700,6713,DATA
2026-03-19,-0.67,97548285,97548285,28800,3365,28800,3365,DATA
2026-03-19,-3.32,30298145,30298145,14550,2032,14550,2032,Orange ci
2026-03-19,0.0,3196550,3196550,1410,2278,1410,2278,NEI-CEDA
2026-03-19,-2.03,89683495,89683495,8700,10291,8700,10291,DATA
2026-03-19,1.72,145777305,145777305,2950,49250,2950,49250,DATA
2026-03-19,0.11,5520370,5520370,4700,1208,4700,1208,Tractafric
2026-03-19,0.51,7280450,7280450,39200,185,39200,185,Solibra
2026-03-19,0.51,7280450,7280450,39200,185,39200,185,DATA
2026-03-19,0.65,6377040,6377040,16905,379,16905,379,ECOBANK_CI
2026-03-19,0.0,29648735,29648735,6900,4316,6900,4316,DATA
2026-03-19,0.0,7274980,7274980,5200,1413,5200,1413,DATA
2026-03-23,7.43,129742565,129742565,3615,36643,3615,36643,DATA
2026-03-23,-2.13,8892245,8892245,1380,6467,1380,6467,DATA
2026-03-23,-0.04,4454870,4454870,13295,342,13295,342,DATA
2026-03-23,-2.08,479581820,479581820,28200,16961,28200,16961,Sonatel
2026-03-23,-3.17,39750385,39750385,24745,1558,24745,1558,DATA
2026-03-23,0.0,3178705,3178705,7700,425,7700,425,SODE CI
2026-03-23,0.0,17746375,17746375,3000,5910,3000,5910,DATA
2026-03-23,7.35,7613285,7613285,1825,4188,1825,4188,DATA
2026-03-23,-3.17,39750385,39750385,24745,1558,24745,1558,BICC
2026-03-23,-2.13,8892245,8892245,1380,6467,1380,6467,NEI-CEDA
2026-03-23,0.51,7120760,7120760,1990,3598,1990,3598,SEMC
2026-03-23,-7.35,38900765,38900765,3025,12064,3025,12064,Total senegal
2026-03-23,2.13,6224515,6224515,4800,1263,4800,1263,DATA
2026-03-23,3.25,11852055,11852055,1590,7444,1590,7444,Sucrivoire
2026-03-23,3.25,11852055,11852055,1590,7444,1590,7444,DATA
2026-03-23,1.21,118321125,118321125,3340,35503,3340,35503,DATA
2026-03-23,6.88,16902225,16902225,3730,4655,3730,4655,Servair
2026-03-23,1.53,58683865,58683865,2995,19837,2995,19837,Total ci
2026-03-23,0.0,3178705,3178705,7700,425,7700,425,DATA
2026-03-23,0.63,67596250,67596250,4790,14163,4790,14163,DATA
2026-03-23,-6.28,34487090,34487090,7240,4620,7240,4620,DATA
2026-03-23,1.53,58683865,58683865,2995,19837,2995,19837,DATA
2026-03-23,-0.15,7750455,7750455,3275,2365,3275,2365,Sicable
2026-03-23,-1.29,3121060,3121060,2290,1349,2290,1349,Filtisac
2026-03-23,-0.65,2441400,2441400,3825,639,3825,639,DATA
2026-03-23,-0.29,12130850,12130850,5185,2382,5185,2382,DATA
2026-03-23,-2.27,4755575,4755575,2150,2180,2150,2180,Vivo energy
2026-03-23,-1.29,3121060,3121060,2290,1349,2290,1349,DATA
2026-03-23,0.31,1804075,1804075,1605,1125,1605,1125,DATA
2026-03-23,1.03,34612285,34612285,8790,3959,8790,3959,DATA
2026-03-23,1.03,34612285,34612285,8790,3959,8790,3959,BOA_CI
2026-03-23,0.0,4876830,4876830,2675,1826,2675,1826,DATA
2026-03-23,-2.3,51015550,51015550,8500,5921,8500,5921,DATA
2026-03-23,0.51,7120760,7120760,1990,3598,1990,3598,DATA
2026-03-23,-6.28,34487090,34487090,7240,4620,7240,4620,Saph
2026-03-23,-7.35,38900765,38900765,3025,12064,3025,12064,DATA
2026-03-23,-0.45,13767345,13767345,7815,1767,7815,1767,BOA_BENIN
2026-03-23,-1.41,69996900,69996900,35000,2002,35000,2002,SGB CI
2026-03-23,-0.15,7750455,7750455,3275,2365,3275,2365,DATA
2026-03-23,4.03,11824700,11824700,2450,4973,2450,4973,DATA
2026-03-23,-0.04,4454870,4454870,13295,342,13295,342,SMBC
2026-03-23,-1.91,26400965,26400965,6915,3779,6915,3779,SIBC
2026-03-23,-1.41,69996900,69996900,35000,2002,35000,2002,DATA
2026-03-23,-0.14,44949030,44949030,6890,6519,6890,6519,BOA_SN
2026-03-23,-1.21,13324030,13324030,16700,790,16700,790,ECOBANK_CI
2026-03-23,7.43,129742565,129742565,3615,36643,3615,36643,ORAGROUP_TOGO
2026-03-23,0.31,1804075,1804075,1605,1125,1605,1125,Bernabe
2026-03-23,0.0,42645,42645,3850,11,3850,11,Sicor_ci
2026-03-23,7.35,7613285,7613285,1825,4188,1825,4188,AGL
2026-03-23,4.75,19590785,19590785,2095,9584,2095,9584,DATA
2026-03-23,0.53,34023180,34023180,9400,3629,9400,3629,Palm ci
2026-03-23,-0.14,44949030,44949030,6890,6519,6890,6519,DATA
2026-03-23,0.09,26558075,26558075,5400,4920,5400,4920,BOA_BF
2026-03-23,-2.27,4755575,4755575,2150,2180,2150,2180,DATA
2026-03-23,-2.3,51015550,51015550,8500,5921,8500,5921,SOGB
2026-03-23,-1.21,13324030,13324030,16700,790,16700,790,DATA
2026-03-23,0.0,27991360,27991360,21985,1277,21985,1277,Sitab_ci
2026-03-23,0.0,6543925,6543925,12890,508,12890,508,Nestle
2026-03-23,0.53,34023180,34023180,9400,3629,9400,3629,DATA
2026-03-23,-2.41,118230935,118230935,14200,8259,14200,8259,DATA
2026-03-23,0.0,6543925,6543925,12890,508,12890,508,DATA
2026-03-23,0.04,14638030,14638030,13705,1055,13705,1055,DATA
2026-03-23,-2.51,5913825,5913825,1750,3368,1750,3368,Cfao
2026-03-23,0.0,27991360,27991360,21985,1277,21985,1277,DATA
2026-03-23,-1.06,28249665,28249665,14000,2010,14000,2010,NSIA
2026-03-23,4.03,11824700,11824700,2450,4973,2450,4973,Setao
2026-03-23,-7.49,8364755,8364755,54580,148,54580,148,Unilever
2026-03-23,0.0,42645,42645,3850,11,3850,11,DATA
2026-03-23,0.09,26558075,26558075,5400,4920,5400,4920,DATA
2026-03-23,-0.65,2441400,2441400,3825,639,3825,639,LNBB
2026-03-23,-0.71,10779440,10779440,38920,274,38920,274,Solibra
2026-03-23,-0.71,10779440,10779440,38920,274,38920,274,DATA
2026-03-23,-0.29,12130850,12130850,5185,2382,5185,2382,BICB
2026-03-23,0.04,14638030,14638030,13705,1055,13705,1055,CORIS_BANK
2026-03-23,0.0,31064332,31064332,32,978577,32,978577,ETIT
2026-03-23,-0.45,13767345,13767345,7815,1767,7815,1767,DATA
2026-03-23,0.63,67596250,67596250,4790,14163,4790,14163,BOA_MALI
2026-03-23,2.13,6224515,6224515,4800,1263,4800,1263,Tractafric
2026-03-23,-2.41,118230935,118230935,14200,8259,14200,8259,Orange ci
2026-03-23,-7.49,8364755,8364755,54580,148,54580,148,DATA
2026-03-23,4.75,19590785,19590785,2095,9584,2095,9584,Uniwax
2026-03-23,0.0,17746375,17746375,3000,5910,3000,5910,Onatel bf
2026-03-23,-1.06,28249665,28249665,14000,2010,14000,2010,DATA
2026-03-23,-2.96,35863175,35863175,2460,14412,2460,14412,DATA
2026-03-23,-2.51,5913825,5913825,1750,3368,1750,3368,DATA
2026-03-23,6.88,16902225,16902225,3730,4655,3730,4655,DATA
2026-03-23,0.0,31064332,31064332,32,978577,32,978577,DATA
2026-03-23,-6.3,17021385,17021385,4105,4060,5805,2871,DATA
2026-03-23,-2.96,35863175,35863175,2460,14412,2460,14412,BOA_NIGER
2026-03-23,1.21,118321125,118321125,3340,35503,3340,35503,CIE CI
2026-03-23,-1.91,26400965,26400965,6915,3779,6915,3779,DATA
2026-03-23,-6.3,17021385,17021385,4105,4060,5805,2871,SAFCA
2026-03-23,-2.08,479581820,479581820,28200,16961,28200,16961,DATA
2026-03-23,0.0,4876830,4876830,2675,1826,2675,1826,Erium ci
2026-03-24,7.4,37215,37215,4135,9,4135,9,DATA
2026-03-24,0.0,12747555,12747555,14000,911,14000,911,NSIA
2026-03-24,-4.96,7080845,7080845,3545,1941,3545,1941,Servair
2026-03-24,3.74,12597020,12597020,2775,4633,2775,4633,Erium ci
2026-03-24,3.02,12277240,12277240,2050,6032,2050,6032,DATA
2026-03-24,-7.5,18607300,18607300,8695,2140,8695,2140,Palm ci
2026-03-24,0.02,122564370,122564370,28205,4303,28205,4303,DATA
2026-03-24,-2.4,13101640,13101640,16300,790,16300,790,ECOBANK_CI
2026-03-24,-3.14,4986170,4986170,1540,3222,1540,3222,DATA
2026-03-24,3.02,12277240,12277240,2050,6032,2050,6032,SEMC
2026-03-24,4.56,38298335,38298335,3780,10095,3780,10095,DATA
2026-03-24,0.21,8510300,8510300,39000,218,39000,218,DATA
2026-03-24,-2.17,2070750,2070750,1350,1518,1350,1518,NEI-CEDA
2026-03-24,-6.0,28017570,28017570,7990,3480,7990,3480,DATA
2026-03-24,0.22,6729915,6729915,2295,2936,2295,2936,Filtisac
2026-03-24,-3.67,1817870,1817870,2360,752,2360,752,Setao
2026-03-24,2.82,16485745,16485745,14600,1115,14600,1115,Orange ci
2026-03-24,5.21,28828455,28828455,1920,14866,1920,14866,AGL
2026-03-24,-4.17,14922215,14922215,12740,1176,12740,1176,DATA
2026-03-24,-4.96,7080845,7080845,3545,1941,3545,1941,DATA
2026-03-24,6.27,4197595,4197595,58000,82,58000,82,DATA
2026-03-24,-0.17,4827755,4827755,2995,1610,2995,1610,Onatel bf
2026-03-24,1.88,9448740,9448740,4890,1929,4890,1929,DATA
2026-03-24,3.26,15177750,15177750,4239,3691,5995,2610,DATA
2026-03-24,-0.8,19051870,19051870,6860,2742,6860,2742,DATA
2026-03-24,-3.67,1817870,1817870,2360,752,2360,752,DATA
2026-03-24,-0.8,19051870,19051870,6860,2742,6860,2742,SIBC
2026-03-24,3.26,15177750,15177750,4239,3691,5995,2610,SAFCA
2026-03-24,-3.36,9410825,9410825,3165,2938,3165,2938,DATA
2026-03-24,-0.01,21297990,21297990,34995,609,34995,609,SGB CI
2026-03-24,4.56,38298335,38298335,3780,10095,3780,10095,ORAGROUP_TOGO
2026-03-24,0.85,657373545,657373545,13000,50573,13000,50573,Nestle
2026-03-24,0.0,23677680,23677680,2095,11296,2095,11296,DATA
2026-03-24,5.45,2870185,2870185,3190,925,3190,925,DATA
2026-03-24,4.97,88091440,88091440,7600,12319,7600,12319,Saph
2026-03-24,1.16,7597560,7597560,2175,3513,2175,3513,DATA
2026-03-24,-0.01,21297990,21297990,34995,609,34995,609,DATA
2026-03-24,-7.5,18607300,18607300,8695,2140,8695,2140,DATA
2026-03-24,-3.36,9410825,9410825,3165,2938,3165,2938,Sicable
2026-03-24,4.97,88091440,88091440,7600,12319,7600,12319,DATA
2026-03-24,2.82,16485745,16485745,14600,1115,14600,1115,DATA
2026-03-24,7.4,37215,37215,4135,9,4135,9,Sicor_ci
2026-03-24,-2.6,1439725,1439725,7500,192,7500,192,DATA
2026-03-24,0.0,13583395,13583395,3825,3592,3825,3592,LNBB
2026-03-24,-6.18,79887605,79887605,2810,27668,2810,27668,DATA
2026-03-24,0.0,10055817,10055817,32,316858,32,316858,ETIT
2026-03-24,0.02,18975310,18975310,21990,870,21990,870,DATA
2026-03-24,3.74,12597020,12597020,2775,4633,2775,4633,DATA
2026-03-24,-1.64,2829950,2829950,5100,554,5100,554,DATA
2026-03-24,0.0,23677680,23677680,2095,11296,2095,11296,Uniwax
2026-03-24,-2.11,23902180,23902180,7650,3089,7650,3089,BOA_BENIN
2026-03-24,0.0,10055817,10055817,32,316858,32,316858,DATA
2026-03-24,-2.6,1439725,1439725,7500,192,7500,192,SODE CI
2026-03-24,5.21,28828455,28828455,1920,14866,1920,14866,DATA
2026-03-24,0.85,657373545,657373545,13000,50573,13000,50573,DATA
2026-03-24,0.15,33482820,33482820,3345,10021,3345,10021,CIE CI
2026-03-24,-2.4,13101640,13101640,16300,790,16300,790,DATA
2026-03-24,6.27,4197595,4197595,58000,82,58000,82,Unilever
2026-03-24,-1.56,3895455,3895455,1580,2430,1580,2430,Bernabe
2026-03-24,0.22,6729915,6729915,2295,2936,2295,2936,DATA
2026-03-24,-3.14,4986170,4986170,1540,3222,1540,3222,Sucrivoire
2026-03-24,-2.11,23902180,23902180,7650,3089,7650,3089,DATA
2026-03-24,0.02,122564370,122564370,28205,4303,28205,4303,Sonatel
2026-03-24,-1.39,20091705,20091705,24400,817,24400,817,BICC
2026-03-24,0.07,7803190,7803190,13715,568,13715,568,CORIS_BANK
2026-03-24,-1.39,20091705,20091705,24400,817,24400,817,DATA
2026-03-24,4.67,14501880,14501880,2575,5655,2575,5655,BOA_NIGER
2026-03-24,-4.29,3724530,3724530,1675,2272,1675,2272,Cfao
2026-03-24,1.16,7597560,7597560,2175,3513,2175,3513,Vivo energy
2026-03-24,-1.64,2829950,2829950,5100,554,5100,554,BICB
2026-03-24,-1.56,3895455,3895455,1580,2430,1580,2430,DATA
2026-03-24,1.88,9448740,9448740,4890,1929,4890,1929,Tractafric
2026-03-24,-0.63,41524500,41524500,4760,8710,4760,8710,DATA
2026-03-24,0.0,12747555,12747555,14000,911,14000,911,DATA
2026-03-24,4.67,14501880,14501880,2575,5655,2575,5655,DATA
2026-03-24,-1.02,65507400,65507400,8700,7514,8700,7514,DATA
2026-03-24,-4.29,3724530,3724530,1675,2272,1675,2272,DATA
2026-03-24,-0.17,4827755,4827755,2995,1610,2995,1610,DATA
2026-03-24,5.45,2870185,2870185,3190,925,3190,925,Total senegal
2026-03-24,0.02,18975310,18975310,21990,870,21990,870,Sitab_ci
2026-03-24,0.07,7803190,7803190,13715,568,13715,568,DATA
2026-03-24,-0.63,41524500,41524500,4760,8710,4760,8710,BOA_MALI
2026-03-24,0.21,8510300,8510300,39000,218,39000,218,Solibra
2026-03-24,0.28,16937570,16937570,5415,3122,5415,3122,DATA
2026-03-24,-6.0,28017570,28017570,7990,3480,7990,3480,SOGB
2026-03-24,0.28,16937570,16937570,5415,3122,5415,3122,BOA_BF
2026-03-24,0.0,13583395,13583395,3825,3592,3825,3592,DATA
2026-03-24,-2.47,52458880,52458880,6720,7712,6720,7712,BOA_SN
2026-03-24,-6.18,79887605,79887605,2810,27668,2810,27668,Total ci
2026-03-24,-1.02,65507400,65507400,8700,7514,8700,7514,BOA_CI
2026-03-24,-2.17,2070750,2070750,1350,1518,1350,1518,DATA
2026-03-24,0.15,33482820,33482820,3345,10021,3345,10021,DATA
2026-03-24,-4.17,14922215,14922215,12740,1176,12740,1176,SMBC
2026-03-24,-2.47,52458880,52458880,6720,7712,6720,7712,DATA
2026-03-25,0.0,45541960,45541960,14000,3266,14000,3266,DATA
2026-03-25,1.36,10448615,10448615,2610,3950,2610,3950,DATA
2026-03-25,2.0,6499860,6499860,12995,513,12995,513,SMBC
2026-03-25,0.0,3711415,3711415,7500,496,7500,496,DATA
2026-03-25,0.0,3711415,3711415,7500,496,7500,496,SODE CI
2026-03-25,0.58,95542360,95542360,6900,13846,6900,13846,DATA
2026-03-25,1.15,9422545,9422545,2200,4290,2200,4290,DATA
2026-03-25,0.57,48165995,48165995,8750,5525,8750,5525,DATA
2026-03-25,-2.12,54221830,54221830,3700,14594,3700,14594,ORAGROUP_TOGO
2026-03-25,-1.57,1842875,1842875,3765,487,3765,487,DATA
2026-03-25,-2.69,3305010,3305010,1630,2007,1630,2007,DATA
2026-03-25,5.92,37077650,37077650,4490,8594,6350,6077,DATA
2026-03-25,0.58,95542360,95542360,6900,13846,6900,13846,SIBC
2026-03-25,-0.95,22572400,22572400,2075,10793,2075,10793,DATA
2026-03-25,-2.23,48774570,48774570,21500,2250,21500,2250,Sitab_ci
2026-03-25,0.0,28274345,28274345,34995,808,34995,808,DATA
2026-03-25,-0.13,3353900,3353900,38950,86,38950,86,DATA
2026-03-25,0.0,50343760,50343760,16300,3083,16300,3083,ECOBANK_CI
2026-03-25,0.0,28274345,28274345,34995,808,34995,808,SGB CI
2026-03-25,1.36,10448615,10448615,2610,3950,2610,3950,BOA_NIGER
2026-03-25,-2.69,3305010,3305010,1630,2007,1630,2007,Cfao
2026-03-25,0.57,48165995,48165995,8750,5525,8750,5525,BOA_CI
2026-03-25,0.0,174820,174820,4135,42,4135,42,DATA
2026-03-25,1.15,9422545,9422545,2200,4290,2200,4290,Vivo energy
2026-03-25,3.7,5057345,5057345,1400,3697,1400,3697,DATA
2026-03-25,7.29,45606180,45606180,2060,22727,2060,22727,AGL
2026-03-25,1.27,1070500,1070500,1600,671,1600,671,DATA
2026-03-25,-7.48,20239590,20239590,8045,2512,8045,2512,Palm ci
2026-03-25,-0.42,7237105,7237105,12945,568,12945,568,Nestle
2026-03-25,0.2,10305585,10305585,4900,2103,4900,2103,DATA
2026-03-25,-5.49,2692130,2692130,3015,844,3015,844,Total senegal
2026-03-25,0.0,5575305,5575305,3165,1762,3165,1762,DATA
2026-03-25,-0.68,17611480,17611480,14500,1208,14500,1208,DATA
2026-03-25,0.62,3459495,3459495,13800,251,13800,251,CORIS_BANK
2026-03-25,0.0,174820,174820,4135,42,4135,42,Sicor_ci
2026-03-25,-7.48,20239590,20239590,8045,2512,8045,2512,DATA
2026-03-25,-0.42,7237105,7237105,12945,568,12945,568,DATA
2026-03-25,-2.12,3492830,3492830,2310,1504,2310,1504,DATA
2026-03-25,-2.26,21120360,21120360,3465,5803,3465,5803,DATA
2026-03-25,-4.33,14387280,14387280,3200,4398,3200,4398,DATA
2026-03-25,0.18,95159325,95159325,2815,33317,2815,33317,Total ci
2026-03-25,0.0,15069146,15069146,32,477023,32,477023,DATA
2026-03-25,-4.58,17428295,17428295,7300,2352,7300,2352,BOA_BENIN
2026-03-25,0.55,42428960,42428960,5445,7832,5445,7832,DATA
2026-03-25,-0.95,22572400,22572400,2075,10793,2075,10793,Uniwax
2026-03-25,-2.12,3492830,3492830,2310,1504,2310,1504,Setao
2026-03-25,-1.96,7208735,7208735,5000,1429,5000,1429,DATA
2026-03-25,-1.57,1842875,1842875,3765,487,3765,487,LNBB
2026-03-25,-1.62,4682030,4682030,1515,3070,1515,3070,DATA
2026-03-25,-3.63,23400740,23400740,7700,2977,7700,2977,DATA
2026-03-25,-4.33,14387280,14387280,3200,4398,3200,4398,CIE CI
2026-03-25,0.0,15069146,15069146,32,477023,32,477023,ETIT
2026-03-25,-7.5,919100,919100,53650,16,53650,16,DATA
2026-03-25,0.0,112888915,112888915,4760,23706,4760,23706,BOA_MALI
2026-03-25,2.16,10429535,10429535,2835,3708,2835,3708,DATA
2026-03-25,-2.26,21120360,21120360,3465,5803,3465,5803,Servair
2026-03-25,-2.23,48774570,48774570,21500,2250,21500,2250,DATA
2026-03-25,2.05,63301955,63301955,24900,2460,24900,2460,BICC
2026-03-25,0.0,5575305,5575305,3165,1762,3165,1762,Sicable
2026-03-25,2.18,1763925,1763925,2345,758,2345,758,Filtisac
2026-03-25,3.7,5057345,5057345,1400,3697,1400,3697,NEI-CEDA
2026-03-25,-0.13,3353900,3353900,38950,86,38950,86,Solibra
2026-03-25,2.16,10429535,10429535,2835,3708,2835,3708,Erium ci
2026-03-25,-4.76,396570245,396570245,6400,62000,6400,62000,DATA
2026-03-25,5.92,37077650,37077650,4490,8594,6350,6077,SAFCA
2026-03-25,-1.62,4682030,4682030,1515,3070,1515,3070,Sucrivoire
2026-03-25,0.18,95159325,95159325,2815,33317,2815,33317,DATA
2026-03-25,-7.5,919100,919100,53650,16,53650,16,Unilever
2026-03-25,0.55,42428960,42428960,5445,7832,5445,7832,BOA_BF
2026-03-25,-0.68,17611480,17611480,14500,1208,14500,1208,Orange ci
2026-03-25,-4.58,17428295,17428295,7300,2352,7300,2352,DATA
2026-03-25,0.0,50343760,50343760,16300,3083,16300,3083,DATA
2026-03-25,-7.17,30987215,30987215,7055,4064,7055,4064,DATA
2026-03-25,2.18,1763925,1763925,2345,758,2345,758,DATA
2026-03-25,-2.12,54221830,54221830,3700,14594,3700,14594,DATA
2026-03-25,0.0,45541960,45541960,14000,3266,14000,3266,NSIA
2026-03-25,-1.96,7208735,7208735,5000,1429,5000,1429,BICB
2026-03-25,7.32,3678810,3678810,2200,1698,2200,1698,SEMC
2026-03-25,-0.71,154515325,154515325,28005,5456,28005,5456,Sonatel
2026-03-25,-0.17,2895860,2895860,2990,970,2990,970,DATA
2026-03-25,7.32,3678810,3678810,2200,1698,2200,1698,DATA
2026-03-25,1.27,1070500,1070500,1600,671,1600,671,Bernabe
2026-03-25,2.05,63301955,63301955,24900,2460,24900,2460,DATA
2026-03-25,-0.17,2895860,2895860,2990,970,2990,970,Onatel bf
2026-03-25,2.0,6499860,6499860,12995,513,12995,513,DATA
2026-03-25,0.62,3459495,3459495,13800,251,13800,251,DATA
2026-03-25,-0.71,154515325,154515325,28005,5456,28005,5456,DATA
2026-03-25,-3.63,23400740,23400740,7700,2977,7700,2977,SOGB
2026-03-25,0.0,112888915,112888915,4760,23706,4760,23706,DATA
2026-03-25,-5.49,2692130,2692130,3015,844,3015,844,DATA
2026-03-25,7.29,45606180,45606180,2060,22727,2060,22727,DATA
2026-03-25,0.2,10305585,10305585,4900,2103,4900,2103,Tractafric
2026-03-25,-4.76,396570245,396570245,6400,62000,6400,62000,BOA_SN
2026-03-25,-7.17,30987215,30987215,7055,4064,7055,4064,Saph
2026-03-26,1.07,6623855,6623855,14655,441,14655,441,Orange ci
2026-03-26,1.59,4215310,4215310,2235,1904,2235,1904,DATA
2026-03-26,2.82,2033580,2033580,3100,670,3100,670,Total senegal
2026-03-26,0.0,16540,16540,4135,4,4135,4,Sicor_ci
2026-03-26,1.95,53950225,53950225,2870,18826,2870,18826,Total ci
2026-03-26,-4.37,17488405,17488405,1970,8824,1970,8824,AGL
2026-03-26,0.0,10387455,10387455,13800,758,13800,758,CORIS_BANK
2026-03-26,0.0,8999794,8999794,32,284362,32,284362,ETIT
2026-03-26,2.81,8705195,8705195,3290,2715,3290,2715,DATA
2026-03-26,0.0,12229075,12229075,5445,2246,5445,2246,BOA_BF
2026-03-26,-0.54,14146730,14146730,3680,3833,3680,3833,ORAGROUP_TOGO
2026-03-26,-1.37,19697230,19697230,4695,4167,4695,4167,DATA
2026-03-26,1.11,2528635,2528635,3200,794,3200,794,Sicable
2026-03-26,0.68,8743420,8743420,14095,626,14095,626,DATA
2026-03-26,0.43,4342365,4342365,2355,1824,2355,1824,Filtisac
2026-03-26,2.34,93388255,93388255,6550,14395,6550,14395,DATA
2026-03-26,-2.67,5041025,5041025,7300,690,7300,690,DATA
2026-03-26,0.61,2760855,2760855,1640,1685,1640,1685,DATA
2026-03-26,2.95,7875495,7875495,2265,3472,2265,3472,DATA
2026-03-26,4.42,38862540,38862540,26000,1523,26000,1523,DATA
2026-03-26,-0.85,9607190,9607190,4452,2215,6295,1566,SAFCA
2026-03-26,1.45,77757820,77757820,7000,11240,7000,11240,DATA
2026-03-26,2.34,93388255,93388255,6550,14395,6550,14395,BOA_SN
2026-03-26,-2.86,194382350,194382350,8500,22706,8500,22706,DATA
2026-03-26,-2.68,4366335,4366335,2910,1507,2910,1507,DATA
2026-03-26,-2.67,5041025,5041025,7300,690,7300,690,SODE CI
2026-03-26,0.0,12229075,12229075,5445,2246,5445,2246,DATA
2026-03-26,-1.23,9812910,9812910,2800,3490,2800,3490,Erium ci
2026-03-26,-1.15,3620030,3620030,3425,1036,3425,1036,Servair
2026-03-26,-1.15,3620030,3620030,3425,1036,3425,1036,DATA
2026-03-26,-0.35,2928165,2928165,12900,231,12900,231,DATA
2026-03-26,0.43,4342365,4342365,2355,1824,2355,1824,DATA
2026-03-26,2.82,2033580,2033580,3100,670,3100,670,DATA
2026-03-26,-0.56,51506280,51506280,8000,6673,8000,6673,DATA
2026-03-26,0.0,8999794,8999794,32,284362,32,284362,DATA
2026-03-26,-0.07,5323630,5323630,7295,731,7295,731,BOA_BENIN
2026-03-26,2.81,8705195,8705195,3290,2715,3290,2715,CIE CI
2026-03-26,-0.48,9835705,9835705,2065,4750,2065,4750,Uniwax
2026-03-26,-0.54,14146730,14146730,3680,3833,3680,3833,DATA
2026-03-26,-7.49,4564420,4564420,49630,90,49630,90,DATA
2026-03-26,2.06,7648470,7648470,7200,1071,7200,1071,DATA
2026-03-26,1.73,3074820,3074820,2350,1308,2350,1308,Setao
2026-03-26,-1.37,19697230,19697230,4695,4167,4695,4167,BOA_MALI
2026-03-26,0.63,1085285,1085285,1610,677,1610,677,Bernabe
2026-03-26,-7.49,4564420,4564420,49630,90,49630,90,Unilever
2026-03-26,2.0,4813645,4813645,5100,959,5100,959,DATA
2026-03-26,3.51,19338390,19338390,7970,2497,7970,2497,SOGB
2026-03-26,0.0,28346050,28346050,21500,1316,21500,1316,DATA
2026-03-26,3.51,19338390,19338390,7970,2497,7970,2497,DATA
2026-03-26,4.42,38862540,38862540,26000,1523,26000,1523,BICC
2026-03-26,-4.37,17488405,17488405,1970,8824,1970,8824,DATA
2026-03-26,2.14,8828490,8828490,1430,6226,1430,6226,NEI-CEDA
2026-03-26,0.0,10387455,10387455,13800,758,13800,758,DATA
2026-03-26,-0.48,9835705,9835705,2065,4750,2065,4750,DATA
2026-03-26,-0.07,5323630,5323630,7295,731,7295,731,DATA
2026-03-26,1.65,9951705,9951705,1540,6471,1540,6471,DATA
2026-03-26,1.65,9951705,9951705,1540,6471,1540,6471,Sucrivoire
2026-03-26,0.93,4572060,4572060,3800,1217,3800,1217,LNBB
2026-03-26,1.63,9928280,9928280,4980,2023,4980,2023,Tractafric
2026-03-26,1.95,53950225,53950225,2870,18826,2870,18826,DATA
2026-03-26,1.5,34827155,34827155,28425,1233,28425,1233,Sonatel
2026-03-26,1.07,6623855,6623855,14655,441,14655,441,DATA
2026-03-26,1.73,3074820,3074820,2350,1308,2350,1308,DATA
2026-03-26,1.45,77757820,77757820,7000,11240,7000,11240,SIBC
2026-03-26,3.07,18258155,18258155,2690,6847,2690,6847,DATA
2026-03-26,0.61,2760855,2760855,1640,1685,1640,1685,Cfao
2026-03-26,2.95,7875495,7875495,2265,3472,2265,3472,SEMC
2026-03-26,0.63,1085285,1085285,1610,677,1610,677,DATA
2026-03-26,0.93,4572060,4572060,3800,1217,3800,1217,DATA
2026-03-26,2.0,4813645,4813645,5100,959,5100,959,BICB
2026-03-26,-0.56,51506280,51506280,8000,6673,8000,6673,Palm ci
2026-03-26,0.0,28346050,28346050,21500,1316,21500,1316,Sitab_ci
2026-03-26,2.06,7648470,7648470,7200,1071,7200,1071,Saph
2026-03-26,-2.86,194382350,194382350,8500,22706,8500,22706,BOA_CI
2026-03-26,0.0,16540,16540,4135,4,4135,4,DATA
2026-03-26,2.14,8828490,8828490,1430,6226,1430,6226,DATA
2026-03-26,-0.35,2928165,2928165,12900,231,12900,231,Nestle
2026-03-26,0.0,38597565,38597565,16300,2368,16300,2368,ECOBANK_CI
2026-03-26,3.07,18258155,18258155,2690,6847,2690,6847,BOA_NIGER
2026-03-26,0.01,30232530,30232530,35000,864,35000,864,SGB CI
2026-03-26,-2.68,4366335,4366335,2910,1507,2910,1507,Onatel bf
2026-03-26,-0.15,3230055,3230055,12975,249,12975,249,SMBC
2026-03-26,0.0,38597565,38597565,16300,2368,16300,2368,DATA
2026-03-26,0.13,2027670,2027670,39000,52,39000,52,DATA
2026-03-26,1.11,2528635,2528635,3200,794,3200,794,DATA
2026-03-26,-1.23,9812910,9812910,2800,3490,2800,3490,DATA
2026-03-26,0.68,8743420,8743420,14095,626,14095,626,NSIA
2026-03-26,1.5,34827155,34827155,28425,1233,28425,1233,DATA
2026-03-26,1.59,4215310,4215310,2235,1904,2235,1904,Vivo energy
2026-03-26,0.01,30232530,30232530,35000,864,35000,864,DATA
2026-03-26,-0.85,9607190,9607190,4452,2215,6295,1566,DATA
2026-03-26,0.13,2027670,2027670,39000,52,39000,52,Solibra
2026-03-26,-0.15,3230055,3230055,12975,249,12975,249,DATA
2026-03-26,1.63,9928280,9928280,4980,2023,4980,2023,DATA
2026-03-27,0.0,5535850,5535850,1430,3833,1430,3833,DATA
2026-03-27,-5.59,13245015,13245015,12250,1036,12250,1036,DATA
2026-03-27,-1.49,21103030,21103030,2650,7920,2650,7920,BOA_NIGER
2026-03-27,-0.09,226876415,226876415,28400,7988,28400,7988,Sonatel
2026-03-27,-2.91,11064070,11064070,2170,4966,2170,4966,Vivo energy
2026-03-27,0.71,31370625,31370625,7050,4473,7050,4473,SIBC
2026-03-27,0.93,107680190,107680190,21700,4954,21700,4954,Sitab_ci
2026-03-27,0.0,5535850,5535850,1430,3833,1430,3833,NEI-CEDA
2026-03-27,6.96,59964110,59964110,2995,20624,2995,20624,Erium ci
2026-03-27,0.35,13751800,13751800,14145,976,14145,976,NSIA
2026-03-27,0.93,107680190,107680190,21700,4954,21700,4954,DATA
2026-03-27,2.89,14929740,14929740,8200,1869,8200,1869,DATA
2026-03-27,2.6,3862705,3862705,1580,2487,1580,2487,Sucrivoire
2026-03-27,-1.54,97658920,97658920,25600,3544,25600,3544,BICC
2026-03-27,1.27,17987130,17987130,1995,9373,1995,9373,DATA
2026-03-27,-6.84,11989955,11989955,2110,5644,2110,5644,SEMC
2026-03-27,4.4,43459265,43459265,15300,2926,15300,2926,DATA
2026-03-27,-0.2,27445430,27445430,5090,5382,5090,5382,DATA
2026-03-27,2.6,3862705,3862705,1580,2487,1580,2487,DATA
2026-03-27,0.0,2670120,2670120,3290,816,3290,816,CIE CI
2026-03-27,2.19,4992165,4992165,3500,1428,3500,1428,DATA
2026-03-27,1.23,42929660,42929660,16500,2610,16500,2610,DATA
2026-03-27,0.39,4739910,4739910,12950,368,12950,368,DATA
2026-03-27,6.96,59964110,59964110,2995,20624,2995,20624,DATA
2026-03-27,2.34,16311590,16311590,2410,6664,2410,6664,DATA
2026-03-27,0.0,48584230,48584230,35000,1389,35000,1389,DATA
2026-03-27,2.5,13707945,13707945,8200,1693,8200,1693,DATA
2026-03-27,4.84,7808820,7808820,3250,2407,3250,2407,DATA
2026-03-27,0.75,32596815,32596815,7350,4466,7350,4466,BOA_BENIN
2026-03-27,-0.51,5371800,5371800,38800,138,38800,138,DATA
2026-03-27,-0.82,49165245,49165245,3650,13430,3650,13430,DATA
2026-03-27,7.0,1119615,1119615,53105,21,53105,21,DATA
2026-03-27,1.45,12457875,12457875,2095,6011,2095,6011,Uniwax
2026-03-27,1.11,15188805,15188805,7280,2079,7280,2079,DATA
2026-03-27,-0.61,3644430,3644430,1630,2239,1630,2239,Cfao
2026-03-27,0.0,61069474,61069474,32,1903336,32,1903336,DATA
2026-03-27,0.0,47880310,47880310,4695,10090,4695,10090,BOA_MALI
2026-03-27,7.45,18562430,18562430,2525,7547,2525,7547,Setao
2026-03-27,0.0,48584230,48584230,35000,1389,35000,1389,SGB CI
2026-03-27,0.0,3381730,3381730,1610,2102,1610,2102,Bernabe
2026-03-27,2.35,108089920,108089920,8700,12345,8700,12345,BOA_CI
2026-03-27,7.0,1119615,1119615,53105,21,53105,21,Unilever
2026-03-27,1.37,5676090,5676090,2950,1904,2950,1904,Onatel bf
2026-03-27,3.66,9606910,9606910,2975,3260,2975,3260,DATA
2026-03-27,1.23,42929660,42929660,16500,2610,16500,2610,ECOBANK_CI
2026-03-27,-1.81,3274810,3274810,4890,663,4890,663,Tractafric
2026-03-27,1.32,5467435,5467435,3850,1422,3850,1422,LNBB
2026-03-27,2.19,4992165,4992165,3500,1428,3500,1428,Servair
2026-03-27,-0.09,226876415,226876415,28400,7988,28400,7988,DATA
2026-03-27,-0.82,49165245,49165245,3650,13430,3650,13430,ORAGROUP_TOGO
2026-03-27,-5.59,13245015,13245015,12250,1036,12250,1036,SMBC
2026-03-27,-1.81,3274810,3274810,4890,663,4890,663,DATA
2026-03-27,0.68,1666330,1666330,7350,228,7350,228,DATA
2026-03-27,0.61,43630200,43630200,6590,6647,6590,6647,BOA_SN
2026-03-27,0.61,43630200,43630200,6590,6647,6590,6647,DATA
2026-03-27,1.19,61931970,61931970,5510,11273,5510,11273,BOA_BF
2026-03-27,1.11,15188805,15188805,7280,2079,7280,2079,Saph
2026-03-27,-2.91,11064070,11064070,2170,4966,2170,4966,DATA
2026-03-27,7.45,18562430,18562430,2525,7547,2525,7547,DATA
2026-03-27,0.75,32596815,32596815,7350,4466,7350,4466,DATA
2026-03-27,0.39,4739910,4739910,12950,368,12950,368,Nestle
2026-03-27,1.45,12457875,12457875,2095,6011,2095,6011,DATA
2026-03-27,0.0,164840,164840,4135,40,4135,40,DATA
2026-03-27,2.35,108089920,108089920,8700,12345,8700,12345,DATA
2026-03-27,1.37,5676090,5676090,2950,1904,2950,1904,DATA
2026-03-27,2.5,13707945,13707945,8200,1693,8200,1693,Palm ci
2026-03-27,0.71,31370625,31370625,7050,4473,7050,4473,DATA
2026-03-27,-3.03,78083620,78083620,4317,18024,6105,12746,SAFCA
2026-03-27,1.19,61931970,61931970,5510,11273,5510,11273,DATA
2026-03-27,1.32,5467435,5467435,3850,1422,3850,1422,DATA
2026-03-27,0.68,1666330,1666330,7350,228,7350,228,SODE CI
2026-03-27,-0.2,27445430,27445430,5090,5382,5090,5382,BICB
2026-03-27,2.34,16311590,16311590,2410,6664,2410,6664,Filtisac
2026-03-27,-1.49,21103030,21103030,2650,7920,2650,7920,DATA
2026-03-27,2.5,2958920,2958920,3280,907,3280,907,DATA
2026-03-27,2.89,14929740,14929740,8200,1869,8200,1869,SOGB
2026-03-27,-0.51,5371800,5371800,38800,138,38800,138,Solibra
2026-03-27,-0.07,8182745,8182745,13790,594,13790,594,CORIS_BANK
2026-03-27,-0.07,8182745,8182745,13790,594,13790,594,DATA
2026-03-27,0.0,47880310,47880310,4695,10090,4695,10090,DATA
2026-03-27,1.27,17987130,17987130,1995,9373,1995,9373,AGL
2026-03-27,3.66,9606910,9606910,2975,3260,2975,3260,Total ci
2026-03-27,0.0,164840,164840,4135,40,4135,40,Sicor_ci
2026-03-27,-0.61,3644430,3644430,1630,2239,1630,2239,DATA
2026-03-27,0.0,61069474,61069474,32,1903336,32,1903336,ETIT
2026-03-27,2.5,2958920,2958920,3280,907,3280,907,Sicable
2026-03-27,0.0,3381730,3381730,1610,2102,1610,2102,DATA
2026-03-27,-1.54,97658920,97658920,25600,3544,25600,3544,DATA
2026-03-27,0.35,13751800,13751800,14145,976,14145,976,DATA
2026-03-27,4.84,7808820,7808820,3250,2407,3250,2407,Total senegal
2026-03-27,4.4,43459265,43459265,15300,2926,15300,2926,Orange ci
2026-03-27,0.0,2670120,2670120,3290,816,3290,816,DATA
2026-03-27,-3.03,78083620,78083620,4317,18024,6105,12746,DATA
2026-03-27,-6.84,11989955,11989955,2110,5644,2110,5644,DATA
2026-03-30,-4.36,5659465,5659465,2305,2407,2305,2407,Filtisac
2026-03-30,2.04,9229485,9229485,12500,748,12500,748,DATA
2026-03-30,-0.91,4911010,4911010,3250,1503,3250,1503,Sicable
2026-03-30,7.13,14076500,14076500,4625,3245,6540,2295,SAFCA
2026-03-30,-0.26,37843550,37843550,38700,977,38700,977,DATA
2026-03-30,-4.53,17368420,17368420,2000,8542,2000,8542,DATA
2026-03-30,3.08,5951920,5951920,3350,1793,3350,1793,DATA
2026-03-30,0.0,75772300,75772300,6590,11551,6590,11551,DATA
2026-03-30,5.74,14213505,14213505,2670,5434,2670,5434,DATA
2026-03-30,-0.67,13211010,13211010,2975,4432,2975,4432,DATA
2026-03-30,-0.26,37843550,37843550,38700,977,38700,977,Solibra
2026-03-30,-2.06,49365,49365,4050,12,4050,12,DATA
2026-03-30,-2.13,30735830,30735830,4595,6634,4595,6634,BOA_MALI
2026-03-30,-4.53,17368420,17368420,2000,8542,2000,8542,Uniwax
2026-03-30,2.04,9229485,9229485,12500,748,12500,748,SMBC
2026-03-30,0.0,19993726,19993726,32,616672,32,616672,ETIT
2026-03-30,0.73,17731635,17731635,5550,3199,5550,3199,DATA
2026-03-30,-2.69,26107700,26107700,2895,8947,2895,8947,Total ci
2026-03-30,-3.66,39574660,39574660,7900,4999,7900,4999,DATA
2026-03-30,-3.66,39574660,39574660,7900,4999,7900,4999,SOGB
2026-03-30,0.3,19292325,19292325,3300,5865,3300,5865,CIE CI
2026-03-30,-4.25,9927650,9927650,14650,666,14650,666,Orange ci
2026-03-30,7.13,14076500,14076500,4625,3245,6540,2295,DATA
2026-03-30,1.3,151605,151605,3900,39,3900,39,LNBB
2026-03-30,1.3,151605,151605,3900,39,3900,39,DATA
2026-03-30,0.0,784710,784710,1430,553,1430,553,DATA
2026-03-30,-2.47,45025250,45025250,7100,6315,7100,6315,Saph
2026-03-30,0.73,17731635,17731635,5550,3199,5550,3199,BOA_BF
2026-03-30,0.0,75772300,75772300,6590,11551,6590,11551,BOA_SN
2026-03-30,0.0,4533800,4533800,5090,888,5090,888,DATA
2026-03-30,-2.84,6134640,6134640,2050,2982,2050,2982,SEMC
2026-03-30,-6.9,737796395,737796395,8100,90930,8100,90930,BOA_CI
2026-03-30,-0.57,42863270,42863270,34800,1225,34800,1225,SGB CI
2026-03-30,0.3,19292325,19292325,3300,5865,3300,5865,DATA
2026-03-30,5.74,14213505,14213505,2670,5434,2670,5434,Setao
2026-03-30,0.0,19993726,19993726,32,616672,32,616672,DATA
2026-03-30,-0.34,1556640,1556640,2940,531,2940,531,Onatel bf
2026-03-30,-0.71,64842650,64842650,7000,9268,7000,9268,SIBC
2026-03-30,0.68,11713865,11713865,7400,1594,7400,1594,BOA_BENIN
2026-03-30,5.43,13790640,13790640,3690,3724,3690,3724,DATA
2026-03-30,-2.06,49365,49365,4050,12,4050,12,Sicor_ci
2026-03-30,-1.83,41384930,41384930,8050,5130,8050,5130,Palm ci
2026-03-30,-0.39,13261525,13261525,12900,1065,12900,1065,Nestle
2026-03-30,-2.13,30735830,30735830,4595,6634,4595,6634,DATA
2026-03-30,0.44,6844560,6844560,13850,496,13850,496,CORIS_BANK
2026-03-30,5.43,13790640,13790640,3690,3724,3690,3724,Servair
2026-03-30,-0.49,53608745,53608745,25475,2125,25475,2125,DATA
2026-03-30,-0.67,13211010,13211010,2975,4432,2975,4432,Erium ci
2026-03-30,0.92,37716550,37716550,21900,1748,21900,1748,DATA
2026-03-30,-0.91,4911010,4911010,3250,1503,3250,1503,DATA
2026-03-30,0.0,784710,784710,1430,553,1430,553,NEI-CEDA
2026-03-30,0.09,138325515,138325515,28425,4872,28425,4872,Sonatel
2026-03-30,-0.31,1674170,1674170,4875,352,4875,352,Tractafric
2026-03-30,-1.9,4602750,4602750,1550,2944,1550,2944,Sucrivoire
2026-03-30,-0.49,53608745,53608745,25475,2125,25475,2125,BICC
2026-03-30,-0.57,14470300,14470300,2635,5456,2635,5456,DATA
2026-03-30,0.0,4533800,4533800,5090,888,5090,888,BICB
2026-03-30,-2.51,5097580,5097580,1945,2649,1945,2649,AGL
2026-03-30,0.68,11713865,11713865,7400,1594,7400,1594,DATA
2026-03-30,-4.36,5659465,5659465,2305,2407,2305,2407,DATA
2026-03-30,0.44,6844560,6844560,13850,496,13850,496,DATA
2026-03-30,0.68,6453290,6453290,7400,863,7400,863,DATA
2026-03-30,-0.71,64842650,64842650,7000,9268,7000,9268,DATA
2026-03-30,-0.35,41827145,41827145,14095,2982,14095,2982,DATA
2026-03-30,-0.34,1556640,1556640,2940,531,2940,531,DATA
2026-03-30,-6.9,737796395,737796395,8100,90930,8100,90930,DATA
2026-03-30,-2.84,6134640,6134640,2050,2982,2050,2982,DATA
2026-03-30,1.38,15015125,15015125,2200,6790,2200,6790,DATA
2026-03-30,-4.25,9927650,9927650,14650,666,14650,666,DATA
2026-03-30,0.14,49986635,49986635,3655,13614,3655,13614,ORAGROUP_TOGO
2026-03-30,-1.23,9452010,9452010,1610,5855,1610,5855,DATA
2026-03-30,3.08,5951920,5951920,3350,1793,3350,1793,Total senegal
2026-03-30,-0.31,1674170,1674170,4875,352,4875,352,DATA
2026-03-30,1.38,15015125,15015125,2200,6790,2200,6790,Vivo energy
2026-03-30,-0.35,41827145,41827145,14095,2982,14095,2982,NSIA
2026-03-30,-1.55,758825,758825,1585,474,1585,474,DATA
2026-03-30,0.68,6453290,6453290,7400,863,7400,863,SODE CI
2026-03-30,-1.23,9452010,9452010,1610,5855,1610,5855,Cfao
2026-03-30,-1.55,758825,758825,1585,474,1585,474,Bernabe
2026-03-30,-2.51,5097580,5097580,1945,2649,1945,2649,DATA
2026-03-30,-0.57,14470300,14470300,2635,5456,2635,5456,BOA_NIGER
2026-03-30,7.49,3043645,3043645,57085,58,57085,58,Unilever
2026-03-30,-1.83,41384930,41384930,8050,5130,8050,5130,DATA
2026-03-30,0.0,14601135,14601135,16500,888,16500,888,DATA
2026-03-30,-0.57,42863270,42863270,34800,1225,34800,1225,DATA
2026-03-30,-0.39,13261525,13261525,12900,1065,12900,1065,DATA
2026-03-30,0.0,14601135,14601135,16500,888,16500,888,ECOBANK_CI
2026-03-30,-1.9,4602750,4602750,1550,2944,1550,2944,DATA
2026-03-30,0.14,49986635,49986635,3655,13614,3655,13614,DATA
2026-03-30,0.09,138325515,138325515,28425,4872,28425,4872,DATA
2026-03-30,0.92,37716550,37716550,21900,1748,21900,1748,Sitab_ci
2026-03-30,7.49,3043645,3043645,57085,58,57085,58,DATA
2026-03-30,-2.69,26107700,26107700,2895,8947,2895,8947,DATA
2026-03-30,-2.47,45025250,45025250,7100,6315,7100,6315,DATA
2026-03-31,3.75,7450100,7450100,15200,499,15200,499,DATA
2026-03-31,0.62,16385040,16385040,8100,2031,8100,2031,Palm ci
2026-03-31,-0.84,13787680,13787680,2950,4727,2950,4727,DATA
2026-03-31,1.35,40639685,40639685,7500,5328,7500,5328,DATA
2026-03-31,0.78,79500970,79500970,39000,2047,39000,2047,DATA
2026-03-31,0.62,2792910,2792910,1620,1727,1620,1727,Cfao
2026-03-31,0.78,79500970,79500970,39000,2047,39000,2047,Solibra
2026-03-31,2.02,96966475,96966475,29000,3397,29000,3397,DATA
2026-03-31,-0.86,73821925,73821925,34500,2134,34500,2134,DATA
2026-03-31,0.0,48678010,48678010,16500,2932,16500,2932,DATA
2026-03-31,7.48,40202545,40202545,4971,8147,7030,5761,SAFCA
2026-03-31,4.62,33651410,33651410,3400,10273,3400,10273,Sicable
2026-03-31,1.74,483160,483160,2345,206,2345,206,Filtisac
2026-03-31,0.04,63147140,63147140,14100,4403,14100,4403,DATA
2026-03-31,-2.44,10938155,10938155,2000,5474,2000,5474,DATA
2026-03-31,0.0,2624680,2624680,3900,685,3900,685,DATA
2026-03-31,-0.57,10466855,10466855,2620,3969,2620,3969,BOA_NIGER
2026-03-31,0.0,6360220,6360220,4875,1321,4875,1321,DATA
2026-03-31,-1.43,155298750,155298750,6900,22486,6900,22486,SIBC
2026-03-31,-0.45,5986900,5986900,2190,2734,2190,2734,Vivo energy
2026-03-31,0.34,10670965,10670965,2950,3626,2950,3626,Onatel bf
2026-03-31,0.0,6360220,6360220,4875,1321,4875,1321,Tractafric
2026-03-31,-0.12,425550,425550,4045,106,4045,106,DATA
2026-03-31,0.0,8469650,8469650,12500,683,12500,683,SMBC
2026-03-31,-0.18,30512925,30512925,5540,5524,5540,5524,DATA
2026-03-31,0.32,627905,627905,1590,394,1590,394,DATA
2026-03-31,1.35,40639685,40639685,7500,5328,7500,5328,SODE CI
2026-03-31,-1.83,29798950,29798950,21500,1378,21500,1378,Sitab_ci
2026-03-31,-2.44,10938155,10938155,2000,5474,2000,5474,SEMC
2026-03-31,7.48,40202545,40202545,4971,8147,7030,5761,DATA
2026-03-31,-1.75,1398460,1398460,1405,986,1405,986,DATA
2026-03-31,4.62,33651410,33651410,3400,10273,3400,10273,DATA
2026-03-31,-1.29,8838140,8838140,1920,4642,1920,4642,DATA
2026-03-31,1.85,43839315,43839315,4680,9490,4680,9490,DATA
2026-03-31,0.15,68626095,68626095,6600,10438,6600,10438,BOA_SN
2026-03-31,-0.52,33268980,33268980,2880,11807,2880,11807,Total ci
2026-03-31,-0.78,1969310,1969310,12800,155,12800,155,Nestle
2026-03-31,3.03,15288070,15288070,3400,4494,3400,4494,DATA
2026-03-31,0.04,63147140,63147140,14100,4403,14100,4403,NSIA
2026-03-31,0.0,48678010,48678010,16500,2932,16500,2932,ECOBANK_CI
2026-03-31,3.64,745853970,745853970,8395,91494,8395,91494,BOA_CI
2026-03-31,-0.86,73821925,73821925,34500,2134,34500,2134,SGB CI
2026-03-31,-0.57,10466855,10466855,2620,3969,2620,3969,DATA
2026-03-31,-0.36,3567675,3567675,13800,258,13800,258,DATA
2026-03-31,1.74,483160,483160,2345,206,2345,206,DATA
2026-03-31,-0.84,13787680,13787680,2950,4727,2950,4727,Erium ci
2026-03-31,3.13,12159206,12159206,33,372810,33,372810,ETIT
2026-03-31,1.35,39608545,39608545,7500,5301,7500,5301,BOA_BENIN
2026-03-31,-0.36,3567675,3567675,13800,258,13800,258,CORIS_BANK
2026-03-31,-0.29,9142580,9142580,25400,363,25400,363,BICC
2026-03-31,1.39,39756620,39756620,8010,5008,8010,5008,DATA
2026-03-31,-2.99,13708390,13708390,3250,4167,3250,4167,DATA
2026-03-31,0.27,27028555,27028555,3700,7431,3700,7431,Servair
2026-03-31,5.11,2050865,2050865,60000,35,60000,35,Unilever
2026-03-31,3.03,15288070,15288070,3400,4494,3400,4494,CIE CI
2026-03-31,-1.75,1398460,1398460,1405,986,1405,986,NEI-CEDA
2026-03-31,5.11,2050865,2050865,60000,35,60000,35,DATA
2026-03-31,0.32,627905,627905,1590,394,1590,394,Bernabe
2026-03-31,0.0,8469650,8469650,12500,683,12500,683,DATA
2026-03-31,2.02,96966475,96966475,29000,3397,29000,3397,Sonatel
2026-03-31,1.85,43839315,43839315,4680,9490,4680,9490,BOA_MALI
2026-03-31,0.0,2624680,2624680,3900,685,3900,685,LNBB
2026-03-31,-1.83,29798950,29798950,21500,1378,21500,1378,DATA
2026-03-31,0.0,33802740,33802740,2000,16780,2000,16780,Uniwax
2026-03-31,3.87,22477155,22477155,1610,14205,1610,14205,DATA
2026-03-31,-0.18,30512925,30512925,5540,5524,5540,5524,BOA_BF
2026-03-31,-0.29,9142580,9142580,25400,363,25400,363,DATA
2026-03-31,-0.07,39180125,39180125,7095,5575,7095,5575,DATA
2026-03-31,-0.12,425550,425550,4045,106,4045,106,Sicor_ci
2026-03-31,0.62,2792910,2792910,1620,1727,1620,1727,DATA
2026-03-31,2.06,17027925,17027925,2725,6336,2725,6336,DATA
2026-03-31,1.35,39608545,39608545,7500,5301,7500,5301,DATA
2026-03-31,-1.43,155298750,155298750,6900,22486,6900,22486,DATA
2026-03-31,0.27,27028555,27028555,3700,7431,3700,7431,DATA
2026-03-31,-0.78,1969310,1969310,12800,155,12800,155,DATA
2026-03-31,0.15,68626095,68626095,6600,10438,6600,10438,DATA
2026-03-31,0.0,33802740,33802740,2000,16780,2000,16780,DATA
2026-03-31,0.34,10670965,10670965,2950,3626,2950,3626,DATA
2026-03-31,3.64,745853970,745853970,8395,91494,8395,91494,DATA
2026-03-31,-0.45,5986900,5986900,2190,2734,2190,2734,DATA
2026-03-31,2.06,17027925,17027925,2725,6336,2725,6336,Setao
2026-03-31,0.0,8140165,8140165,3655,2219,3655,2219,DATA
2026-03-31,0.62,16385040,16385040,8100,2031,8100,2031,DATA
2026-03-31,3.87,22477155,22477155,1610,14205,1610,14205,Sucrivoire
2026-03-31,-2.99,13708390,13708390,3250,4167,3250,4167,Total senegal
2026-03-31,3.75,7450100,7450100,15200,499,15200,499,Orange ci
2026-03-31,-0.52,33268980,33268980,2880,11807,2880,11807,DATA
2026-03-31,0.2,4003860,4003860,5100,785,5100,785,DATA
2026-03-31,-0.07,39180125,39180125,7095,5575,7095,5575,Saph
2026-03-31,-1.29,8838140,8838140,1920,4642,1920,4642,AGL
2026-03-31,1.39,39756620,39756620,8010,5008,8010,5008,SOGB
2026-03-31,0.2,4003860,4003860,5100,785,5100,785,BICB
2026-03-31,0.0,8140165,8140165,3655,2219,3655,2219,ORAGROUP_TOGO
2026-03-31,3.13,12159206,12159206,33,372810,33,372810,DATA
2026-04-01,1.33,48501490,48501490,7600,6505,7600,6505,DATA
2026-04-01,1.25,151466105,151466105,8500,17590,8500,17590,BOA_CI
2026-04-01,0.0,204220815,204220815,16500,12191,16500,12191,ECOBANK_CI
2026-04-01,-1.92,6159055,6159055,2300,2657,2300,2657,DATA
2026-04-01,-1.9,14076530,14076530,6960,2030,6960,2030,DATA
2026-04-01,0.0,2026355,2026355,1620,1249,1620,1249,Cfao
2026-04-01,0.0,37300525,37300525,29000,1291,29000,1291,DATA
2026-04-01,-1.89,3294755,3294755,3630,906,3630,906,DATA
2026-04-01,7.45,18570910,18570910,1730,10893,1730,10893,Sucrivoire
2026-04-01,0.0,6427000,6427000,12500,523,12500,523,SMBC
2026-04-01,0.0,30194545,30194545,34500,876,34500,876,SGB CI
2026-04-01,-1.33,1483550,1483550,7400,199,7400,199,SODE CI
2026-04-01,-1.25,15619925,15619925,1975,7885,1975,7885,DATA
2026-04-01,7.5,9711170,9711170,3655,2659,3655,2659,Sicable
2026-04-01,-0.23,17854515,17854515,2185,8217,2185,8217,DATA
2026-04-01,7.5,9711170,9711170,3655,2659,3655,2659,DATA
2026-04-01,-0.25,12590985,12590985,8080,1562,8080,1562,Palm ci
2026-04-01,0.0,17709955,17709955,4680,3775,4680,3775,BOA_MALI
2026-04-01,0.51,7067645,7067645,3920,1822,3920,1822,DATA
2026-04-01,0.0,2026355,2026355,1620,1249,1620,1249,DATA
2026-04-01,0.0,10517989,10517989,33,320243,33,320243,ETIT
2026-04-01,-1.25,8474900,8474900,1975,4295,1975,4295,DATA
2026-04-01,-4.53,28912745,28912745,24250,1177,24250,1177,DATA
2026-04-01,2.8,21583415,21583415,6785,3205,6785,3205,BOA_SN
2026-04-01,0.1,1163315,1163315,4880,241,4880,241,Tractafric
2026-04-01,-1.11,691015,691015,4000,172,4000,172,DATA
2026-04-01,7.45,18570910,18570910,1730,10893,1730,10893,DATA
2026-04-01,7.5,3547480,3547480,64500,55,64500,55,Unilever
2026-04-01,3.05,20891535,20891535,2700,7882,2700,7882,BOA_NIGER
2026-04-01,0.0,10517989,10517989,33,320243,33,320243,DATA
2026-04-01,-1.25,8474900,8474900,1975,4295,1975,4295,SEMC
2026-04-01,-1.02,6792145,6792145,2920,2322,2920,2322,Erium ci
2026-04-01,0.0,4132205,4132205,3400,1219,3400,1219,CIE CI
2026-04-01,0.0,204220815,204220815,16500,12191,16500,12191,DATA
2026-04-01,-2.34,7633465,7633465,12500,600,12500,600,Nestle
2026-04-01,0.0,17637110,17637110,14100,1258,14100,1258,NSIA
2026-04-01,0.0,6640500,6640500,39000,170,39000,170,DATA
2026-04-01,0.0,6640500,6640500,39000,170,39000,170,Solibra
2026-04-01,7.5,3547480,3547480,64500,55,64500,55,DATA
2026-04-01,3.05,20891535,20891535,2700,7882,2700,7882,DATA
2026-04-01,0.0,17637110,17637110,14100,1258,14100,1258,DATA
2026-04-01,-1.25,15619925,15619925,1975,7885,1975,7885,Uniwax
2026-04-01,0.0,30194545,30194545,34500,876,34500,876,DATA
2026-04-01,-0.25,12590985,12590985,8080,1562,8080,1562,DATA
2026-04-01,-1.11,691015,691015,4000,172,4000,172,Sicor_ci
2026-04-01,0.0,55533605,55533605,3250,16958,3250,16958,Total senegal
2026-04-01,7.48,31969540,31969540,5343,5999,7555,4242,SAFCA
2026-04-01,-2.34,7633465,7633465,12500,600,12500,600,DATA
2026-04-01,-1.33,1483550,1483550,7400,199,7400,199,DATA
2026-04-01,0.1,1163315,1163315,4880,241,4880,241,DATA
2026-04-01,0.26,7253305,7253305,1925,3767,1925,3767,DATA
2026-04-01,0.14,18250355,18250355,3660,5011,3660,5011,ORAGROUP_TOGO
2026-04-01,-1.92,6159055,6159055,2300,2657,2300,2657,Filtisac
2026-04-01,2.8,21583415,21583415,6785,3205,6785,3205,DATA
2026-04-01,-1.9,14076530,14076530,6960,2030,6960,2030,Saph
2026-04-01,7.34,16548705,16548705,2925,5824,2925,5824,DATA
2026-04-01,-2.33,49743460,49743460,21000,2341,21000,2341,Sitab_ci
2026-04-01,0.0,10751050,10751050,15200,708,15200,708,Orange ci
2026-04-01,-5.56,105495980,105495980,2720,38621,2720,38621,DATA
2026-04-01,-0.23,17854515,17854515,2185,8217,2185,8217,Vivo energy
2026-04-01,0.0,1969400,1969400,1590,1238,1590,1238,DATA
2026-04-01,0.0,4132205,4132205,3400,1219,3400,1219,DATA
2026-04-01,0.26,7253305,7253305,1925,3767,1925,3767,AGL
2026-04-01,0.0,17709955,17709955,4680,3775,4680,3775,DATA
2026-04-01,0.36,13560215,13560215,13850,980,13850,980,DATA
2026-04-01,-0.34,5083295,5083295,2940,1751,2940,1751,Onatel bf
2026-04-01,-1.02,6792145,6792145,2920,2322,2920,2322,DATA
2026-04-01,-1.89,3294755,3294755,3630,906,3630,906,Servair
2026-04-01,0.98,2783955,2783955,5150,545,5150,545,DATA
2026-04-01,-2.62,37308615,37308615,7800,4775,7800,4775,DATA
2026-04-01,0.0,6427000,6427000,12500,523,12500,523,DATA
2026-04-01,0.18,16580360,16580360,5550,2988,5550,2988,BOA_BF
2026-04-01,-2.62,37308615,37308615,7800,4775,7800,4775,SOGB
2026-04-01,7.34,16548705,16548705,2925,5824,2925,5824,Setao
2026-04-01,-5.56,105495980,105495980,2720,38621,2720,38621,Total ci
2026-04-01,1.33,48501490,48501490,7600,6505,7600,6505,BOA_BENIN
2026-04-01,0.0,1969400,1969400,1590,1238,1590,1238,Bernabe
2026-04-01,-4.53,28912745,28912745,24250,1177,24250,1177,BICC
2026-04-01,0.0,11434905,11434905,1405,8446,1405,8446,DATA
2026-04-01,-2.33,49743460,49743460,21000,2341,21000,2341,DATA
2026-04-01,0.0,55533605,55533605,3250,16958,3250,16958,DATA
2026-04-01,0.0,29003425,29003425,6900,4185,6900,4185,SIBC
2026-04-01,0.51,7067645,7067645,3920,1822,3920,1822,LNBB
2026-04-01,0.14,18250355,18250355,3660,5011,3660,5011,DATA
2026-04-01,0.36,13560215,13560215,13850,980,13850,980,CORIS_BANK
2026-04-01,0.0,37300525,37300525,29000,1291,29000,1291,Sonatel
2026-04-01,0.0,29003425,29003425,6900,4185,6900,4185,DATA
2026-04-01,0.98,2783955,2783955,5150,545,5150,545,BICB
2026-04-01,0.18,16580360,16580360,5550,2988,5550,2988,DATA
2026-04-01,7.48,31969540,31969540,5343,5999,7555,4242,DATA
2026-04-01,-0.34,5083295,5083295,2940,1751,2940,1751,DATA
2026-04-01,0.0,11434905,11434905,1405,8446,1405,8446,NEI-CEDA
2026-04-01,0.0,10751050,10751050,15200,708,15200,708,DATA
2026-04-01,1.25,151466105,151466105,8500,17590,8500,17590,DATA
2026-04-02,-0.4,3733610,3733610,12450,300,12450,300,Nestle
2026-04-02,-0.38,2414600,2414600,38850,62,38850,62,DATA
2026-04-02,0.0,8405530,8405530,3660,2296,3660,2296,ORAGROUP_TOGO
2026-04-02,-0.69,4906485,4906485,2170,2255,2170,2255,DATA
2026-04-02,3.08,3585080,3585080,3350,1083,3350,1083,Total senegal
2026-04-02,-0.93,1752405,1752405,1605,1090,1605,1090,DATA
2026-04-02,0.34,8580365,8580365,2930,2937,2930,2937,Erium ci
2026-04-02,1.44,9285425,9285425,24600,381,24600,381,BICC
2026-04-02,-0.71,586500,586500,1395,420,1395,420,NEI-CEDA
2026-04-02,7.47,33431485,33431485,14885,2334,14885,2334,CORIS_BANK
2026-04-02,4.62,31094650,31094650,1810,16994,1810,16994,DATA
2026-04-02,2.38,12919490,12919490,21500,602,21500,602,DATA
2026-04-02,0.78,3616500,3616500,65000,55,65000,55,Unilever
2026-04-02,0.97,5501600,5501600,5200,1071,5200,1071,DATA
2026-04-02,0.0,58572520,58572520,8500,6891,8500,6891,DATA
2026-04-02,1.38,20431905,20431905,6995,2938,6995,2938,DATA
2026-04-02,-1.48,1593430,1593430,2660,592,2660,592,BOA_NIGER
2026-04-02,0.39,7779190,7779190,14155,549,14155,549,DATA
2026-04-02,0.39,7779190,7779190,14155,549,14155,549,NSIA
2026-04-02,-3.8,15592785,15592785,1900,8075,1900,8075,DATA
2026-04-02,7.47,33431485,33431485,14885,2334,14885,2334,DATA
2026-04-02,-1.36,1724135,1724135,2900,592,2900,592,DATA
2026-04-02,0.97,5501600,5501600,5200,1071,5200,1071,BICB
2026-04-02,-0.34,60234280,60234280,28900,2101,28900,2101,Sonatel
2026-04-02,0.0,8405530,8405530,3660,2296,3660,2296,DATA
2026-04-02,0.0,1866970,1866970,2300,810,2300,810,DATA
2026-04-02,3.08,3585080,3585080,3350,1083,3350,1083,DATA
2026-04-02,0.0,1327295,1327295,1590,852,1590,852,Bernabe
2026-04-02,1.44,9285425,9285425,24600,381,24600,381,DATA
2026-04-02,-0.4,1993745,1993745,12450,160,12450,160,DATA
2026-04-02,-1.41,27491005,27491005,7690,3566,7690,3566,SOGB
2026-04-02,0.96,15623415,15623415,6850,2300,6850,2300,BOA_SN
2026-04-02,-1.36,1724135,1724135,2900,592,2900,592,Onatel bf
2026-04-02,-3.8,15592785,15592785,1900,8075,1900,8075,SEMC
2026-04-02,-0.91,13394150,13394150,16350,817,16350,817,DATA
2026-04-02,-1.71,18975185,18975185,4600,4117,4600,4117,DATA
2026-04-02,0.0,28494920,28494920,34500,826,34500,826,DATA
2026-04-02,0.0,1427750,1427750,7400,195,7400,195,SODE CI
2026-04-02,6.29,14716635,14716635,3885,3788,3885,3788,DATA
2026-04-02,0.87,7277250,7277250,8150,900,8150,900,Palm ci
2026-04-02,0.0,14361975,14361975,15200,946,15200,946,DATA
2026-04-02,-1.48,1593430,1593430,2660,592,2660,592,DATA
2026-04-02,-2.36,6102100,6102100,4765,1286,4765,1286,DATA
2026-04-02,0.0,1327295,1327295,1590,852,1590,852,DATA
2026-04-02,-1.32,66404235,66404235,7500,8771,7500,8771,DATA
2026-04-02,-2.36,6102100,6102100,4765,1286,4765,1286,Tractafric
2026-04-02,1.15,24653290,24653290,7040,3554,7040,3554,Saph
2026-04-02,2.38,12919490,12919490,21500,602,21500,602,Sitab_ci
2026-04-02,-3.64,12842250,12842250,1855,6807,1855,6807,DATA
2026-04-02,-0.91,13394150,13394150,16350,817,16350,817,ECOBANK_CI
2026-04-02,0.0,1427750,1427750,7400,195,7400,195,DATA
2026-04-02,-0.93,1752405,1752405,1605,1090,1605,1090,Cfao
2026-04-02,-0.34,60234280,60234280,28900,2101,28900,2101,DATA
2026-04-02,-0.69,4906485,4906485,2170,2255,2170,2255,Vivo energy
2026-04-02,0.83,7408250,7408250,3660,2013,3660,2013,Servair
2026-04-02,0.0,2003750,2003750,4000,501,4000,501,Sicor_ci
2026-04-02,-0.55,71415550,71415550,2705,26390,2705,26390,DATA
2026-04-02,0.87,7277250,7277250,8150,900,8150,900,DATA
2026-04-02,1.15,24653290,24653290,7040,3554,7040,3554,DATA
2026-04-02,-0.73,21970910,21970910,5304,4142,7500,2929,DATA
2026-04-02,-0.4,3733610,3733610,12450,300,12450,300,DATA
2026-04-02,0.0,4735805,4735805,3400,1403,3400,1403,DATA
2026-04-02,-3.64,12842250,12842250,1855,6807,1855,6807,AGL
2026-04-02,0.0,14361975,14361975,15200,946,15200,946,Orange ci
2026-04-02,-0.38,2414600,2414600,38850,62,38850,62,Solibra
2026-04-02,-1.79,914400,914400,3850,239,3850,239,DATA
2026-04-02,-1.41,27491005,27491005,7690,3566,7690,3566,DATA
2026-04-02,0.25,28031245,28031245,1980,14297,1980,14297,Uniwax
2026-04-02,0.9,17234430,17234430,5600,3100,5600,3100,DATA
2026-04-02,7.35,21781090,21781090,3140,7133,3140,7133,Setao
2026-04-02,0.0,6795125,6795125,33,206064,33,206064,DATA
2026-04-02,-0.73,21970910,21970910,5304,4142,7500,2929,SAFCA
2026-04-02,0.0,2003750,2003750,4000,501,4000,501,DATA
2026-04-02,0.0,1866970,1866970,2300,810,2300,810,Filtisac
2026-04-02,-1.79,914400,914400,3850,239,3850,239,LNBB
2026-04-02,6.29,14716635,14716635,3885,3788,3885,3788,Sicable
2026-04-02,0.25,28031245,28031245,1980,14297,1980,14297,DATA
2026-04-02,0.0,4735805,4735805,3400,1403,3400,1403,CIE CI
2026-04-02,0.96,15623415,15623415,6850,2300,6850,2300,DATA
2026-04-02,0.0,6795125,6795125,33,206064,33,206064,ETIT
2026-04-02,-1.71,18975185,18975185,4600,4117,4600,4117,BOA_MALI
2026-04-02,0.9,17234430,17234430,5600,3100,5600,3100,BOA_BF
2026-04-02,-0.4,1993745,1993745,12450,160,12450,160,SMBC
2026-04-02,7.35,21781090,21781090,3140,7133,3140,7133,DATA
2026-04-02,1.38,20431905,20431905,6995,2938,6995,2938,SIBC
2026-04-02,4.62,31094650,31094650,1810,16994,1810,16994,Sucrivoire
2026-04-02,0.78,3616500,3616500,65000,55,65000,55,DATA
2026-04-02,-0.55,71415550,71415550,2705,26390,2705,26390,Total ci
2026-04-02,0.34,8580365,8580365,2930,2937,2930,2937,DATA
2026-04-02,0.0,58572520,58572520,8500,6891,8500,6891,BOA_CI
2026-04-02,0.83,7408250,7408250,3660,2013,3660,2013,DATA
2026-04-02,0.0,28494920,28494920,34500,826,34500,826,SGB CI
2026-04-02,-0.71,586500,586500,1395,420,1395,420,DATA
2026-04-02,-1.32,66404235,66404235,7500,8771,7500,8771,BOA_BENIN
2026-04-03,-0.87,15416200,15416200,34200,448,34200,448,DATA
2026-04-03,0.0,1102600,1102600,7400,149,7400,149,DATA
2026-04-03,2.17,4347640,4347640,2350,1859,2350,1859,Filtisac
2026-04-03,-3.61,22054775,22054775,12000,1846,12000,1846,DATA
2026-04-03,0.34,2193400,2193400,2940,747,2940,747,DATA
2026-04-03,0.0,11304350,11304350,16350,692,16350,692,ECOBANK_CI
2026-04-03,1.54,8770975,8770975,3945,2234,3945,2234,Sicable
2026-04-03,0.93,1664045,1664045,1620,1032,1620,1032,Cfao
2026-04-03,0.26,11873915,11873915,7710,1544,7710,1544,SOGB
2026-04-03,-0.06,43209045,43209045,8495,5103,8495,5103,BOA_CI
2026-04-03,0.27,4145190,4145190,1860,2225,1860,2225,DATA
2026-04-03,1.21,1224825,1224825,2935,419,2935,419,Onatel bf
2026-04-03,0.0,16736745,16736745,21500,778,21500,778,Sitab_ci
2026-04-03,-2.78,26879775,26879775,1925,13859,1925,13859,Uniwax
2026-04-03,1.85,1960290,1960290,4685,418,4685,418,BOA_MALI
2026-04-03,0.13,1438400,1438400,38900,37,38900,37,DATA
2026-04-03,-0.57,10206340,10206340,7000,1453,7000,1453,Saph
2026-04-03,0.81,18320920,18320920,15005,1220,15005,1220,DATA
2026-04-03,0.0,64323990,64323990,2705,23774,2705,23774,Total ci
2026-04-03,-2.44,56517155,56517155,24000,2349,24000,2349,DATA
2026-04-03,-0.74,13837815,13837815,5265,2615,7445,1849,SAFCA
2026-04-03,-0.48,6360705,6360705,5175,1248,5175,1248,BICB
2026-04-03,-0.18,6384150,6384150,5590,1145,5590,1145,DATA
2026-04-03,0.0,5312020,5312020,3660,1465,3660,1465,DATA
2026-04-03,0.35,15204200,15204200,29000,526,29000,526,Sonatel
2026-04-03,-3.61,22054775,22054775,12000,1846,12000,1846,SMBC
2026-04-03,-0.74,13837815,13837815,5265,2615,7445,1849,DATA
2026-04-03,-0.87,15416200,15416200,34200,448,34200,448,SGB CI
2026-04-03,1.21,1224825,1224825,2935,419,2935,419,DATA
2026-04-03,0.0,2164480,2164480,3400,637,3400,637,DATA
2026-04-03,2.17,4347640,4347640,2350,1859,2350,1859,DATA
2026-04-03,0.35,15204200,15204200,29000,526,29000,526,DATA
2026-04-03,4.47,3090430,3090430,1985,1607,1985,1607,DATA
2026-04-03,1.19,6155385,6155385,3390,1826,3390,1826,DATA
2026-04-03,4.47,3090430,3090430,1985,1607,1985,1607,SEMC
2026-04-03,0.18,2143920,2143920,14180,151,14180,151,NSIA
2026-04-03,0.0,11304350,11304350,16350,692,16350,692,DATA
2026-04-03,0.36,487785,487785,1400,349,1400,349,DATA
2026-04-03,-4.72,1196730,1196730,1515,782,1515,782,Bernabe
2026-04-03,0.0,1312850,1312850,3850,341,3850,341,DATA
2026-04-03,1.85,1960290,1960290,4685,418,4685,418,DATA
2026-04-03,-2.78,26879775,26879775,1925,13859,1925,13859,DATA
2026-04-03,0.07,10336430,10336430,7000,1477,7000,1477,SIBC
2026-04-03,0.13,1438400,1438400,38900,37,38900,37,Solibra
2026-04-03,0.0,9028620,9028620,2660,3357,2660,3357,BOA_NIGER
2026-04-03,-4.72,1196730,1196730,1515,782,1515,782,DATA
2026-04-03,7.48,6309050,6309050,3375,1912,3375,1912,DATA
2026-04-03,-0.48,6360705,6360705,5175,1248,5175,1248,DATA
2026-04-03,0.07,10336430,10336430,7000,1477,7000,1477,DATA
2026-04-03,0.81,18320920,18320920,15005,1220,15005,1220,CORIS_BANK
2026-04-03,-0.18,6384150,6384150,5590,1145,5590,1145,BOA_BF
2026-04-03,-1.2,1220325,1220325,12300,98,12300,98,Nestle
2026-04-03,7.46,82161675,82161675,1945,43236,1945,43236,Sucrivoire
2026-04-03,0.26,11873915,11873915,7710,1544,7710,1544,DATA
2026-04-03,0.36,487785,487785,1400,349,1400,349,NEI-CEDA
2026-04-03,-0.06,43209045,43209045,8495,5103,8495,5103,DATA
2026-04-03,0.0,5312020,5312020,3660,1465,3660,1465,ORAGROUP_TOGO
2026-04-03,0.0,2865975,2865975,8150,352,8150,352,DATA
2026-04-03,1.38,3965960,3965960,2200,1819,2200,1819,DATA
2026-04-03,0.93,1664045,1664045,1620,1032,1620,1032,DATA
2026-04-03,-1.64,1720100,1720100,3600,473,3600,473,DATA
2026-04-03,1.19,6155385,6155385,3390,1826,3390,1826,Total senegal
2026-04-03,-0.57,10206340,10206340,7000,1453,7000,1453,DATA
2026-04-03,-2.44,56517155,56517155,24000,2349,24000,2349,BICC
2026-04-03,6.16,1088820,1088820,69005,16,69005,16,DATA
2026-04-03,1.54,8770975,8770975,3945,2234,3945,2234,DATA
2026-04-03,7.48,6309050,6309050,3375,1912,3375,1912,Setao
2026-04-03,-0.1,2255745,2255745,4760,474,4760,474,Tractafric
2026-04-03,0.0,404000,404000,4000,101,4000,101,Sicor_ci
2026-04-03,-1.2,1220325,1220325,12300,98,12300,98,DATA
2026-04-03,1.33,16435420,16435420,7600,2169,7600,2169,DATA
2026-04-03,0.34,2193400,2193400,2940,747,2940,747,Erium ci
2026-04-03,0.0,16736745,16736745,21500,778,21500,778,DATA
2026-04-03,-0.1,2255745,2255745,4760,474,4760,474,DATA
2026-04-03,1.33,16435420,16435420,7600,2169,7600,2169,BOA_BENIN
2026-04-03,3.03,9371222,9371222,34,278356,34,278356,ETIT
2026-04-03,1.38,3965960,3965960,2200,1819,2200,1819,Vivo energy
2026-04-03,0.0,9028620,9028620,2660,3357,2660,3357,DATA
2026-04-03,-0.73,12676185,12676185,6800,1853,6800,1853,BOA_SN
2026-04-03,0.18,2143920,2143920,14180,151,14180,151,DATA
2026-04-03,6.16,1088820,1088820,69005,16,69005,16,Unilever
2026-04-03,-0.73,12676185,12676185,6800,1853,6800,1853,DATA
2026-04-03,0.0,64323990,64323990,2705,23774,2705,23774,DATA
2026-04-03,0.0,2164480,2164480,3400,637,3400,637,CIE CI
2026-04-03,-1.32,15605190,15605190,15000,1045,15000,1045,Orange ci
2026-04-03,0.0,1312850,1312850,3850,341,3850,341,LNBB
2026-04-03,0.0,2865975,2865975,8150,352,8150,352,Palm ci
2026-04-03,0.0,404000,404000,4000,101,4000,101,DATA
2026-04-03,0.27,4145190,4145190,1860,2225,1860,2225,AGL
2026-04-03,-1.64,1720100,1720100,3600,473,3600,473,Servair
2026-04-03,0.0,1102600,1102600,7400,149,7400,149,SODE CI
2026-04-03,7.46,82161675,82161675,1945,43236,1945,43236,DATA
2026-04-03,3.03,9371222,9371222,34,278356,34,278356,DATA
2026-04-03,-1.32,15605190,15605190,15000,1045,15000,1045,DATA
2026-04-07,-0.17,10190620,10190620,2935,3480,2935,3480,DATA
2026-04-07,-0.59,14583905,14583905,3370,4377,3370,4377,DATA
2026-04-07,-5.0,6722485,6722485,3420,1936,3420,1936,DATA
2026-04-07,1.17,20840610,20840610,7800,2699,7800,2699,SOGB
2026-04-07,-5.8,4372840,4372840,65000,65,65000,65,DATA
2026-04-07,-0.03,22535310,22535310,15000,1489,15000,1489,CORIS_BANK
2026-04-07,-2.03,26652620,26652620,2650,9877,2650,9877,DATA
2026-04-07,-2.31,75376135,75376135,1900,39083,1900,39083,DATA
2026-04-07,0.64,900836020,900836020,7045,128681,7045,128681,Saph
2026-04-07,-0.07,45912450,45912450,6995,6536,6995,6536,SIBC
2026-04-07,-1.47,8312370,8312370,3350,2469,3350,2469,CIE CI
2026-04-07,4.94,31796435,31796435,4995,6401,4995,6401,DATA
2026-04-07,2.15,14029245,14029245,1900,7418,1900,7418,DATA
2026-04-07,-0.03,22535310,22535310,15000,1489,15000,1489,DATA
2026-04-07,-2.03,26652620,26652620,2650,9877,2650,9877,Total ci
2026-04-07,-0.58,50222370,50222370,34000,1471,34000,1471,DATA
2026-04-07,1.35,3699300,3699300,7500,502,7500,502,SODE CI
2026-04-07,0.0,27269455,27269455,34,806618,34,806618,DATA
2026-04-07,0.93,11497450,11497450,1635,7104,1635,7104,Cfao
2026-04-07,-5.91,18825750,18825750,4954,3718,7005,2629,SAFCA
2026-04-07,4.94,31796435,31796435,4995,6401,4995,6401,Tractafric
2026-04-07,-0.07,45912450,45912450,6995,6536,6995,6536,DATA
2026-04-07,-0.58,50222370,50222370,34000,1471,34000,1471,SGB CI
2026-04-07,-1.26,20361555,20361555,5110,3985,5110,3985,DATA
2026-04-07,-3.27,12343480,12343480,1920,6436,1920,6436,SEMC
2026-04-07,7.41,43791915,43791915,3625,12189,3625,12189,DATA
2026-04-07,5.28,1036375,1036375,1595,663,1595,663,DATA
2026-04-07,0.0,20404080,20404080,16350,1250,16350,1250,DATA
2026-04-07,-0.59,14583905,14583905,3370,4377,3370,4377,Total senegal
2026-04-07,-1.47,8312370,8312370,3350,2469,3350,2469,DATA
2026-04-07,-0.45,6616355,6616355,2190,3009,2190,3009,DATA
2026-04-07,7.48,49409615,49409615,4240,11783,4240,11783,DATA
2026-04-07,2.86,29876695,29876695,1980,15121,1980,15121,DATA
2026-04-07,0.0,41271320,41271320,6800,6053,6800,6053,BOA_SN
2026-04-07,2.15,14029245,14029245,1900,7418,1900,7418,AGL
2026-04-07,0.81,9062125,9062125,14295,638,14295,638,DATA
2026-04-07,-1.26,20361555,20361555,5110,3985,5110,3985,BICB
2026-04-07,-2.9,8008070,8008070,2850,2758,2850,2758,DATA
2026-04-07,-1.65,63341150,63341150,23605,2641,23605,2641,BICC
2026-04-07,1.17,20840610,20840610,7800,2699,7800,2699,DATA
2026-04-07,-5.88,61425,61425,3765,16,3765,16,Sicor_ci
2026-04-07,7.41,43791915,43791915,3625,12189,3625,12189,Setao
2026-04-07,0.81,9062125,9062125,14295,638,14295,638,NSIA
2026-04-07,-1.18,711159270,711159270,8395,85824,8395,85824,BOA_CI
2026-04-07,0.61,11371135,11371135,8200,1394,8200,1394,Palm ci
2026-04-07,-1.92,27666415,27666415,4595,5991,4595,5991,DATA
2026-04-07,0.93,11497450,11497450,1635,7104,1635,7104,DATA
2026-04-07,1.69,1068375,1068375,3915,277,3915,277,DATA
2026-04-07,-5.91,18825750,18825750,4954,3718,7005,2629,DATA
2026-04-07,5.64,28182965,28182965,2810,10115,2810,10115,BOA_NIGER
2026-04-07,0.0,4481595,4481595,12300,364,12300,364,DATA
2026-04-07,1.35,3699300,3699300,7500,502,7500,502,DATA
2026-04-07,-0.45,6616355,6616355,2190,3009,2190,3009,Vivo energy
2026-04-07,-0.27,11022810,11022810,3650,3019,3650,3019,ORAGROUP_TOGO
2026-04-07,0.0,23175525,23175525,7600,3048,7600,3048,DATA
2026-04-07,-1.43,8775960,8775960,1380,6482,1380,6482,NEI-CEDA
2026-04-07,-5.88,61425,61425,3765,16,3765,16,DATA
2026-04-07,-1.92,27666415,27666415,4595,5991,4595,5991,BOA_MALI
2026-04-07,0.0,27269455,27269455,34,806618,34,806618,ETIT
2026-04-07,-2.31,18977950,18977950,38000,488,38000,488,Solibra
2026-04-07,-5.0,6722485,6722485,3420,1936,3420,1936,Servair
2026-04-07,-0.47,45054965,45054965,21400,2102,21400,2102,DATA
2026-04-07,7.48,49409615,49409615,4240,11783,4240,11783,Sicable
2026-04-07,0.0,23175525,23175525,7600,3048,7600,3048,BOA_BENIN
2026-04-07,0.61,11371135,11371135,8200,1394,8200,1394,DATA
2026-04-07,0.0,20404080,20404080,16350,1250,16350,1250,ECOBANK_CI
2026-04-07,-2.31,18977950,18977950,38000,488,38000,488,DATA
2026-04-07,-3.27,12343480,12343480,1920,6436,1920,6436,DATA
2026-04-07,1.07,33716900,33716900,5650,6018,5650,6018,BOA_BF
2026-04-07,-1.91,3735770,3735770,2305,1585,2305,1585,DATA
2026-04-07,0.0,4481595,4481595,12300,364,12300,364,Nestle
2026-04-07,1.33,17449030,17449030,15200,1154,15200,1154,Orange ci
2026-04-07,2.86,29876695,29876695,1980,15121,1980,15121,Uniwax
2026-04-07,1.33,17449030,17449030,15200,1154,15200,1154,DATA
2026-04-07,-0.83,7226750,7226750,11900,627,11900,627,SMBC
2026-04-07,-1.65,63341150,63341150,23605,2641,23605,2641,DATA
2026-04-07,-0.83,7226750,7226750,11900,627,11900,627,DATA
2026-04-07,1.07,33716900,33716900,5650,6018,5650,6018,DATA
2026-04-07,-5.8,4372840,4372840,65000,65,65000,65,Unilever
2026-04-07,-2.31,75376135,75376135,1900,39083,1900,39083,Sucrivoire
2026-04-07,-2.9,8008070,8008070,2850,2758,2850,2758,Onatel bf
2026-04-07,0.64,900836020,900836020,7045,128681,7045,128681,DATA
2026-04-07,-1.91,3735770,3735770,2305,1585,2305,1585,Filtisac
2026-04-07,5.28,1036375,1036375,1595,663,1595,663,Bernabe
2026-04-07,-0.47,45054965,45054965,21400,2102,21400,2102,Sitab_ci
2026-04-07,0.0,41271320,41271320,6800,6053,6800,6053,DATA
2026-04-07,-1.43,8775960,8775960,1380,6482,1380,6482,DATA
2026-04-07,-0.27,11022810,11022810,3650,3019,3650,3019,DATA
2026-04-07,5.64,28182965,28182965,2810,10115,2810,10115,DATA
2026-04-07,0.0,65604190,65604190,29000,2263,29000,2263,Sonatel
2026-04-07,1.69,1068375,1068375,3915,277,3915,277,LNBB
2026-04-07,-1.18,711159270,711159270,8395,85824,8395,85824,DATA
2026-04-07,0.0,65604190,65604190,29000,2263,29000,2263,DATA
2026-04-07,-0.17,10190620,10190620,2935,3480,2935,3480,Erium ci
2026-04-08,0.0,8296054,8296054,34,245729,34,245729,DATA
2026-04-08,-0.66,5224765,5224765,14200,366,14200,366,DATA
2026-04-08,0.0,14185255,14185255,15000,946,15000,946,CORIS_BANK
2026-04-08,-0.28,98090565,98090565,21340,4649,21340,4649,DATA
2026-04-08,0.0,2196020,2196020,1380,1584,1380,1584,NEI-CEDA
2026-04-08,0.07,32923420,32923420,7050,4684,7050,4684,DATA
2026-04-08,-0.81,3344925,3344925,12200,273,12200,273,Nestle
2026-04-08,6.11,103950,103950,3995,26,3995,26,Sicor_ci
2026-04-08,0.0,3439085,3439085,5110,674,5110,674,DATA
2026-04-08,-2.37,2591235,2591235,3290,816,3290,816,Total senegal
2026-04-08,6.11,103950,103950,3995,26,3995,26,DATA
2026-04-08,1.67,6736575,6736575,24000,282,24000,282,BICC
2026-04-08,-0.18,221183755,221183755,8380,26580,8380,26580,DATA
2026-04-08,-1.69,34494235,34494235,6685,5126,6685,5126,BOA_SN
2026-04-08,0.0,7570015,7570015,2650,2843,2650,2843,Total ci
2026-04-08,0.0,5241525,5241525,3350,1565,3350,1565,DATA
2026-04-08,-0.3,19831690,19831690,4939,4165,6985,2945,SAFCA
2026-04-08,3.04,4507750,4507750,2375,1903,2375,1903,Filtisac
2026-04-08,0.07,68407020,68407020,7000,9766,7000,9766,SIBC
2026-04-08,0.44,27324055,27324055,5675,4833,5675,4833,DATA
2026-04-08,-2.27,17255785,17255785,1935,8828,1935,8828,Uniwax
2026-04-08,-0.42,1053400,1053400,11850,89,11850,89,SMBC
2026-04-08,-1.32,9293230,9293230,15000,614,15000,614,Orange ci
2026-04-08,0.0,2196020,2196020,1380,1584,1380,1584,DATA
2026-04-08,-1.69,34494235,34494235,6685,5126,6685,5126,DATA
2026-04-08,0.0,5241525,5241525,3350,1565,3350,1565,CIE CI
2026-04-08,0.0,2540185,2540185,2935,866,2935,866,DATA
2026-04-08,-0.13,2884130,2884130,3910,749,3910,749,LNBB
2026-04-08,-0.07,11477865,11477865,7595,1522,7595,1522,BOA_BENIN
2026-04-08,-1.32,5664600,5664600,37500,152,37500,152,DATA
2026-04-08,7.45,16736430,16736430,3895,4363,3895,4363,DATA
2026-04-08,0.0,17451710,17451710,7800,2260,7800,2260,DATA
2026-04-08,-0.18,221183755,221183755,8380,26580,8380,26580,BOA_CI
2026-04-08,-0.81,3344925,3344925,12200,273,12200,273,DATA
2026-04-08,3.98,10946640,10946640,1700,6545,1700,6545,DATA
2026-04-08,0.0,8132080,8132080,8200,993,8200,993,DATA
2026-04-08,-2.27,17255785,17255785,1935,8828,1935,8828,DATA
2026-04-08,-0.13,2884130,2884130,3910,749,3910,749,DATA
2026-04-08,0.15,4483205,4483205,3425,1296,3425,1296,Servair
2026-04-08,1.2,20237455,20237455,4650,4432,4650,4432,BOA_MALI
2026-04-08,0.0,8296054,8296054,34,245729,34,245729,ETIT
2026-04-08,-7.5,3112345,3112345,60125,50,60125,50,DATA
2026-04-08,0.0,7570015,7570015,2650,2843,2650,2843,DATA
2026-04-08,0.44,27324055,27324055,5675,4833,5675,4833,BOA_BF
2026-04-08,-2.65,16517285,16517285,33100,492,33100,492,SGB CI
2026-04-08,0.07,68407020,68407020,7000,9766,7000,9766,DATA
2026-04-08,0.15,4483205,4483205,3425,1296,3425,1296,DATA
2026-04-08,-0.28,98090565,98090565,21340,4649,21340,4649,Sitab_ci
2026-04-08,7.45,16736430,16736430,3895,4363,3895,4363,Setao
2026-04-08,-1.32,5664600,5664600,37500,152,37500,152,Solibra
2026-04-08,0.0,14185255,14185255,15000,946,15000,946,DATA
2026-04-08,-0.07,11477865,11477865,7595,1522,7595,1522,DATA
2026-04-08,4.21,54785105,54785105,1980,28321,1980,28321,Sucrivoire
2026-04-08,-2.67,2078690,2078690,7300,283,7300,283,DATA
2026-04-08,-2.67,2078690,2078690,7300,283,7300,283,SODE CI
2026-04-08,1.2,20237455,20237455,4650,4432,4650,4432,DATA
2026-04-08,0.0,8132080,8132080,8200,993,8200,993,Palm ci
2026-04-08,-0.66,5224765,5224765,14200,366,14200,366,NSIA
2026-04-08,0.92,9403500,9403500,16500,573,16500,573,DATA
2026-04-08,0.0,10562650,10562650,2850,3729,2850,3729,DATA
2026-04-08,0.0,3439085,3439085,5110,674,5110,674,BICB
2026-04-08,4.36,33420115,33420115,4425,7481,4425,7481,Sicable
2026-04-08,-0.36,77255565,77255565,2800,27559,2800,27559,BOA_NIGER
2026-04-08,-1.37,25057235,25057235,3600,7049,3600,7049,DATA
2026-04-08,-0.69,247825475,247825475,28800,8598,28800,8598,DATA
2026-04-08,3.98,10946640,10946640,1700,6545,1700,6545,Cfao
2026-04-08,-0.69,247825475,247825475,28800,8598,28800,8598,Sonatel
2026-04-08,0.52,6128275,6128275,1930,3185,1930,3185,SEMC
2026-04-08,-2.37,2591235,2591235,3290,816,3290,816,DATA
2026-04-08,0.52,6128275,6128275,1930,3185,1930,3185,DATA
2026-04-08,3.04,4507750,4507750,2375,1903,2375,1903,DATA
2026-04-08,-0.63,899355,899355,1585,565,1585,565,Bernabe
2026-04-08,1.67,6736575,6736575,24000,282,24000,282,DATA
2026-04-08,-0.42,1053400,1053400,11850,89,11850,89,DATA
2026-04-08,0.0,10562650,10562650,2850,3729,2850,3729,Onatel bf
2026-04-08,1.05,9780515,9780515,1920,5192,1920,5192,AGL
2026-04-08,0.0,17451710,17451710,7800,2260,7800,2260,SOGB
2026-04-08,0.92,9403500,9403500,16500,573,16500,573,ECOBANK_CI
2026-04-08,1.05,9780515,9780515,1920,5192,1920,5192,DATA
2026-04-08,-2.65,16517285,16517285,33100,492,33100,492,DATA
2026-04-08,-0.3,19831690,19831690,4939,4165,6985,2945,DATA
2026-04-08,4.36,33420115,33420115,4425,7481,4425,7481,DATA
2026-04-08,-0.36,77255565,77255565,2800,27559,2800,27559,DATA
2026-04-08,-1.37,25057235,25057235,3600,7049,3600,7049,ORAGROUP_TOGO
2026-04-08,-0.23,4505240,4505240,2185,2057,2185,2057,Vivo energy
2026-04-08,2.1,3724870,3724870,5100,735,5100,735,Tractafric
2026-04-08,-1.32,9293230,9293230,15000,614,15000,614,DATA
2026-04-08,4.21,54785105,54785105,1980,28321,1980,28321,DATA
2026-04-08,-7.5,3112345,3112345,60125,50,60125,50,Unilever
2026-04-08,0.07,32923420,32923420,7050,4684,7050,4684,Saph
2026-04-08,0.0,2540185,2540185,2935,866,2935,866,Erium ci
2026-04-08,-0.23,4505240,4505240,2185,2057,2185,2057,DATA
2026-04-08,2.1,3724870,3724870,5100,735,5100,735,DATA
2026-04-08,-0.63,899355,899355,1585,565,1585,565,DATA
2026-04-09,0.22,17833060,17833060,6700,2658,6700,2658,BOA_SN
2026-04-09,1.39,4692305,4692305,3650,1290,3650,1290,DATA
2026-04-09,-0.02,99524405,99524405,28795,3476,28795,3476,Sonatel
2026-04-09,-1.41,543985,543985,3855,140,3855,140,LNBB
2026-04-09,0.22,17833060,17833060,6700,2658,6700,2658,DATA
2026-04-09,-1.22,3209730,3209730,3250,988,3250,988,Total senegal
2026-04-09,-1.22,3209730,3209730,3250,988,3250,988,DATA
2026-04-09,1.19,52468955,52468955,8480,6213,8480,6213,DATA
2026-04-09,0.82,4195325,4195325,12300,343,12300,343,Nestle
2026-04-09,0.67,8016650,8016650,15100,531,15100,531,DATA
2026-04-09,-0.32,2180685,2180685,1580,1381,1580,1381,Bernabe
2026-04-09,-0.84,8595965,8595965,11750,738,11750,738,DATA
2026-04-09,0.52,19874760,19874760,1945,10292,1945,10292,Uniwax
2026-04-09,-1.75,6039000,6039000,2800,2142,2800,2142,Onatel bf
2026-04-09,1.37,11561185,11561185,5180,2263,5180,2263,DATA
2026-04-09,0.32,12867595,12867595,14245,905,14245,905,DATA
2026-04-09,-2.95,9439900,9439900,2305,4069,2305,4069,Filtisac
2026-04-09,1.43,46187655,46187655,7100,6589,7100,6589,DATA
2026-04-09,0.22,14948570,14948570,4950,3047,7000,2155,SAFCA
2026-04-09,1.92,17485855,17485855,7950,2201,7950,2201,SOGB
2026-04-09,0.67,8016650,8016650,15100,531,15100,531,Orange ci
2026-04-09,-2.08,21506425,21506425,23500,909,23500,909,BICC
2026-04-09,-1.04,77337325,77337325,1900,41005,1900,41005,DATA
2026-04-09,0.0,27202750,27202750,2800,9701,2800,9701,DATA
2026-04-09,-0.72,24066885,24066885,7540,3193,7540,3193,BOA_BENIN
2026-04-09,-3.53,1280250,1280250,58000,22,58000,22,DATA
2026-04-09,-0.54,30741435,30741435,21225,1447,21225,1447,DATA
2026-04-09,-0.54,30741435,30741435,21225,1447,21225,1447,Sitab_ci
2026-04-09,1.39,4692305,4692305,3650,1290,3650,1290,ORAGROUP_TOGO
2026-04-09,-7.45,44161165,44161165,3605,11327,3605,11327,Setao
2026-04-09,0.4,8365065,8365065,15060,555,15060,555,DATA
2026-04-09,0.4,8365065,8365065,15060,555,15060,555,CORIS_BANK
2026-04-09,-0.15,5747495,5747495,3420,1677,3420,1677,Servair
2026-04-09,1.89,28574790,28574790,2700,10764,2700,10764,DATA
2026-04-09,6.1,20760500,20760500,8700,2451,8700,2451,DATA
2026-04-09,2.66,38040430,38040430,33980,1144,33980,1144,DATA
2026-04-09,1.37,11561185,11561185,5180,2263,5180,2263,BICB
2026-04-09,3.05,8442230,8442230,7265,1179,7265,1179,Saph
2026-04-09,-1.37,3219000,3219000,7200,442,7200,442,DATA
2026-04-09,-0.32,2180685,2180685,1580,1381,1580,1381,DATA
2026-04-09,-0.11,6440020,6440020,4645,1392,4645,1392,DATA
2026-04-09,0.0,1881450,1881450,3995,468,3995,468,Sicor_ci
2026-04-09,0.32,12867595,12867595,14245,905,14245,905,NSIA
2026-04-09,0.82,4195325,4195325,12300,343,12300,343,DATA
2026-04-09,1.92,17485855,17485855,7950,2201,7950,2201,DATA
2026-04-09,-1.82,19710780,19710780,16200,1201,16200,1201,DATA
2026-04-09,-1.75,6039000,6039000,2800,2142,2800,2142,DATA
2026-04-09,0.0,6453795,6453795,2185,2962,2185,2962,Vivo energy
2026-04-09,-7.45,44161165,44161165,3605,11327,3605,11327,DATA
2026-04-09,0.18,15941785,15941785,5685,2807,5685,2807,BOA_BF
2026-04-09,-1.09,12949865,12949865,1365,9578,1365,9578,NEI-CEDA
2026-04-09,-2.94,2779800,2779800,4950,553,4950,553,DATA
2026-04-09,-3.13,13522585,13522585,3245,4132,3245,4132,CIE CI
2026-04-09,2.39,24997280,24997280,3005,8414,3005,8414,Erium ci
2026-04-09,2.39,24997280,24997280,3005,8414,3005,8414,DATA
2026-04-09,-0.52,6430815,6430815,1920,3327,1920,3327,DATA
2026-04-09,0.0,8175765,8175765,37500,218,37500,218,DATA
2026-04-09,0.18,15941785,15941785,5685,2807,5685,2807,DATA
2026-04-09,0.22,14948570,14948570,4950,3047,7000,2155,DATA
2026-04-09,3.05,8442230,8442230,7265,1179,7265,1179,DATA
2026-04-09,-0.72,24066885,24066885,7540,3193,7540,3193,DATA
2026-04-09,-0.52,6430815,6430815,1920,3327,1920,3327,SEMC
2026-04-09,7.32,22195650,22195650,2125,10521,2125,10521,Sucrivoire
2026-04-09,1.19,52468955,52468955,8480,6213,8480,6213,BOA_CI
2026-04-09,-0.29,8208535,8208535,1695,4907,1695,4907,DATA
2026-04-09,0.52,19874760,19874760,1945,10292,1945,10292,DATA
2026-04-09,-1.41,543985,543985,3855,140,3855,140,DATA
2026-04-09,6.1,20760500,20760500,8700,2451,8700,2451,Palm ci
2026-04-09,-0.29,8208535,8208535,1695,4907,1695,4907,Cfao
2026-04-09,-1.37,3219000,3219000,7200,442,7200,442,SODE CI
2026-04-09,0.0,1881450,1881450,3995,468,3995,468,DATA
2026-04-09,-0.11,6440020,6440020,4645,1392,4645,1392,BOA_MALI
2026-04-09,2.66,38040430,38040430,33980,1144,33980,1144,SGB CI
2026-04-09,0.0,12146481,12146481,34,360718,34,360718,DATA
2026-04-09,-1.82,19710780,19710780,16200,1201,16200,1201,ECOBANK_CI
2026-04-09,0.0,27202750,27202750,2800,9701,2800,9701,BOA_NIGER
2026-04-09,0.0,12146481,12146481,34,360718,34,360718,ETIT
2026-04-09,1.89,28574790,28574790,2700,10764,2700,10764,Total ci
2026-04-09,-0.02,99524405,99524405,28795,3476,28795,3476,DATA
2026-04-09,-2.95,9439900,9439900,2305,4069,2305,4069,DATA
2026-04-09,-3.53,1280250,1280250,58000,22,58000,22,Unilever
2026-04-09,-0.15,5747495,5747495,3420,1677,3420,1677,DATA
2026-04-09,-0.84,8595965,8595965,11750,738,11750,738,SMBC
2026-04-09,-1.04,77337325,77337325,1900,41005,1900,41005,AGL
2026-04-09,0.0,6453795,6453795,2185,2962,2185,2962,DATA
2026-04-09,-2.08,21506425,21506425,23500,909,23500,909,DATA
2026-04-09,-3.13,13522585,13522585,3245,4132,3245,4132,DATA
2026-04-09,-7.46,19120040,19120040,4095,4524,4095,4524,DATA
2026-04-09,1.43,46187655,46187655,7100,6589,7100,6589,SIBC
2026-04-09,-1.09,12949865,12949865,1365,9578,1365,9578,DATA
2026-04-09,0.0,8175765,8175765,37500,218,37500,218,Solibra
2026-04-09,-2.94,2779800,2779800,4950,553,4950,553,Tractafric
2026-04-09,-7.46,19120040,19120040,4095,4524,4095,4524,Sicable
2026-04-09,7.32,22195650,22195650,2125,10521,2125,10521,DATA
2026-04-10,0.69,1251290,1251290,7250,173,7250,173,SODE CI
2026-04-10,0.0,7626995,7626995,23500,324,23500,324,BICC
2026-04-10,0.23,16937135,16937135,2190,7963,2190,7963,DATA
2026-04-10,0.0,675720,675720,3995,162,3995,162,DATA
2026-04-10,0.23,16937135,16937135,2190,7963,2190,7963,Vivo energy
2026-04-10,-0.32,5300555,5300555,4630,1144,4630,1144,DATA
2026-04-10,0.93,9485525,9485525,15200,630,15200,630,DATA
2026-04-10,0.0,25155722,25155722,34,756768,34,756768,DATA
2026-04-10,0.0,9020200,9020200,3650,2473,3650,2473,ORAGROUP_TOGO
2026-04-10,0.0,675720,675720,3995,162,3995,162,Sicor_ci
2026-04-10,5.98,7562685,7562685,4340,1834,4340,1834,DATA
2026-04-10,0.0,1490850,1490850,1580,945,1580,945,DATA
2026-04-10,-0.32,2631165,2631165,14200,185,14200,185,NSIA
2026-04-10,-0.53,48465125,48465125,7500,6460,7500,6460,DATA
2026-04-10,0.0,25155722,25155722,34,756768,34,756768,ETIT
2026-04-10,0.37,1013335,1013335,1370,741,1370,741,NEI-CEDA
2026-04-10,1.83,44514325,44514325,3060,14544,3060,14544,Erium ci
2026-04-10,0.93,9485525,9485525,15200,630,15200,630,CORIS_BANK
2026-04-10,0.26,8161250,8161250,1925,4277,1925,4277,SEMC
2026-04-10,0.06,63597980,63597980,8485,7493,8485,7493,DATA
2026-04-10,5.98,7562685,7562685,4340,1834,4340,1834,Sicable
2026-04-10,0.0,406000,406000,58000,7,58000,7,Unilever
2026-04-10,-0.26,6606940,6606940,1895,3470,1895,3470,DATA
2026-04-10,-0.63,4519090,4519090,15005,299,15005,299,DATA
2026-04-10,-0.8,7179590,7179590,37200,193,37200,193,Solibra
2026-04-10,2.02,1460000,1460000,5050,287,5050,287,Tractafric
2026-04-10,-0.58,7556060,7556060,5150,1467,5150,1467,DATA
2026-04-10,-4.3,17031735,17031735,3450,4868,3450,4868,Setao
2026-04-10,0.89,21011025,21011025,2825,7462,2825,7462,DATA
2026-04-10,-0.07,19714575,19714575,7095,2791,7095,2791,DATA
2026-04-10,1.46,1678770,1678770,3470,485,3470,485,DATA
2026-04-10,0.06,12628915,12628915,16210,776,16210,776,DATA
2026-04-10,1.04,647465,647465,3895,167,3895,167,DATA
2026-04-10,-0.32,2631165,2631165,14200,185,14200,185,DATA
2026-04-10,0.06,26895640,26895640,34000,791,34000,791,DATA
2026-04-10,-4.71,78137185,78137185,2025,37087,2025,37087,DATA
2026-04-10,2.48,16414260,16414260,7445,2222,7445,2222,DATA
2026-04-10,-0.16,3147800,3147800,12280,256,12280,256,Nestle
2026-04-10,-2.92,3188105,3188105,3155,996,3155,996,Total senegal
2026-04-10,2.02,1460000,1460000,5050,287,5050,287,DATA
2026-04-10,0.0,18741795,18741795,21225,881,21225,881,Sitab_ci
2026-04-10,-4.71,78137185,78137185,2025,37087,2025,37087,Sucrivoire
2026-04-10,-1.15,3290980,3290980,8600,379,8600,379,Palm ci
2026-04-10,0.69,1251290,1251290,7250,173,7250,173,DATA
2026-04-10,-0.26,6606940,6606940,1895,3470,1895,3470,AGL
2026-04-10,6.22,26254870,26254870,5258,5203,7435,3679,DATA
2026-04-10,0.26,8161250,8161250,1925,4277,1925,4277,DATA
2026-04-10,0.02,1381210985,1381210985,28800,49298,28800,49298,Sonatel
2026-04-10,-3.24,826350,826350,1640,491,1640,491,DATA
2026-04-10,-4.3,17031735,17031735,3450,4868,3450,4868,DATA
2026-04-10,-0.36,29159730,29159730,2790,10415,2790,10415,DATA
2026-04-10,-2.92,3188105,3188105,3155,996,3155,996,DATA
2026-04-10,-0.09,15959380,15959380,5680,2812,5680,2812,BOA_BF
2026-04-10,-0.09,15959380,15959380,5680,2812,5680,2812,DATA
2026-04-10,-0.8,7179590,7179590,37200,193,37200,193,DATA
2026-04-10,1.04,647465,647465,3895,167,3895,167,LNBB
2026-04-10,0.0,7374100,7374100,2305,3205,2305,3205,DATA
2026-04-10,0.0,1490850,1490850,1580,945,1580,945,Bernabe
2026-04-10,1.83,44514325,44514325,3060,14544,3060,14544,DATA
2026-04-10,-0.15,21716790,21716790,6690,3243,6690,3243,DATA
2026-04-10,0.37,1013335,1013335,1370,741,1370,741,DATA
2026-04-10,-1.54,4706895,4706895,3195,1468,3195,1468,CIE CI
2026-04-10,-1.28,6412850,6412850,11600,551,11600,551,DATA
2026-04-10,-0.63,4519090,4519090,15005,299,15005,299,Orange ci
2026-04-10,-1.54,4706895,4706895,3195,1468,3195,1468,DATA
2026-04-10,-1.28,6412850,6412850,11600,551,11600,551,SMBC
2026-04-10,0.0,7626995,7626995,23500,324,23500,324,DATA
2026-04-10,0.77,11943550,11943550,1960,6066,1960,6066,Uniwax
2026-04-10,-0.36,29159730,29159730,2790,10415,2790,10415,Onatel bf
2026-04-10,-0.07,19714575,19714575,7095,2791,7095,2791,SIBC
2026-04-10,0.0,7374100,7374100,2305,3205,2305,3205,Filtisac
2026-04-10,6.22,26254870,26254870,5258,5203,7435,3679,SAFCA
2026-04-10,-0.15,21716790,21716790,6690,3243,6690,3243,BOA_SN
2026-04-10,0.25,3070335,3070335,7970,386,7970,386,SOGB
2026-04-10,0.06,63597980,63597980,8485,7493,8485,7493,BOA_CI
2026-04-10,0.25,3070335,3070335,7970,386,7970,386,DATA
2026-04-10,0.0,18741795,18741795,21225,881,21225,881,DATA
2026-04-10,-0.32,5300555,5300555,4630,1144,4630,1144,BOA_MALI
2026-04-10,0.06,26895640,26895640,34000,791,34000,791,SGB CI
2026-04-10,3.7,164778695,164778695,2800,58126,2800,58126,Total ci
2026-04-10,1.46,1678770,1678770,3470,485,3470,485,Servair
2026-04-10,-0.53,48465125,48465125,7500,6460,7500,6460,BOA_BENIN
2026-04-10,0.89,21011025,21011025,2825,7462,2825,7462,BOA_NIGER
2026-04-10,0.06,12628915,12628915,16210,776,16210,776,ECOBANK_CI
2026-04-10,-1.15,3290980,3290980,8600,379,8600,379,DATA
2026-04-10,-0.58,7556060,7556060,5150,1467,5150,1467,BICB
2026-04-10,0.0,9020200,9020200,3650,2473,3650,2473,DATA
2026-04-10,0.0,406000,406000,58000,7,58000,7,DATA
2026-04-10,3.7,164778695,164778695,2800,58126,2800,58126,DATA
2026-04-10,-0.16,3147800,3147800,12280,256,12280,256,DATA
2026-04-10,-3.24,826350,826350,1640,491,1640,491,Cfao
2026-04-10,0.77,11943550,11943550,1960,6066,1960,6066,DATA
2026-04-10,2.48,16414260,16414260,7445,2222,7445,2222,Saph
2026-04-10,0.02,1381210985,1381210985,28800,49298,28800,49298,DATA
2026-04-13,2.48,25081420,25081420,2895,8701,2895,8701,BOA_NIGER
2026-04-13,-3.46,18348385,18348385,4190,4324,4190,4324,Sicable
2026-04-13,-1.06,45127865,45127865,21000,2137,21000,2137,Sitab_ci
2026-04-13,2.15,4777010,4777010,2850,1709,2850,1709,Onatel bf
2026-04-13,5.07,10706545,10706545,3215,3388,3215,3388,Erium ci
2026-04-13,-0.67,16260305,16260305,7450,2264,7450,2264,DATA
2026-04-13,0.0,84433790,84433790,28800,2934,28800,2934,DATA
2026-04-13,-1.9,1319720,1319720,1550,837,1550,837,DATA
2026-04-13,0.6,12764540,12764540,6730,1902,6730,1902,BOA_SN
2026-04-13,-1.83,10136195,10136195,2150,4690,2150,4690,DATA
2026-04-13,-2.6,7762120,7762120,3555,2169,3555,2169,ORAGROUP_TOGO
2026-04-13,2.15,4777010,4777010,2850,1709,2850,1709,DATA
2026-04-13,-4.26,41528435,41528435,22500,1872,22500,1872,DATA
2026-04-13,-0.61,2574305,2574305,1630,1571,1630,1571,Cfao
2026-04-13,2.59,19230370,19230370,11900,1645,11900,1645,DATA
2026-04-13,0.0,84433790,84433790,28800,2934,28800,2934,Sonatel
2026-04-13,0.78,2437645,2437645,1940,1253,1940,1253,DATA
2026-04-13,-0.29,29525520,29525520,33900,871,33900,871,DATA
2026-04-13,-2.6,7762120,7762120,3555,2169,3555,2169,DATA
2026-04-13,1.45,13668570,13668570,3500,3950,3500,3950,Setao
2026-04-13,-1.38,2250095,2250095,7150,318,7150,318,DATA
2026-04-13,-4.91,3542080,3542080,3000,1147,3000,1147,DATA
2026-04-13,-0.43,3466465,3466465,2295,1511,2295,1511,DATA
2026-04-13,-1.08,19550255,19550255,4580,4235,4580,4235,DATA
2026-04-13,-3.67,40384210,40384210,15615,2516,15615,2516,ECOBANK_CI
2026-04-13,-0.58,7573970,7573970,5120,1478,5120,1478,BICB
2026-04-13,-1.38,2250095,2250095,7150,318,7150,318,SODE CI
2026-04-13,-1.9,1319720,1319720,1550,837,1550,837,Bernabe
2026-04-13,-0.18,11574040,11574040,14175,816,14175,816,NSIA
2026-04-13,0.1,14285630,14285630,15215,907,15215,907,DATA
2026-04-13,-1.16,4923840,4923840,8500,577,8500,577,Palm ci
2026-04-13,0.0,14957730,14957730,37200,398,37200,398,Solibra
2026-04-13,-3.67,40384210,40384210,15615,2516,15615,2516,DATA
2026-04-13,-1.34,27295390,27295390,7000,3879,7000,3879,DATA
2026-04-13,-3.46,18348385,18348385,4190,4324,4190,4324,DATA
2026-04-13,0.77,9042390,9042390,1975,4591,1975,4591,DATA
2026-04-13,-0.18,4057425,4057425,2795,1469,2795,1469,DATA
2026-04-13,-1.08,19550255,19550255,4580,4235,4580,4235,BOA_MALI
2026-04-13,-1.16,4923840,4923840,8500,577,8500,577,DATA
2026-04-13,0.14,7745715,7745715,3475,2240,3475,2240,Servair
2026-04-13,-0.29,29525520,29525520,33900,871,33900,871,SGB CI
2026-04-13,6.89,1281920,1281920,61995,21,61995,21,DATA
2026-04-13,-0.67,16260305,16260305,7450,2264,7450,2264,BOA_BENIN
2026-04-13,-1.06,45127865,45127865,21000,2137,21000,2137,DATA
2026-04-13,-2.97,2998005,2998005,4900,600,4900,600,Tractafric
2026-04-13,0.26,11995025,11995025,1900,6363,1900,6363,AGL
2026-04-13,2.55,20100380,20100380,1405,14443,1405,14443,NEI-CEDA
2026-04-13,-1.68,26867705,26867705,7320,3767,7320,3767,Saph
2026-04-13,-0.18,4057425,4057425,2795,1469,2795,1469,Total ci
2026-04-13,0.0,12933492,12933492,34,382722,34,382722,ETIT
2026-04-13,-2.28,11594550,11594550,12000,953,12000,953,DATA
2026-04-13,-0.88,8229695,8229695,7900,1033,7900,1033,DATA
2026-04-13,0.18,112236575,112236575,8500,13208,8500,13208,BOA_CI
2026-04-13,-0.61,2574305,2574305,1630,1571,1630,1571,DATA
2026-04-13,-0.55,11130375,11130375,5229,2131,7395,1507,DATA
2026-04-13,-0.55,11130375,11130375,5229,2131,7395,1507,SAFCA
2026-04-13,-1.34,27295390,27295390,7000,3879,7000,3879,SIBC
2026-04-13,-0.43,3466465,3466465,2295,1511,2295,1511,Filtisac
2026-04-13,0.77,9042390,9042390,1975,4591,1975,4591,Uniwax
2026-04-13,0.0,14957730,14957730,37200,398,37200,398,DATA
2026-04-13,2.59,19230370,19230370,11900,1645,11900,1645,SMBC
2026-04-13,0.0,12933492,12933492,34,382722,34,382722,DATA
2026-04-13,-1.41,11249360,11249360,3150,3550,3150,3550,DATA
2026-04-13,-1.41,11249360,11249360,3150,3550,3150,3550,CIE CI
2026-04-13,5.07,10706545,10706545,3215,3388,3215,3388,DATA
2026-04-13,0.6,12764540,12764540,6730,1902,6730,1902,DATA
2026-04-13,-1.03,1412645,1412645,3855,365,3855,365,LNBB
2026-04-13,2.55,20100380,20100380,1405,14443,1405,14443,DATA
2026-04-13,0.0,23579865,23579865,5680,4150,5680,4150,BOA_BF
2026-04-13,1.45,13668570,13668570,3500,3950,3500,3950,DATA
2026-04-13,-1.43,35371450,35371450,14790,2356,14790,2356,Orange ci
2026-04-13,5.13,95480,95480,4200,23,4200,23,Sicor_ci
2026-04-13,0.1,14285630,14285630,15215,907,15215,907,CORIS_BANK
2026-04-13,0.14,7745715,7745715,3475,2240,3475,2240,DATA
2026-04-13,6.89,1281920,1281920,61995,21,61995,21,Unilever
2026-04-13,-2.97,2998005,2998005,4900,600,4900,600,DATA
2026-04-13,0.26,11995025,11995025,1900,6363,1900,6363,DATA
2026-04-13,5.13,95480,95480,4200,23,4200,23,DATA
2026-04-13,-0.58,7573970,7573970,5120,1478,5120,1478,DATA
2026-04-13,-1.03,1412645,1412645,3855,365,3855,365,DATA
2026-04-13,-0.88,8229695,8229695,7900,1033,7900,1033,SOGB
2026-04-13,-0.18,11574040,11574040,14175,816,14175,816,DATA
2026-04-13,-1.68,26867705,26867705,7320,3767,7320,3767,DATA
2026-04-13,2.48,25081420,25081420,2895,8701,2895,8701,DATA
2026-04-13,-1.48,55306155,55306155,1995,27674,1995,27674,DATA
2026-04-13,-1.48,55306155,55306155,1995,27674,1995,27674,Sucrivoire
2026-04-13,-4.91,3542080,3542080,3000,1147,3000,1147,Total senegal
2026-04-13,0.0,23579865,23579865,5680,4150,5680,4150,DATA
2026-04-13,-4.26,41528435,41528435,22500,1872,22500,1872,BICC
2026-04-13,0.78,2437645,2437645,1940,1253,1940,1253,SEMC
2026-04-13,0.18,112236575,112236575,8500,13208,8500,13208,DATA
2026-04-13,-2.28,11594550,11594550,12000,953,12000,953,Nestle
2026-04-13,-1.43,35371450,35371450,14790,2356,14790,2356,DATA
2026-04-13,-1.83,10136195,10136195,2150,4690,2150,4690,Vivo energy
2026-04-14,3.21,2550815,2550815,38395,67,38395,67,DATA
2026-04-14,-0.42,7244890,7244890,11850,611,11850,611,DATA
2026-04-14,2.27,22115195,22115195,23010,959,23010,959,DATA
2026-04-14,-0.48,14842175,14842175,3135,4873,3135,4873,DATA
2026-04-14,0.97,879975,879975,1565,564,1565,564,DATA
2026-04-14,-1.8,10989035,10989035,1905,5728,1905,5728,SEMC
2026-04-14,-0.53,8382335,8382335,1890,4456,1890,4456,AGL
2026-04-14,-4.65,5374805,5374805,3995,1334,3995,1334,DATA
2026-04-14,0.3,31986310,31986310,6750,4732,6750,4732,DATA
2026-04-14,0.25,66624700,66624700,2000,33434,2000,33434,DATA
2026-04-14,0.29,11316990,11316990,5135,2210,5135,2210,DATA
2026-04-14,-2.25,16510225,16510225,2830,5755,2830,5755,DATA
2026-04-14,0.6,1174400,1174400,4225,279,4225,279,DATA
2026-04-14,1.61,8268335,8268335,2840,2957,2840,2957,DATA
2026-04-14,0.0,270045900,270045900,8500,31865,8500,31865,DATA
2026-04-14,-0.67,27243380,27243380,7400,3663,7400,3663,DATA
2026-04-14,1.61,8268335,8268335,2840,2957,2840,2957,Total ci
2026-04-14,-2.78,1644345145,1644345145,28000,57899,28000,57899,DATA
2026-04-14,0.22,33085235,33085235,4590,7197,4590,7197,DATA
2026-04-14,0.0,2911700,2911700,7150,414,7150,414,DATA
2026-04-14,-0.62,18312490,18312490,5645,3266,5645,3266,DATA
2026-04-14,0.25,66624700,66624700,2000,33434,2000,33434,Sucrivoire
2026-04-14,0.24,71054710,71054710,21050,3418,21050,3418,DATA
2026-04-14,-1.17,25410950,25410950,33505,751,33505,751,SGB CI
2026-04-14,-7.43,20997955,20997955,3240,6473,3240,6473,Setao
2026-04-14,-1.29,2410645,2410645,3430,693,3430,693,Servair
2026-04-14,-0.63,8765450,8765450,7850,1110,7850,1110,DATA
2026-04-14,3.21,2550815,2550815,38395,67,38395,67,Solibra
2026-04-14,0.0,72106830,72106830,7000,10282,7000,10282,DATA
2026-04-14,-2.78,1644345145,1644345145,28000,57899,28000,57899,Sonatel
2026-04-14,-1.84,2940985,2940985,1600,1814,1600,1814,DATA
2026-04-14,0.89,2954360,2954360,15350,193,15350,193,DATA
2026-04-14,-0.63,8765450,8765450,7850,1110,7850,1110,SOGB
2026-04-14,-1.01,16347460,16347460,1955,8374,1955,8374,DATA
2026-04-14,0.0,835170,835170,61995,13,61995,13,DATA
2026-04-14,0.22,33085235,33085235,4590,7197,4590,7197,BOA_MALI
2026-04-14,-0.53,8382335,8382335,1890,4456,1890,4456,DATA
2026-04-14,2.04,2761060,2761060,5000,570,5000,570,DATA
2026-04-14,-2.25,16510225,16510225,2830,5755,2830,5755,BOA_NIGER
2026-04-14,0.0,270045900,270045900,8500,31865,8500,31865,BOA_CI
2026-04-14,0.03,30610790,30610790,15620,1959,15620,1959,ECOBANK_CI
2026-04-14,-1.71,10716575,10716575,3160,3365,3160,3365,DATA
2026-04-14,-7.44,46536405,46536405,4840,9152,6845,6472,SAFCA
2026-04-14,0.97,879975,879975,1565,564,1565,564,Bernabe
2026-04-14,1.75,5763900,5763900,2900,2018,2900,2018,DATA
2026-04-14,-1.8,10989035,10989035,1905,5728,1905,5728,DATA
2026-04-14,-3.27,11456545,11456545,2220,5137,2220,5137,DATA
2026-04-14,-3.38,17428785,17428785,3435,5036,3435,5036,ORAGROUP_TOGO
2026-04-14,-0.36,9996685,9996685,1400,7228,1400,7228,DATA
2026-04-14,-0.42,7244890,7244890,11850,611,11850,611,SMBC
2026-04-14,-5.88,37748038,37748038,32,1179604,32,1179604,ETIT
2026-04-14,1.02,6624290,6624290,7395,901,7395,901,Saph
2026-04-14,0.0,72106830,72106830,7000,10282,7000,10282,SIBC
2026-04-14,2.27,22115195,22115195,23010,959,23010,959,BICC
2026-04-14,-4.65,9722310,9722310,2050,4748,2050,4748,Vivo energy
2026-04-14,-1.71,10716575,10716575,3160,3365,3160,3365,Erium ci
2026-04-14,0.0,835170,835170,61995,13,61995,13,Unilever
2026-04-14,0.29,11316990,11316990,5135,2210,5135,2210,BICB
2026-04-14,-0.36,9996685,9996685,1400,7228,1400,7228,NEI-CEDA
2026-04-14,0.0,3578540,3578540,3855,928,3855,928,DATA
2026-04-14,1.02,6624290,6624290,7395,901,7395,901,DATA
2026-04-14,-4.65,5374805,5374805,3995,1334,3995,1334,Sicable
2026-04-14,0.89,2954360,2954360,15350,193,15350,193,CORIS_BANK
2026-04-14,-0.53,19386195,19386195,14100,1372,14100,1372,NSIA
2026-04-14,-0.17,13440175,13440175,2995,4558,2995,4558,Total senegal
2026-04-14,-0.48,14842175,14842175,3135,4873,3135,4873,CIE CI
2026-04-14,0.6,1174400,1174400,4225,279,4225,279,Sicor_ci
2026-04-14,-3.38,17428785,17428785,3435,5036,3435,5036,DATA
2026-04-14,-2.35,43532715,43532715,8300,5425,8300,5425,Palm ci
2026-04-14,-0.67,27243380,27243380,7400,3663,7400,3663,BOA_BENIN
2026-04-14,0.0,3515200,3515200,12000,295,12000,295,Nestle
2026-04-14,-7.43,20997955,20997955,3240,6473,3240,6473,DATA
2026-04-14,2.57,3310695,3310695,15170,219,15170,219,DATA
2026-04-14,-1.29,2410645,2410645,3430,693,3430,693,DATA
2026-04-14,2.57,3310695,3310695,15170,219,15170,219,Orange ci
2026-04-14,-5.88,37748038,37748038,32,1179604,32,1179604,DATA
2026-04-14,0.3,31986310,31986310,6750,4732,6750,4732,BOA_SN
2026-04-14,-3.27,11456545,11456545,2220,5137,2220,5137,Filtisac
2026-04-14,0.0,2911700,2911700,7150,414,7150,414,SODE CI
2026-04-14,0.03,30610790,30610790,15620,1959,15620,1959,DATA
2026-04-14,-4.65,9722310,9722310,2050,4748,2050,4748,DATA
2026-04-14,-1.17,25410950,25410950,33505,751,33505,751,DATA
2026-04-14,-1.01,16347460,16347460,1955,8374,1955,8374,Uniwax
2026-04-14,-1.84,2940985,2940985,1600,1814,1600,1814,Cfao
2026-04-14,-0.62,18312490,18312490,5645,3266,5645,3266,BOA_BF
2026-04-14,-0.17,13440175,13440175,2995,4558,2995,4558,DATA
2026-04-14,0.24,71054710,71054710,21050,3418,21050,3418,Sitab_ci
2026-04-14,-7.44,46536405,46536405,4840,9152,6845,6472,DATA
2026-04-14,2.04,2761060,2761060,5000,570,5000,570,Tractafric
2026-04-14,0.0,3578540,3578540,3855,928,3855,928,LNBB
2026-04-14,1.75,5763900,5763900,2900,2018,2900,2018,Onatel bf
2026-04-14,-2.35,43532715,43532715,8300,5425,8300,5425,DATA
2026-04-14,-0.53,19386195,19386195,14100,1372,14100,1372,DATA
2026-04-14,0.0,3515200,3515200,12000,295,12000,295,DATA
2026-04-15,-7.41,4716000,4716000,3000,1572,3000,1572,DATA
2026-04-15,-3.19,7580495,7580495,8035,937,8035,937,Palm ci
2026-04-15,-1.58,2560290,2560290,2795,912,2795,912,DATA
2026-04-15,0.0,10802965,10802965,2830,3810,2830,3810,DATA
2026-04-15,0.0,555645,555645,4225,135,4225,135,Sicor_ci
2026-04-15,0.16,5475120,5475120,3140,1757,3140,1757,CIE CI
2026-04-15,1.58,21922220,21922220,39000,563,39000,563,Solibra
2026-04-15,0.5,9364070,9364070,14170,665,14170,665,NSIA
2026-04-15,-7.44,19114875,19114875,2925,6359,2925,6359,Erium ci
2026-04-15,-2.44,12669920,12669920,2000,6324,2000,6324,DATA
2026-04-15,-2.5,13435170,13435170,3895,3588,3895,3588,Sicable
2026-04-15,-2.5,13435170,13435170,3895,3588,3895,3588,DATA
2026-04-15,-1.07,2156040,2156040,1385,1560,1385,1560,NEI-CEDA
2026-04-15,-0.79,11135250,11135250,1890,6172,1890,6172,SEMC
2026-04-15,-1.19,22057290,22057290,20800,1077,20800,1077,Sitab_ci
2026-04-15,-0.25,19379975,19379975,1995,9718,1995,9718,DATA
2026-04-15,0.0,3785920,3785920,3430,1106,3430,1106,DATA
2026-04-15,0.0,64503495,64503495,6750,9884,6750,9884,BOA_SN
2026-04-15,-6.25,35092694,35092694,30,1169560,30,1169560,DATA
2026-04-15,1.04,12869955,12869955,23250,554,23250,554,BICC
2026-04-15,1.04,12869955,12869955,23250,554,23250,554,DATA
2026-04-15,-0.1,2174370,2174370,4995,435,4995,435,Tractafric
2026-04-15,-1.51,44582085,44582085,33000,1349,33000,1349,SGB CI
2026-04-15,1.8,18588690,18588690,2260,8359,2260,8359,DATA
2026-04-15,0.5,9364070,9364070,14170,665,14170,665,DATA
2026-04-15,0.0,11508960,11508960,3435,3384,3435,3384,ORAGROUP_TOGO
2026-04-15,-0.04,4624055,4624055,11995,391,11995,391,Nestle
2026-04-15,-5.12,26846620,26846620,1855,14246,1855,14246,DATA
2026-04-15,-1.58,2560290,2560290,2795,912,2795,912,Total ci
2026-04-15,-6.25,7468500,7468500,1500,4917,1500,4917,Cfao
2026-04-15,0.51,26352050,26352050,15700,1649,15700,1649,ECOBANK_CI
2026-04-15,-7.44,8427735,8427735,4480,1881,6335,1330,SAFCA
2026-04-15,-7.44,19114875,19114875,2925,6359,2925,6359,DATA
2026-04-15,-0.03,16109360,16109360,15165,1062,15165,1062,DATA
2026-04-15,-7.41,4716000,4716000,3000,1572,3000,1572,Setao
2026-04-15,0.0,4800490,4800490,7150,716,7150,716,DATA
2026-04-15,0.0,10802965,10802965,2830,3810,2830,3810,BOA_NIGER
2026-04-15,1.79,563155145,563155145,28500,19792,28500,19792,DATA
2026-04-15,0.0,4800490,4800490,7150,716,7150,716,SODE CI
2026-04-15,0.16,5475120,5475120,3140,1757,3140,1757,DATA
2026-04-15,-1.18,84815230,84815230,8400,10078,8400,10078,DATA
2026-04-15,0.0,35387285,35387285,7000,5060,7000,5060,SIBC
2026-04-15,3.38,104888540,104888540,7650,13974,7650,13974,DATA
2026-04-15,0.0,18870810,18870810,4590,4106,4590,4106,DATA
2026-04-15,-0.79,11135250,11135250,1890,6172,1890,6172,DATA
2026-04-15,-2.44,12669920,12669920,2000,6324,2000,6324,Vivo energy
2026-04-15,-3.62,2553150,2553150,2795,903,2795,903,DATA
2026-04-15,-0.1,2174370,2174370,4995,435,4995,435,DATA
2026-04-15,0.29,20942260,20942260,5150,4091,5150,4091,DATA
2026-04-15,0.0,18870810,18870810,4590,4106,4590,4106,BOA_MALI
2026-04-15,1.79,563155145,563155145,28500,19792,28500,19792,Sonatel
2026-04-15,-1.18,84815230,84815230,8400,10078,8400,10078,BOA_CI
2026-04-15,-6.25,7468500,7468500,1500,4917,1500,4917,DATA
2026-04-15,-3.19,7580495,7580495,8035,937,8035,937,DATA
2026-04-15,0.0,3785920,3785920,3430,1106,3430,1106,Servair
2026-04-15,-0.79,10456385,10456385,1875,5634,1875,5634,AGL
2026-04-15,-1.07,2156040,2156040,1385,1560,1385,1560,DATA
2026-04-15,-3.99,259140145,259140145,7100,36970,7100,36970,Saph
2026-04-15,-1.69,7647000,7647000,11650,659,11650,659,SMBC
2026-04-15,1.58,21922220,21922220,39000,563,39000,563,DATA
2026-04-15,0.32,1730290,1730290,1570,1111,1570,1111,DATA
2026-04-15,0.89,12920875,12920875,7920,1635,7920,1635,DATA
2026-04-15,-0.04,4624055,4624055,11995,391,11995,391,DATA
2026-04-15,2.28,9519185,9519185,15700,611,15700,611,DATA
2026-04-15,-1.69,7647000,7647000,11650,659,11650,659,DATA
2026-04-15,-7.44,8427735,8427735,4480,1881,6335,1330,DATA
2026-04-15,-1.51,44582085,44582085,33000,1349,33000,1349,DATA
2026-04-15,0.51,26352050,26352050,15700,1649,15700,1649,DATA
2026-04-15,1.8,18588690,18588690,2260,8359,2260,8359,Filtisac
2026-04-15,-5.12,26846620,26846620,1855,14246,1855,14246,Uniwax
2026-04-15,7.35,9390245,9390245,3215,3048,3215,3048,DATA
2026-04-15,-0.03,16109360,16109360,15165,1062,15165,1062,Orange ci
2026-04-15,0.0,64503495,64503495,6750,9884,6750,9884,DATA
2026-04-15,-0.27,15479130,15479130,5630,2763,5630,2763,BOA_BF
2026-04-15,-3.62,2553150,2553150,2795,903,2795,903,Onatel bf
2026-04-15,0.0,8235135,8235135,3855,2124,3855,2124,LNBB
2026-04-15,-0.79,10456385,10456385,1875,5634,1875,5634,DATA
2026-04-15,-6.25,35092694,35092694,30,1169560,30,1169560,ETIT
2026-04-15,0.32,1730290,1730290,1570,1111,1570,1111,Bernabe
2026-04-15,-0.27,15479130,15479130,5630,2763,5630,2763,DATA
2026-04-15,-1.19,22057290,22057290,20800,1077,20800,1077,DATA
2026-04-15,-3.99,259140145,259140145,7100,36970,7100,36970,DATA
2026-04-15,2.28,9519185,9519185,15700,611,15700,611,CORIS_BANK
2026-04-15,0.0,8235135,8235135,3855,2124,3855,2124,DATA
2026-04-15,0.29,20942260,20942260,5150,4091,5150,4091,BICB
2026-04-15,0.0,11508960,11508960,3435,3384,3435,3384,DATA
2026-04-15,7.35,9390245,9390245,3215,3048,3215,3048,Total senegal
2026-04-15,0.89,12920875,12920875,7920,1635,7920,1635,SOGB
2026-04-15,-0.25,19379975,19379975,1995,9718,1995,9718,Sucrivoire
2026-04-15,0.01,1669445,1669445,62000,27,62000,27,Unilever
2026-04-15,3.38,104888540,104888540,7650,13974,7650,13974,BOA_BENIN
2026-04-15,0.0,35387285,35387285,7000,5060,7000,5060,DATA
2026-04-15,0.0,555645,555645,4225,135,4225,135,DATA
2026-04-15,0.01,1669445,1669445,62000,27,62000,27,DATA
2026-04-16,-7.41,8764745,8764745,1750,4944,1750,4944,SEMC
2026-04-16,3.33,3638460,3638460,1550,2386,1550,2386,Cfao
2026-04-16,-1.76,12979445,12979445,6975,1834,6975,1834,DATA
2026-04-16,-0.39,3291115,3291115,3880,851,3880,851,Sicable
2026-04-16,-7.5,22929195,22929195,4144,5526,5860,3908,DATA
2026-04-16,-1.63,4058005,4058005,11800,343,11800,343,DATA
2026-04-16,-3.54,3914670,3914670,2180,1797,2180,1797,Filtisac
2026-04-16,0.13,5518045,5518045,3860,1421,3860,1421,LNBB
2026-04-16,6.01,136433035,136433035,3000,45775,3000,45775,DATA
2026-04-16,0.13,5518045,5518045,3860,1421,3860,1421,DATA
2026-04-16,-0.5,19353930,19353930,1990,10063,1990,10063,Vivo energy
2026-04-16,-4.27,26503300,26503300,2800,9421,2800,9421,Erium ci
2026-04-16,-1.09,25571600,25571600,15000,1688,15000,1688,Orange ci
2026-04-16,-0.36,5825605,5825605,1380,4334,1380,4334,NEI-CEDA
2026-04-16,-0.5,19353930,19353930,1990,10063,1990,10063,DATA
2026-04-16,-1.09,25571600,25571600,15000,1688,15000,1688,DATA
2026-04-16,0.0,48873150,48873150,6750,7225,6750,7225,DATA
2026-04-16,-0.39,3291115,3291115,3880,851,3880,851,DATA
2026-04-16,0.0,48306595,48306595,5630,8558,5630,8558,BOA_BF
2026-04-16,0.81,12895525,12895525,1870,6871,1870,6871,Uniwax
2026-04-16,1.08,40495295,40495295,23500,1721,23500,1721,BICC
2026-04-16,2.53,1948275,1948275,39985,49,39985,49,Solibra
2026-04-16,-0.99,6490680,6490680,11535,560,11535,560,SMBC
2026-04-16,-6.67,65920428,65920428,28,2353342,28,2353342,ETIT
2026-04-16,-3.51,175263070,175263070,27500,6225,27500,6225,DATA
2026-04-16,6.01,136433035,136433035,3000,45775,3000,45775,BOA_NIGER
2026-04-16,4.38,204562360,204562360,7985,25844,7985,25844,DATA
2026-04-16,1.31,44414705,44414705,4650,9730,4650,9730,BOA_MALI
2026-04-16,4.38,204562360,204562360,7985,25844,7985,25844,BOA_BENIN
2026-04-16,0.0,239302970,239302970,8400,28381,8400,28381,BOA_CI
2026-04-16,-6.98,1281050,1281050,3930,306,3930,306,DATA
2026-04-16,3.33,3638460,3638460,1550,2386,1550,2386,DATA
2026-04-16,0.81,13110575,13110575,8100,1624,8100,1624,DATA
2026-04-16,0.06,37009015,37009015,15710,2257,15710,2257,ECOBANK_CI
2026-04-16,-7.41,8764745,8764745,1750,4944,1750,4944,DATA
2026-04-16,-7.26,1317500,1317500,57500,21,57500,21,Unilever
2026-04-16,-1.63,4058005,4058005,11800,343,11800,343,Nestle
2026-04-16,0.58,2101895,2101895,3450,617,3450,617,Servair
2026-04-16,0.81,13110575,13110575,8100,1624,8100,1624,Palm ci
2026-04-16,-0.36,5825605,5825605,1380,4334,1380,4334,DATA
2026-04-16,0.0,48306595,48306595,5630,8558,5630,8558,DATA
2026-04-16,-3.61,37878825,37878825,20050,1863,20050,1863,DATA
2026-04-16,-6.98,1281050,1281050,3930,306,3930,306,Sicor_ci
2026-04-16,-3.54,3914670,3914670,2180,1797,2180,1797,DATA
2026-04-16,2.76,28005420,28005420,2050,13991,2050,13991,Sucrivoire
2026-04-16,1.08,40495295,40495295,23500,1721,23500,1721,DATA
2026-04-16,0.0,48873150,48873150,6750,7225,6750,7225,BOA_SN
2026-04-16,2.53,1948275,1948275,39985,49,39985,49,DATA
2026-04-16,0.0,9595355,9595355,7920,1212,7920,1212,DATA
2026-04-16,0.0,239302970,239302970,8400,28381,8400,28381,DATA
2026-04-16,0.18,6536880,6536880,14195,461,14195,461,DATA
2026-04-16,0.0,9595355,9595355,7920,1212,7920,1212,SOGB
2026-04-16,-0.14,2744120,2744120,7140,402,7140,402,SODE CI
2026-04-16,0.0,45853930,45853930,7000,6562,7000,6562,DATA
2026-04-16,0.0,35717580,35717580,33000,1087,33000,1087,SGB CI
2026-04-16,-1.67,30179855,30179855,2950,10435,2950,10435,Setao
2026-04-16,-3.51,175263070,175263070,27500,6225,27500,6225,Sonatel
2026-04-16,-0.78,5627380,5627380,5110,1100,5110,1100,BICB
2026-04-16,0.0,33332070,33332070,2795,12503,2795,12503,Total ci
2026-04-16,-1.76,12979445,12979445,6975,1834,6975,1834,Saph
2026-04-16,0.0,5689200,5689200,4995,1152,4995,1152,DATA
2026-04-16,2.02,5282855,5282855,3280,1624,3280,1624,DATA
2026-04-16,0.0,5689200,5689200,4995,1152,4995,1152,Tractafric
2026-04-16,5.1,51937325,51937325,16500,3222,16500,3222,CORIS_BANK
2026-04-16,-7.26,1317500,1317500,57500,21,57500,21,DATA
2026-04-16,-1.27,2418575,2418575,3100,775,3100,775,CIE CI
2026-04-16,-1.87,11105885,11105885,1840,6019,1840,6019,DATA
2026-04-16,0.0,33332070,33332070,2795,12503,2795,12503,DATA
2026-04-16,0.81,12895525,12895525,1870,6871,1870,6871,DATA
2026-04-16,-0.73,5579105,5579105,3410,1631,3410,1631,ORAGROUP_TOGO
2026-04-16,0.18,6536880,6536880,14195,461,14195,461,NSIA
2026-04-16,-1.67,30179855,30179855,2950,10435,2950,10435,DATA
2026-04-16,0.06,37009015,37009015,15710,2257,15710,2257,DATA
2026-04-16,0.0,35717580,35717580,33000,1087,33000,1087,DATA
2026-04-16,-2.68,4387110,4387110,2720,1587,2720,1587,DATA
2026-04-16,5.1,51937325,51937325,16500,3222,16500,3222,DATA
2026-04-16,-0.32,1301055,1301055,1565,839,1565,839,Bernabe
2026-04-16,-6.67,65920428,65920428,28,2353342,28,2353342,DATA
2026-04-16,2.76,28005420,28005420,2050,13991,2050,13991,DATA
2026-04-16,0.0,45853930,45853930,7000,6562,7000,6562,SIBC
2026-04-16,-1.27,2418575,2418575,3100,775,3100,775,DATA
2026-04-16,-2.68,4387110,4387110,2720,1587,2720,1587,Onatel bf
2026-04-16,-0.99,6490680,6490680,11535,560,11535,560,DATA
2026-04-16,-0.73,5579105,5579105,3410,1631,3410,1631,DATA
2026-04-16,-0.14,2744120,2744120,7140,402,7140,402,DATA
2026-04-16,-7.5,22929195,22929195,4144,5526,5860,3908,SAFCA
2026-04-16,-0.78,5627380,5627380,5110,1100,5110,1100,DATA
2026-04-16,0.58,2101895,2101895,3450,617,3450,617,DATA
2026-04-16,2.02,5282855,5282855,3280,1624,3280,1624,Total senegal
2026-04-16,-4.27,26503300,26503300,2800,9421,2800,9421,DATA
2026-04-16,1.31,44414705,44414705,4650,9730,4650,9730,DATA
2026-04-16,-1.87,11105885,11105885,1840,6019,1840,6019,AGL
2026-04-16,-0.32,1301055,1301055,1565,839,1565,839,DATA
2026-04-16,-3.61,37878825,37878825,20050,1863,20050,1863,Sitab_ci
2026-04-17,4.66,3781360,3781360,7300,520,7300,520,Saph
2026-04-17,-3.83,657460,657460,1505,422,1505,422,DATA
2026-04-17,0.0,22623700,22623700,7985,2834,7985,2834,DATA
2026-04-17,-1.02,17358055,17358055,14050,1231,14050,1231,NSIA
2026-04-17,-0.63,2328340,2328340,7870,295,7870,295,DATA
2026-04-17,-0.46,2904210,2904210,39800,73,39800,73,Solibra
2026-04-17,7.38,230510,230510,4220,58,4220,58,Sicor_ci
2026-04-17,0.0,5215295,5215295,8100,641,8100,641,Palm ci
2026-04-17,-2.99,10923445,10923445,1785,6094,1785,6094,AGL
2026-04-17,-0.46,2904210,2904210,39800,73,39800,73,DATA
2026-04-17,0.0,8849070,8849070,3100,2843,3100,2843,CIE CI
2026-04-17,0.29,49245605,49245605,7020,7038,7020,7038,SIBC
2026-04-17,-0.72,1097745,1097745,1370,818,1370,818,DATA
2026-04-17,-0.72,1097745,1097745,1370,818,1370,818,NEI-CEDA
2026-04-17,-6.61,12037075,12037075,2755,4278,2755,4278,DATA
2026-04-17,-2.99,10923445,10923445,1785,6094,1785,6094,DATA
2026-04-17,0.0,22623700,22623700,7985,2834,7985,2834,BOA_BENIN
2026-04-17,-1.47,14627335,14627335,3360,4358,3360,4358,DATA
2026-04-17,7.38,230510,230510,4220,58,4220,58,DATA
2026-04-17,-7.14,97608234,97608234,26,3753668,26,3753668,ETIT
2026-04-17,0.29,49245605,49245605,7020,7038,7020,7038,DATA
2026-04-17,2.24,14865015,14865015,20500,734,20500,734,DATA
2026-04-17,0.0,21414480,21414480,5630,3817,5630,3817,DATA
2026-04-17,0.0,28142790,28142790,5110,5498,5110,5498,DATA
2026-04-17,1.08,16532750,16532750,4700,3562,4700,3562,BOA_MALI
2026-04-17,0.0,5215295,5215295,8100,641,8100,641,DATA
2026-04-17,-0.49,26787215,26787215,2040,13375,2040,13375,Sucrivoire
2026-04-17,0.0,12491690,12491690,3280,3925,3280,3925,Total senegal
2026-04-17,4.66,3781360,3781360,7300,520,7300,520,DATA
2026-04-17,0.0,28142790,28142790,5110,5498,5110,5498,BICB
2026-04-17,1.85,4688805,4688805,16805,280,16805,280,CORIS_BANK
2026-04-17,1.81,9696695,9696695,3930,2521,3930,2521,DATA
2026-04-17,3.62,38941880,38941880,28495,1367,28495,1367,Sonatel
2026-04-17,-1.9,4215235,4215235,4900,858,4900,858,DATA
2026-04-17,0.0,2128000,2128000,57500,37,57500,37,DATA
2026-04-17,0.0,2128000,2128000,57500,37,57500,37,Unilever
2026-04-17,-0.32,5143310,5143310,1545,3325,1545,3325,DATA
2026-04-17,0.0,2475175,2475175,2795,885,2795,885,DATA
2026-04-17,0.0,4601990,4601990,2720,1689,2720,1689,DATA
2026-04-17,-3.57,8851395,8851395,2700,3270,2700,3270,Erium ci
2026-04-17,2.38,99672090,99672090,8600,11645,8600,11645,BOA_CI
2026-04-17,-4.2,8866195,8866195,3305,2653,3305,2653,Servair
2026-04-17,-1.93,5676480,5676480,3805,1473,3805,1473,Sicable
2026-04-17,2.38,99672090,99672090,8600,11645,8600,11645,DATA
2026-04-17,-0.49,26787215,26787215,2040,13375,2040,13375,DATA
2026-04-17,0.87,6109650,6109650,23705,251,23705,251,BICC
2026-04-17,1.08,16532750,16532750,4700,3562,4700,3562,DATA
2026-04-17,3.44,8582145,8582145,16250,526,16250,526,DATA
2026-04-17,-1.93,5676480,5676480,3805,1473,3805,1473,DATA
2026-04-17,0.87,6109650,6109650,23705,251,23705,251,DATA
2026-04-17,-2.0,29399920,29399920,14700,1951,14700,1951,DATA
2026-04-17,2.24,14865015,14865015,20500,734,20500,734,Sitab_ci
2026-04-17,0.27,12673035,12673035,1875,6800,1875,6800,Uniwax
2026-04-17,-1.02,17358055,17358055,14050,1231,14050,1231,DATA
2026-04-17,0.0,998490,998490,7140,139,7140,139,DATA
2026-04-17,-3.83,657460,657460,1505,422,1505,422,Bernabe
2026-04-17,1.81,9696695,9696695,3930,2521,3930,2521,LNBB
2026-04-17,0.67,38275360,38275360,6795,5682,6795,5682,BOA_SN
2026-04-17,-1.9,4215235,4215235,4900,858,4900,858,Tractafric
2026-04-17,-6.61,12037075,12037075,2755,4278,2755,4278,Setao
2026-04-17,0.0,12491690,12491690,3280,3925,3280,3925,DATA
2026-04-17,-5.03,8956335,8956335,1890,4722,1890,4722,DATA
2026-04-17,-0.32,5143310,5143310,1545,3325,1545,3325,Cfao
2026-04-17,-7.14,97608234,97608234,26,3753668,26,3753668,DATA
2026-04-17,0.0,2475175,2475175,2795,885,2795,885,Total ci
2026-04-17,-2.0,29399920,29399920,14700,1951,14700,1951,Orange ci
2026-04-17,0.0,21414480,21414480,5630,3817,5630,3817,BOA_BF
2026-04-17,0.0,998490,998490,7140,139,7140,139,SODE CI
2026-04-17,0.67,38275360,38275360,6795,5682,6795,5682,DATA
2026-04-17,0.92,5758310,5758310,2200,2628,2200,2628,Filtisac
2026-04-17,0.0,1186156905,1186156905,33000,36854,33000,36854,SGB CI
2026-04-17,0.92,5758310,5758310,2200,2628,2200,2628,DATA
2026-04-17,0.0,3922480,3922480,11535,339,11535,339,DATA
2026-04-17,0.0,3922480,3922480,11535,339,11535,339,SMBC
2026-04-17,-0.63,2328340,2328340,7870,295,7870,295,SOGB
2026-04-17,3.62,38941880,38941880,28495,1367,28495,1367,DATA
2026-04-17,0.0,8849070,8849070,3100,2843,3100,2843,DATA
2026-04-17,6.67,100760545,100760545,3200,32890,3200,32890,BOA_NIGER
2026-04-17,-7.14,19000705,19000705,1625,11636,1625,11636,SEMC
2026-04-17,-3.57,8851395,8851395,2700,3270,2700,3270,DATA
2026-04-17,1.85,4688805,4688805,16805,280,16805,280,DATA
2026-04-17,3.44,8582145,8582145,16250,526,16250,526,ECOBANK_CI
2026-04-17,-7.43,20243475,20243475,3836,5272,5425,3728,SAFCA
2026-04-17,0.0,4601990,4601990,2720,1689,2720,1689,Onatel bf
2026-04-17,-7.14,19000705,19000705,1625,11636,1625,11636,DATA
2026-04-17,-4.2,8866195,8866195,3305,2653,3305,2653,DATA
2026-04-17,-5.03,8956335,8956335,1890,4722,1890,4722,Vivo energy
2026-04-17,-7.43,20243475,20243475,3836,5272,5425,3728,DATA
2026-04-17,0.27,12673035,12673035,1875,6800,1875,6800,DATA
2026-04-17,6.67,100760545,100760545,3200,32890,3200,32890,DATA
2026-04-17,1.69,7606040,7606040,12000,638,12000,638,Nestle
2026-04-17,0.0,1186156905,1186156905,33000,36854,33000,36854,DATA
2026-04-17,1.69,7606040,7606040,12000,638,12000,638,DATA
2026-04-17,-1.47,14627335,14627335,3360,4358,3360,4358,ORAGROUP_TOGO
2026-04-20,0.0,18957720,18957720,4700,4060,4700,4060,BOA_MALI
2026-04-20,-2.16,36998020,36998020,7700,4754,7700,4754,SOGB
2026-04-20,3.85,71293023,71293023,27,2798037,27,2798037,ETIT
2026-04-20,-0.07,35622855,35622855,7015,5082,7015,5082,DATA
2026-04-20,-0.66,51162055,51162055,6750,7563,6750,7563,DATA
2026-04-20,0.0,5335550,5335550,2720,1963,2720,1963,Onatel bf
2026-04-20,-4.61,17988075,17988075,3205,5519,3205,5519,DATA
2026-04-20,-0.49,5205000,5205000,8060,645,8060,645,DATA
2026-04-20,3.65,361400,361400,1560,235,1560,235,DATA
2026-04-20,0.0,14680855,14680855,5110,2873,5110,2873,DATA
2026-04-20,0.0,8108440,8108440,11535,701,11535,701,SMBC
2026-04-20,-1.53,3924550,3924550,39190,103,39190,103,DATA
2026-04-20,-0.03,11918365,11918365,16800,708,16800,708,DATA
2026-04-20,-0.23,3005090,3005090,2195,1376,2195,1376,Filtisac
2026-04-20,-0.61,821608050,821608050,32800,26097,32800,26097,DATA
2026-04-20,1.3,5441535,5441535,7395,739,7395,739,Saph
2026-04-20,7.48,49863055,49863055,4123,12929,5830,9143,DATA
2026-04-20,0.0,8108440,8108440,11535,701,11535,701,DATA
2026-04-20,0.73,11896545,11896545,1380,8680,1380,8680,DATA
2026-04-20,0.27,44592055,44592055,5645,8009,5645,8009,BOA_BF
2026-04-20,-2.16,36998020,36998020,7700,4754,7700,4754,DATA
2026-04-20,1.1,491022845,491022845,8695,58194,8695,58194,BOA_CI
2026-04-20,4.0,669780865,669780865,12480,53612,12480,53612,DATA
2026-04-20,0.0,16305655,16305655,1875,8755,1875,8755,Uniwax
2026-04-20,-0.33,74163075,74163075,28400,2611,28400,2611,Sonatel
2026-04-20,-2.71,15812205,15812205,15810,999,15810,999,DATA
2026-04-20,0.32,9003040,9003040,1550,5813,1550,5813,DATA
2026-04-20,3.65,361400,361400,1560,235,1560,235,Bernabe
2026-04-20,-0.91,19268780,19268780,3250,5889,3250,5889,DATA
2026-04-20,1.36,2475025,2475025,14900,165,14900,165,Orange ci
2026-04-20,0.3,560755,560755,3315,167,3315,167,Servair
2026-04-20,0.0,2010150,2010150,4900,406,4900,406,DATA
2026-04-20,0.0,2392380,2392380,57500,41,57500,41,Unilever
2026-04-20,0.0,859215,859215,4220,206,4220,206,DATA
2026-04-20,0.0,2010150,2010150,4900,406,4900,406,Tractafric
2026-04-20,3.28,91836045,91836045,3305,27574,3305,27574,DATA
2026-04-20,4.0,669780865,669780865,12480,53612,12480,53612,Nestle
2026-04-20,0.0,16305655,16305655,1875,8755,1875,8755,DATA
2026-04-20,7.38,6604955,6604955,1745,3861,1745,3861,DATA
2026-04-20,-2.71,15812205,15812205,15810,999,15810,999,ECOBANK_CI
2026-04-20,-0.23,3005090,3005090,2195,1376,2195,1376,DATA
2026-04-20,-4.61,17988075,17988075,3205,5519,3205,5519,ORAGROUP_TOGO
2026-04-20,-0.33,74163075,74163075,28400,2611,28400,2611,DATA
2026-04-20,5.46,16262880,16262880,25000,649,25000,649,BICC
2026-04-20,-0.56,19809065,19809065,1775,11135,1775,11135,DATA
2026-04-20,0.84,3662590,3662590,7200,506,7200,506,DATA
2026-04-20,0.19,49538855,49538855,8000,6227,8000,6227,DATA
2026-04-20,3.28,91836045,91836045,3305,27574,3305,27574,BOA_NIGER
2026-04-20,-1.61,6609775,6609775,3050,2117,3050,2117,DATA
2026-04-20,0.0,18957720,18957720,4700,4060,4700,4060,DATA
2026-04-20,-0.61,821608050,821608050,32800,26097,32800,26097,SGB CI
2026-04-20,5.46,16262880,16262880,25000,649,25000,649,DATA
2026-04-20,7.38,6604955,6604955,1745,3861,1745,3861,SEMC
2026-04-20,7.48,49863055,49863055,4123,12929,5830,9143,SAFCA
2026-04-20,0.26,10104265,10104265,1895,5347,1895,5347,Vivo energy
2026-04-20,1.36,2475025,2475025,14900,165,14900,165,DATA
2026-04-20,-0.13,3527575,3527575,3800,928,3800,928,DATA
2026-04-20,0.26,10104265,10104265,1895,5347,1895,5347,DATA
2026-04-20,0.3,560755,560755,3315,167,3315,167,DATA
2026-04-20,1.95,14200900,14200900,20900,687,20900,687,Sitab_ci
2026-04-20,0.84,3662590,3662590,7200,506,7200,506,SODE CI
2026-04-20,-1.61,3814055,3814055,2750,1371,2750,1371,Total ci
2026-04-20,0.32,9003040,9003040,1550,5813,1550,5813,Cfao
2026-04-20,3.85,71293023,71293023,27,2798037,27,2798037,DATA
2026-04-20,0.18,15702610,15702610,2760,5773,2760,5773,Setao
2026-04-20,-0.66,51162055,51162055,6750,7563,6750,7563,BOA_SN
2026-04-20,0.36,7948640,7948640,14100,564,14100,564,DATA
2026-04-20,-0.07,35622855,35622855,7015,5082,7015,5082,SIBC
2026-04-20,0.36,7948640,7948640,14100,564,14100,564,NSIA
2026-04-20,-0.19,12097405,12097405,2695,4506,2695,4506,DATA
2026-04-20,1.1,491022845,491022845,8695,58194,8695,58194,DATA
2026-04-20,-1.61,3814055,3814055,2750,1371,2750,1371,DATA
2026-04-20,0.73,11896545,11896545,1380,8680,1380,8680,NEI-CEDA
2026-04-20,0.0,22082415,22082415,2040,10806,2040,10806,DATA
2026-04-20,-0.49,5205000,5205000,8060,645,8060,645,Palm ci
2026-04-20,0.0,2392380,2392380,57500,41,57500,41,DATA
2026-04-20,-1.78,19365930,19365930,3860,5042,3860,5042,DATA
2026-04-20,-0.03,11918365,11918365,16800,708,16800,708,CORIS_BANK
2026-04-20,-0.56,19809065,19809065,1775,11135,1775,11135,AGL
2026-04-20,0.0,22082415,22082415,2040,10806,2040,10806,Sucrivoire
2026-04-20,0.19,49538855,49538855,8000,6227,8000,6227,BOA_BENIN
2026-04-20,-0.91,19268780,19268780,3250,5889,3250,5889,Total senegal
2026-04-20,0.0,14680855,14680855,5110,2873,5110,2873,BICB
2026-04-20,0.27,44592055,44592055,5645,8009,5645,8009,DATA
2026-04-20,1.3,5441535,5441535,7395,739,7395,739,DATA
2026-04-20,1.95,14200900,14200900,20900,687,20900,687,DATA
2026-04-20,-0.19,12097405,12097405,2695,4506,2695,4506,Erium ci
2026-04-20,0.0,5335550,5335550,2720,1963,2720,1963,DATA
2026-04-20,-1.78,19365930,19365930,3860,5042,3860,5042,LNBB
2026-04-20,-0.13,3527575,3527575,3800,928,3800,928,Sicable
2026-04-20,-1.61,6609775,6609775,3050,2117,3050,2117,CIE CI
2026-04-20,-1.53,3924550,3924550,39190,103,39190,103,Solibra
2026-04-20,0.0,859215,859215,4220,206,4220,206,Sicor_ci
2026-04-20,0.18,15702610,15702610,2760,5773,2760,5773,DATA
2026-04-21,0.0,59822830,59822830,20900,2910,20900,2910,DATA
2026-04-21,0.04,7226120,7226120,14105,512,14105,512,NSIA
2026-04-21,3.96,2021435,2021435,7485,288,7485,288,DATA
2026-04-21,5.54,6604545,6604545,2000,3336,2000,3336,Vivo energy
2026-04-21,0.03,9639635,9639635,14905,644,14905,644,DATA
2026-04-21,2.81,32385705,32385705,3295,10127,3295,10127,DATA
2026-04-21,-0.2,10710500,10710500,5100,2096,5100,2096,BICB
2026-04-21,-2.3,206032740,206032740,8495,24306,8495,24306,DATA
2026-04-21,-0.37,8395030,8395030,2710,3088,2710,3088,Onatel bf
2026-04-21,0.32,3645885,3645885,1565,2329,1565,2329,Bernabe
2026-04-21,0.0,5318440,5318440,8060,657,8060,657,DATA
2026-04-21,1.43,9235635,9235635,11700,799,11700,799,DATA
2026-04-21,-0.26,378376225,378376225,7680,51080,7680,51080,DATA
2026-04-21,3.26,4814005,4814005,2850,1670,2850,1670,Setao
2026-04-21,-2.56,1773980,1773980,3230,541,3230,541,Servair
2026-04-21,0.0,31348890,31348890,8000,3921,8000,3921,BOA_BENIN
2026-04-21,0.04,7226120,7226120,14105,512,14105,512,DATA
2026-04-21,2.81,32385705,32385705,3295,10127,3295,10127,ORAGROUP_TOGO
2026-04-21,-0.27,48298895,48298895,5630,8642,5630,8642,BOA_BF
2026-04-21,-3.04,4258475,4258475,12100,342,12100,342,DATA
2026-04-21,1.9,128180,128180,4300,30,4300,30,Sicor_ci
2026-04-21,-0.37,8395030,8395030,2710,3088,2710,3088,DATA
2026-04-21,0.0,4445685,4445685,1380,3243,1380,3243,NEI-CEDA
2026-04-21,-0.11,31768635,31768635,4695,6853,4695,6853,DATA
2026-04-21,-0.6,4922475,4922475,24850,197,24850,197,BICC
2026-04-21,-3.04,4258475,4258475,12100,342,12100,342,Nestle
2026-04-21,0.35,256574300,256574300,28500,8984,28500,8984,Sonatel
2026-04-21,0.0,59822830,59822830,20900,2910,20900,2910,Sitab_ci
2026-04-21,1.66,66690570,66690570,3360,20041,3360,20041,DATA
2026-04-21,5.54,6604545,6604545,2000,3336,2000,3336,DATA
2026-04-21,0.0,12125830,12125830,2695,4529,2695,4529,DATA
2026-04-21,-0.07,26974600,26974600,7010,3851,7010,3851,SIBC
2026-04-21,-1.76,1713930,1713930,38500,44,38500,44,Solibra
2026-04-21,-7.5,13867725,13867725,3515,3945,3515,3945,Sicable
2026-04-21,0.16,8607720,8607720,3055,2779,3055,2779,CIE CI
2026-04-21,3.26,4814005,4814005,2850,1670,2850,1670,DATA
2026-04-21,0.0,12125830,12125830,2695,4529,2695,4529,Erium ci
2026-04-21,0.0,5318440,5318440,8060,657,8060,657,Palm ci
2026-04-21,-1.82,28063490,28063490,2700,10612,2700,10612,DATA
2026-04-21,0.27,11337885,11337885,16845,674,16845,674,CORIS_BANK
2026-04-21,0.0,18330540,18330540,3860,4749,3860,4749,DATA
2026-04-21,-0.52,2246055,2246055,57200,39,57200,39,DATA
2026-04-21,-0.27,48298895,48298895,5630,8642,5630,8642,DATA
2026-04-21,-0.54,5738715,5738715,7355,776,7355,776,DATA
2026-04-21,1.69,42095870,42095870,1805,23600,1805,23600,AGL
2026-04-21,1.9,128180,128180,4300,30,4300,30,DATA
2026-04-21,-0.52,2246055,2246055,57200,39,57200,39,Unilever
2026-04-21,0.16,8607720,8607720,3055,2779,3055,2779,DATA
2026-04-21,1.66,66690570,66690570,3360,20041,3360,20041,BOA_NIGER
2026-04-21,0.0,31348890,31348890,8000,3921,8000,3921,DATA
2026-04-21,3.96,2021435,2021435,7485,288,7485,288,SODE CI
2026-04-21,2.58,1830225,1830225,1590,1160,1590,1160,Cfao
2026-04-21,3.15,4645290,4645290,1800,2573,1800,2573,SEMC
2026-04-21,-1.47,22334600,22334600,2010,11062,2010,11062,DATA
2026-04-21,-0.6,4922475,4922475,24850,197,24850,197,DATA
2026-04-21,0.59,13639195,13639195,6790,2017,6790,2017,BOA_SN
2026-04-21,6.33,18405900,18405900,4384,4177,6200,2954,SAFCA
2026-04-21,-2.56,1773980,1773980,3230,541,3230,541,DATA
2026-04-21,-1.82,28063490,28063490,2700,10612,2700,10612,Total ci
2026-04-21,1.14,3386455,3386455,2220,1532,2220,1532,DATA
2026-04-21,7.41,12135427,12135427,29,418463,29,418463,DATA
2026-04-21,0.0,23365010,23365010,15810,1430,15810,1430,ECOBANK_CI
2026-04-21,3.15,4645290,4645290,1800,2573,1800,2573,DATA
2026-04-21,6.52,169662960,169662960,34940,5091,34940,5091,SGB CI
2026-04-21,-2.04,9265800,9265800,4800,1891,4800,1891,Tractafric
2026-04-21,0.35,256574300,256574300,28500,8984,28500,8984,DATA
2026-04-21,0.0,9779040,9779040,1875,5219,1875,5219,DATA
2026-04-21,-1.54,1465950,1465950,3200,463,3200,463,Total senegal
2026-04-21,7.41,12135427,12135427,29,418463,29,418463,ETIT
2026-04-21,-7.5,13867725,13867725,3515,3945,3515,3945,DATA
2026-04-21,-0.11,31768635,31768635,4695,6853,4695,6853,BOA_MALI
2026-04-21,0.0,23365010,23365010,15810,1430,15810,1430,DATA
2026-04-21,1.14,3386455,3386455,2220,1532,2220,1532,Filtisac
2026-04-21,1.69,42095870,42095870,1805,23600,1805,23600,DATA
2026-04-21,1.43,9235635,9235635,11700,799,11700,799,SMBC
2026-04-21,0.27,11337885,11337885,16845,674,16845,674,DATA
2026-04-21,-1.76,1713930,1713930,38500,44,38500,44,DATA
2026-04-21,-1.54,1465950,1465950,3200,463,3200,463,DATA
2026-04-21,0.0,4445685,4445685,1380,3243,1380,3243,DATA
2026-04-21,-0.54,5738715,5738715,7355,776,7355,776,Saph
2026-04-21,0.0,9779040,9779040,1875,5219,1875,5219,Uniwax
2026-04-21,6.33,18405900,18405900,4384,4177,6200,2954,DATA
2026-04-21,0.59,13639195,13639195,6790,2017,6790,2017,DATA
2026-04-21,0.32,3645885,3645885,1565,2329,1565,2329,DATA
2026-04-21,0.03,9639635,9639635,14905,644,14905,644,Orange ci
2026-04-21,6.52,169662960,169662960,34940,5091,34940,5091,DATA
2026-04-21,-2.04,9265800,9265800,4800,1891,4800,1891,DATA
2026-04-21,-1.47,22334600,22334600,2010,11062,2010,11062,Sucrivoire
2026-04-21,-0.2,10710500,10710500,5100,2096,5100,2096,DATA
2026-04-21,-0.07,26974600,26974600,7010,3851,7010,3851,DATA
2026-04-21,0.0,18330540,18330540,3860,4749,3860,4749,LNBB
2026-04-21,-2.3,206032740,206032740,8495,24306,8495,24306,BOA_CI
2026-04-21,-0.26,378376225,378376225,7680,51080,7680,51080,SOGB
2026-04-21,2.58,1830225,1830225,1590,1160,1590,1160,DATA
2026-04-22,1.98,895675,895675,4895,183,4895,183,Tractafric
2026-04-22,-2.75,25366310,25366310,1945,13395,1945,13395,Vivo energy
2026-04-22,0.0,13843590,13843590,20900,664,20900,664,Sitab_ci
2026-04-22,-7.25,64947270,64947270,4066,15657,5750,11072,SAFCA
2026-04-22,1.2,11485320,11485320,16000,722,16000,722,DATA
2026-04-22,4.91,13036380,13036380,2990,4421,2990,4421,Setao
2026-04-22,4.15,2306130,2306130,1630,1415,1630,1415,DATA
2026-04-22,0.17,280026720,280026720,35000,8089,35000,8089,SGB CI
2026-04-22,-7.5,17042195,17042195,1665,10030,1665,10030,SEMC
2026-04-22,3.45,39419461,39419461,30,1328064,30,1328064,DATA
2026-04-22,0.37,5328215,5328215,2720,2008,2720,2008,Onatel bf
2026-04-22,1.24,19007380,19007380,2035,9409,2035,9409,DATA
2026-04-22,-1.85,9207170,9207170,2650,3469,2650,3469,Total ci
2026-04-22,-6.09,1891945,1891945,3005,612,3005,612,DATA
2026-04-22,2.32,12747660,12747660,3305,3968,3305,3968,DATA
2026-04-22,0.26,19287275,19287275,7700,2505,7700,2505,SOGB
2026-04-22,4.15,2306130,2306130,1630,1415,1630,1415,Bernabe
2026-04-22,0.17,280026720,280026720,35000,8089,35000,8089,DATA
2026-04-22,-2.73,34793850,34793850,3205,10818,3205,10818,ORAGROUP_TOGO
2026-04-22,0.28,8897505,8897505,1810,4775,1810,4775,DATA
2026-04-22,0.2,10454790,10454790,5110,2042,5110,2042,BICB
2026-04-22,-6.09,1891945,1891945,3005,612,3005,612,Total senegal
2026-04-22,-1.57,104359265,104359265,6900,15323,6900,15323,DATA
2026-04-22,-2.73,34793850,34793850,3205,10818,3205,10818,DATA
2026-04-22,-2.97,1308700,1308700,55500,23,55500,23,DATA
2026-04-22,0.2,10454790,10454790,5110,2042,5110,2042,DATA
2026-04-22,0.64,15125525,15125525,15000,1010,15000,1010,DATA
2026-04-22,1.98,895675,895675,4895,183,4895,183,DATA
2026-04-22,0.0,408761210,408761210,28500,14307,28500,14307,Sonatel
2026-04-22,-1.85,9207170,9207170,2650,3469,2650,3469,DATA
2026-04-22,4.0,3383320,3383320,1950,1735,1950,1735,DATA
2026-04-22,0.37,5328215,5328215,2720,2008,2720,2008,DATA
2026-04-22,-1.41,6352660,6352660,11535,549,11535,549,DATA
2026-04-22,4.91,13036380,13036380,2990,4421,2990,4421,DATA
2026-04-22,0.28,8897505,8897505,1810,4775,1810,4775,AGL
2026-04-22,0.0,19487920,19487920,7355,2632,7355,2632,Saph
2026-04-22,1.47,12616750,12616750,3100,4151,3100,4151,CIE CI
2026-04-22,-1.45,202876825,202876825,13900,15479,13900,15479,NSIA
2026-04-22,-1.57,104359265,104359265,6900,15323,6900,15323,SIBC
2026-04-22,-1.14,1217410,1217410,7400,163,7400,163,DATA
2026-04-22,0.19,3191490,3191490,2700,1187,2700,1187,DATA
2026-04-22,-6.92,14506715,14506715,15680,892,15680,892,DATA
2026-04-22,1.47,12616750,12616750,3100,4151,3100,4151,DATA
2026-04-22,4.17,111806840,111806840,3500,32917,3500,32917,DATA
2026-04-22,-6.92,14506715,14506715,15680,892,15680,892,CORIS_BANK
2026-04-22,1.24,19007380,19007380,2035,9409,2035,9409,Sucrivoire
2026-04-22,-2.75,25366310,25366310,1945,13395,1945,13395,DATA
2026-04-22,0.06,189046400,189046400,8500,22152,8500,22152,DATA
2026-04-22,-4.69,16711735,16711735,3350,5021,3350,5021,Sicable
2026-04-22,-1.3,6186500,6186500,38000,162,38000,162,Solibra
2026-04-22,-0.12,133145,133145,4295,31,4295,31,Sicor_ci
2026-04-22,2.5,140888685,140888685,8200,17454,8200,17454,BOA_BENIN
2026-04-22,0.19,3191490,3191490,2700,1187,2700,1187,Erium ci
2026-04-22,-4.69,16711735,16711735,3350,5021,3350,5021,DATA
2026-04-22,-0.72,5335810,5335810,1370,3890,1370,3890,NEI-CEDA
2026-04-22,-3.73,88771995,88771995,5420,16869,5420,16869,DATA
2026-04-22,-0.12,133145,133145,4295,31,4295,31,DATA
2026-04-22,0.0,13843590,13843590,20900,664,20900,664,DATA
2026-04-22,0.0,19487920,19487920,7355,2632,7355,2632,DATA
2026-04-22,3.45,39419461,39419461,30,1328064,30,1328064,ETIT
2026-04-22,0.0,13598375,13598375,8060,1696,8060,1696,DATA
2026-04-22,0.0,13598375,13598375,8060,1696,8060,1696,Palm ci
2026-04-22,-0.43,13535980,13535980,4675,2892,4675,2892,BOA_MALI
2026-04-22,0.06,189046400,189046400,8500,22152,8500,22152,BOA_CI
2026-04-22,0.0,6425675,6425675,2220,2875,2220,2875,Filtisac
2026-04-22,2.32,12747660,12747660,3305,3968,3305,3968,Servair
2026-04-22,0.26,19287275,19287275,7700,2505,7700,2505,DATA
2026-04-22,-0.72,5335810,5335810,1370,3890,1370,3890,DATA
2026-04-22,-1.3,6186500,6186500,38000,162,38000,162,DATA
2026-04-22,-1.41,6352660,6352660,11535,549,11535,549,SMBC
2026-04-22,-7.25,64947270,64947270,4066,15657,5750,11072,DATA
2026-04-22,4.0,3383320,3383320,1950,1735,1950,1735,Uniwax
2026-04-22,2.48,3491340,3491340,12400,288,12400,288,DATA
2026-04-22,-3.73,88771995,88771995,5420,16869,5420,16869,BOA_BF
2026-04-22,0.64,15125525,15125525,15000,1010,15000,1010,Orange ci
2026-04-22,-0.81,62782325,62782325,6735,9256,6735,9256,DATA
2026-04-22,0.0,1587600,1587600,3860,412,3860,412,LNBB
2026-04-22,0.63,2434550,2434550,1600,1489,1600,1489,DATA
2026-04-22,4.17,111806840,111806840,3500,32917,3500,32917,BOA_NIGER
2026-04-22,-2.97,1308700,1308700,55500,23,55500,23,Unilever
2026-04-22,0.0,1587600,1587600,3860,412,3860,412,DATA
2026-04-22,-0.43,13535980,13535980,4675,2892,4675,2892,DATA
2026-04-22,-4.61,9796850,9796850,23705,400,23705,400,BICC
2026-04-22,2.48,3491340,3491340,12400,288,12400,288,Nestle
2026-04-22,0.63,2434550,2434550,1600,1489,1600,1489,Cfao
2026-04-22,-7.5,17042195,17042195,1665,10030,1665,10030,DATA
2026-04-22,-1.14,1217410,1217410,7400,163,7400,163,SODE CI
2026-04-22,1.2,11485320,11485320,16000,722,16000,722,ECOBANK_CI
2026-04-22,-4.61,9796850,9796850,23705,400,23705,400,DATA
2026-04-22,0.0,408761210,408761210,28500,14307,28500,14307,DATA
2026-04-22,-0.81,62782325,62782325,6735,9256,6735,9256,BOA_SN
2026-04-22,-1.45,202876825,202876825,13900,15479,13900,15479,DATA
2026-04-22,0.0,6425675,6425675,2220,2875,2220,2875,DATA
2026-04-22,2.5,140888685,140888685,8200,17454,8200,17454,DATA
2026-04-23,0.0,125955950,125955950,28500,4421,28500,4421,Sonatel
2026-04-23,2.87,3152070,3152070,3400,948,3400,948,Servair
2026-04-23,0.34,5828330,5828330,7380,797,7380,797,Saph
2026-04-23,-1.94,2519700,2519700,4800,519,4800,519,DATA
2026-04-23,-0.65,217143690,217143690,7650,29325,7650,29325,DATA
2026-04-23,2.03,3509450,3509450,2265,1568,2265,1568,Filtisac
2026-04-23,7.43,61656610,61656610,3760,16818,3760,16818,DATA
2026-04-23,0.21,3168880,3168880,23755,133,23755,133,DATA
2026-04-23,-4.8,13123055,13123055,1585,8138,1585,8138,SEMC
2026-04-23,3.83,17142555,17142555,39455,461,39455,461,DATA
2026-04-23,-3.13,5212750,5212750,1550,3364,1550,3364,Cfao
2026-04-23,-0.51,22200755,22200755,1940,11469,1940,11469,Uniwax
2026-04-23,-0.37,67165665,67165665,5400,12474,5400,12474,BOA_BF
2026-04-23,-1.84,2046190,2046190,1600,1291,1600,1291,Bernabe
2026-04-23,0.0,11817530,11817530,2720,4347,2720,4347,Onatel bf
2026-04-23,-4.25,27181170,27181170,3893,6915,5505,4890,SAFCA
2026-04-23,-0.26,4505890,4505890,1940,2330,1940,2330,DATA
2026-04-23,6.32,1623305,1623305,3195,537,3195,537,DATA
2026-04-23,-1.84,2046190,2046190,1600,1291,1600,1291,DATA
2026-04-23,-1.72,41193325,41193325,2000,20590,2000,20590,Sucrivoire
2026-04-23,-0.67,16377030,16377030,14900,1095,14900,1095,Orange ci
2026-04-23,1.94,1410995,1410995,3935,362,3935,362,LNBB
2026-04-23,-0.26,4505890,4505890,1940,2330,1940,2330,Vivo energy
2026-04-23,-1.72,41193325,41193325,2000,20590,2000,20590,DATA
2026-04-23,0.78,12565880,12565880,5150,2423,5150,2423,DATA
2026-04-23,1.4,22788840,22788840,3250,7107,3250,7107,ORAGROUP_TOGO
2026-04-23,1.89,6239380,6239380,2700,2347,2700,2347,Total ci
2026-04-23,-0.85,56050430,56050430,8130,6935,8130,6935,DATA
2026-04-23,0.0,117951285,117951285,8500,13975,8500,13975,DATA
2026-04-23,-0.87,5236700,5236700,7990,658,7990,658,Palm ci
2026-04-23,-1.35,1195050,1195050,7300,163,7300,163,DATA
2026-04-23,-0.51,22200755,22200755,1940,11469,1940,11469,DATA
2026-04-23,2.1,6063095,6063095,3165,1955,3165,1955,CIE CI
2026-04-23,0.0,10457380,10457380,13900,760,13900,760,NSIA
2026-04-23,0.0,125955950,125955950,28500,4421,28500,4421,DATA
2026-04-23,2.22,6855835,6855835,2760,2527,2760,2527,Erium ci
2026-04-23,3.31,35547195,35547195,1870,19593,1870,19593,AGL
2026-04-23,-0.85,56050430,56050430,8130,6935,8130,6935,BOA_BENIN
2026-04-23,-1.94,2519700,2519700,4800,519,4800,519,Tractafric
2026-04-23,7.43,61656610,61656610,3760,16818,3760,16818,BOA_NIGER
2026-04-23,0.0,117951285,117951285,8500,13975,8500,13975,BOA_CI
2026-04-23,1.89,6239380,6239380,2700,2347,2700,2347,DATA
2026-04-23,5.17,16900500,16900500,16490,1037,16490,1037,CORIS_BANK
2026-04-23,0.21,3168880,3168880,23755,133,23755,133,BICC
2026-04-23,7.3,174386765,174386765,1470,125597,1470,125597,NEI-CEDA
2026-04-23,-0.37,67165665,67165665,5400,12474,5400,12474,DATA
2026-04-23,0.0,3595695,3595695,12400,293,12400,293,Nestle
2026-04-23,0.0,166600,166600,55500,3,55500,3,DATA
2026-04-23,0.0,39028150,39028150,16000,2399,16000,2399,ECOBANK_CI
2026-04-23,0.0,31682120,31682120,30,1070454,30,1070454,ETIT
2026-04-23,0.78,12565880,12565880,5150,2423,5150,2423,BICB
2026-04-23,6.32,1623305,1623305,3195,537,3195,537,Total senegal
2026-04-23,3.31,35547195,35547195,1870,19593,1870,19593,DATA
2026-04-23,0.97,22982955,22982955,6800,3346,6800,3346,BOA_SN
2026-04-23,0.21,13011345,13011345,4685,2774,4685,2774,DATA
2026-04-23,0.0,166600,166600,55500,3,55500,3,Unilever
2026-04-23,0.21,13011345,13011345,4685,2774,4685,2774,BOA_MALI
2026-04-23,0.0,68052870,68052870,20900,3299,20900,3299,Sitab_ci
2026-04-23,0.0,11817530,11817530,2720,4347,2720,4347,DATA
2026-04-23,2.03,3509450,3509450,2265,1568,2265,1568,DATA
2026-04-23,-1.38,56197980,56197980,6805,8080,6805,8080,SIBC
2026-04-23,1.4,22788840,22788840,3250,7107,3250,7107,DATA
2026-04-23,5.17,16900500,16900500,16490,1037,16490,1037,DATA
2026-04-23,7.46,7336500,7336500,3600,2071,3600,2071,Sicable
2026-04-23,-0.87,5236700,5236700,7990,658,7990,658,DATA
2026-04-23,-1.38,56197980,56197980,6805,8080,6805,8080,DATA
2026-04-23,0.0,4817400,4817400,11535,420,11535,420,DATA
2026-04-23,-3.13,5212750,5212750,1550,3364,1550,3364,DATA
2026-04-23,-7.22,255300,255300,3985,64,3985,64,DATA
2026-04-23,7.3,174386765,174386765,1470,125597,1470,125597,DATA
2026-04-23,1.94,1410995,1410995,3935,362,3935,362,DATA
2026-04-23,0.0,31682120,31682120,30,1070454,30,1070454,DATA
2026-04-23,2.87,3152070,3152070,3400,948,3400,948,DATA
2026-04-23,-0.65,217143690,217143690,7650,29325,7650,29325,SOGB
2026-04-23,3.83,17142555,17142555,39455,461,39455,461,Solibra
2026-04-23,-0.06,257055885,257055885,34980,7711,34980,7711,DATA
2026-04-23,0.0,39028150,39028150,16000,2399,16000,2399,DATA
2026-04-23,-1.35,1195050,1195050,7300,163,7300,163,SODE CI
2026-04-23,0.0,10457380,10457380,13900,760,13900,760,DATA
2026-04-23,-0.67,16377030,16377030,14900,1095,14900,1095,DATA
2026-04-23,0.0,68052870,68052870,20900,3299,20900,3299,DATA
2026-04-23,0.34,5828330,5828330,7380,797,7380,797,DATA
2026-04-23,0.0,4817400,4817400,11535,420,11535,420,SMBC
2026-04-23,0.0,3595695,3595695,12400,293,12400,293,DATA
2026-04-23,5.52,20170870,20170870,3155,6467,3155,6467,DATA
2026-04-23,-4.25,27181170,27181170,3893,6915,5505,4890,DATA
2026-04-23,5.52,20170870,20170870,3155,6467,3155,6467,Setao
2026-04-23,7.46,7336500,7336500,3600,2071,3600,2071,DATA
2026-04-23,2.1,6063095,6063095,3165,1955,3165,1955,DATA
2026-04-23,0.97,22982955,22982955,6800,3346,6800,3346,DATA
2026-04-23,-7.22,255300,255300,3985,64,3985,64,Sicor_ci
2026-04-23,-0.06,257055885,257055885,34980,7711,34980,7711,SGB CI
2026-04-23,2.22,6855835,6855835,2760,2527,2760,2527,DATA
2026-04-23,-4.8,13123055,13123055,1585,8138,1585,8138,DATA
2026-04-24,0.95,4766030,4766030,1600,2952,1600,2952,DATA
2026-04-24,0.0,67453800,67453800,28500,2367,28500,2367,DATA
2026-04-24,-4.91,10353405,10353405,3000,3519,3000,3519,Setao
2026-04-24,-4.96,4335465,4335465,37500,114,37500,114,Solibra
2026-04-24,1.38,47127285,47127285,3295,14550,3295,14550,ORAGROUP_TOGO
2026-04-24,1.88,13813750,13813750,16300,863,16300,863,ECOBANK_CI
2026-04-24,0.0,1964485,1964485,1600,1304,1600,1304,DATA
2026-04-24,0.0,30174155,30174155,5400,5585,5400,5585,BOA_BF
2026-04-24,-3.33,29381712,29381712,29,1018483,29,1018483,ETIT
2026-04-24,0.0,5421285,5421285,2700,2004,2700,2004,Total ci
2026-04-24,1.45,7032520,7032520,2800,2534,2800,2534,Erium ci
2026-04-24,-0.25,19089570,19089570,1995,9555,1995,9555,DATA
2026-04-24,0.0,6838055,6838055,1940,3538,1940,3538,DATA
2026-04-24,0.0,6838055,6838055,1940,3538,1940,3538,Vivo energy
2026-04-24,0.0,18536420,18536420,3600,5037,3600,5037,Sicable
2026-04-24,-1.91,45317325,45317325,20500,2205,20500,2205,DATA
2026-04-24,1.56,3759585,3759585,3245,1170,3245,1170,DATA
2026-04-24,0.98,13752990,13752990,8210,1677,8210,1677,DATA
2026-04-24,0.0,1964485,1964485,1600,1304,1600,1304,Bernabe
2026-04-24,-1.91,45317325,45317325,20500,2205,20500,2205,Sitab_ci
2026-04-24,-1.37,884960,884960,7200,122,7200,122,SODE CI
2026-04-24,2.9,2892555,2892555,1595,1888,1595,1888,Cfao
2026-04-24,0.95,4766030,4766030,1600,2952,1600,2952,SEMC
2026-04-24,-3.63,22589280,22589280,7700,2906,7700,2906,DATA
2026-04-24,0.02,5777780,5777780,23760,243,23760,243,DATA
2026-04-24,0.0,5421285,5421285,2700,2004,2700,2004,DATA
2026-04-24,-3.86,23792325,23792325,3615,6513,3615,6513,BOA_NIGER
2026-04-24,1.47,19671870,19671870,6900,2852,6900,2852,BOA_SN
2026-04-24,0.0,18536420,18536420,3600,5037,3600,5037,DATA
2026-04-24,-7.06,6772230,6772230,2105,3186,2105,3186,DATA
2026-04-24,1.38,47127285,47127285,3295,14550,3295,14550,DATA
2026-04-24,0.0,7650390,7650390,16490,464,16490,464,DATA
2026-04-24,-0.2,1189000,1189000,12375,96,12375,96,DATA
2026-04-24,-5.21,24147550,24147550,3000,7978,3000,7978,DATA
2026-04-24,-1.37,884960,884960,7200,122,7200,122,DATA
2026-04-24,6.31,700000,700000,59000,12,59000,12,Unilever
2026-04-24,-0.13,1340260,1340260,3930,345,3930,345,LNBB
2026-04-24,2.87,42358905,42358905,7000,6078,7000,6078,DATA
2026-04-24,7.47,73952030,73952030,2085,36739,2085,36739,Uniwax
2026-04-24,1.18,20726555,20726555,8600,2418,8600,2418,DATA
2026-04-24,0.97,22370435,22370435,5200,4342,5200,4342,DATA
2026-04-24,-0.32,42366115,42366115,4670,9068,4670,9068,DATA
2026-04-24,-0.13,1340260,1340260,3930,345,3930,345,DATA
2026-04-24,0.0,372582365,372582365,34980,11208,34980,11208,SGB CI
2026-04-24,0.97,22370435,22370435,5200,4342,5200,4342,BICB
2026-04-24,0.07,10010975,10010975,7385,1359,7385,1359,DATA
2026-04-24,-0.37,4403665,4403665,2710,1624,2710,1624,DATA
2026-04-24,-0.74,6163650,6163650,11450,538,11450,538,DATA
2026-04-24,7.48,9032020,9032020,1580,5717,1580,5717,NEI-CEDA
2026-04-24,-4.96,4335465,4335465,37500,114,37500,114,DATA
2026-04-24,0.0,67453800,67453800,28500,2367,28500,2367,Sonatel
2026-04-24,7.47,73952030,73952030,2085,36739,2085,36739,DATA
2026-04-24,1.18,20726555,20726555,8600,2418,8600,2418,BOA_CI
2026-04-24,0.65,9163405,9163405,7700,1212,7700,1212,SOGB
2026-04-24,0.65,9163405,9163405,7700,1212,7700,1212,DATA
2026-04-24,-1.6,37958485,37958485,1840,21051,1840,21051,DATA
2026-04-24,-7.06,6772230,6772230,2105,3186,2105,3186,Filtisac
2026-04-24,7.48,9032020,9032020,1580,5717,1580,5717,DATA
2026-04-24,-5.21,24147550,24147550,3000,7978,3000,7978,CIE CI
2026-04-24,1.56,3759585,3759585,3245,1170,3245,1170,Total senegal
2026-04-24,-0.74,6163650,6163650,11450,538,11450,538,SMBC
2026-04-24,2.9,2892555,2892555,1595,1888,1595,1888,DATA
2026-04-24,7.24,66786860,66786860,4175,15996,4175,15996,DATA
2026-04-24,0.0,135490,135490,3985,34,3985,34,Sicor_ci
2026-04-24,0.0,11906235,11906235,13900,856,13900,856,NSIA
2026-04-24,0.02,5777780,5777780,23760,243,23760,243,BICC
2026-04-24,-0.2,1189000,1189000,12375,96,12375,96,Nestle
2026-04-24,2.87,42358905,42358905,7000,6078,7000,6078,SIBC
2026-04-24,1.45,7032520,7032520,2800,2534,2800,2534,DATA
2026-04-24,7.5,11688680,11688680,3655,3262,3655,3262,Servair
2026-04-24,1.47,19671870,19671870,6900,2852,6900,2852,DATA
2026-04-24,0.0,7650390,7650390,16490,464,16490,464,CORIS_BANK
2026-04-24,6.31,700000,700000,59000,12,59000,12,DATA
2026-04-24,-0.25,19089570,19089570,1995,9555,1995,9555,Sucrivoire
2026-04-24,-3.86,23792325,23792325,3615,6513,3615,6513,DATA
2026-04-24,-4.91,10353405,10353405,3000,3519,3000,3519,DATA
2026-04-24,0.0,1822030,1822030,4800,379,4800,379,Tractafric
2026-04-24,0.0,1822030,1822030,4800,379,4800,379,DATA
2026-04-24,-3.63,22589280,22589280,7700,2906,7700,2906,Palm ci
2026-04-24,0.0,135490,135490,3985,34,3985,34,DATA
2026-04-24,0.0,11906235,11906235,13900,856,13900,856,DATA
2026-04-24,0.0,372582365,372582365,34980,11208,34980,11208,DATA
2026-04-24,0.98,13752990,13752990,8210,1677,8210,1677,BOA_BENIN
2026-04-24,0.0,2342940,2342940,14900,157,14900,157,DATA
2026-04-24,0.0,2342940,2342940,14900,157,14900,157,Orange ci
2026-04-24,7.5,11688680,11688680,3655,3262,3655,3262,DATA
2026-04-24,-3.33,29381712,29381712,29,1018483,29,1018483,DATA
2026-04-24,-1.6,37958485,37958485,1840,21051,1840,21051,AGL
2026-04-24,-0.37,4403665,4403665,2710,1624,2710,1624,Onatel bf
2026-04-24,1.88,13813750,13813750,16300,863,16300,863,DATA
2026-04-24,0.0,30174155,30174155,5400,5585,5400,5585,DATA
2026-04-24,-0.32,42366115,42366115,4670,9068,4670,9068,BOA_MALI
2026-04-24,7.24,66786860,66786860,4175,15996,4175,15996,SAFCA
2026-04-24,0.07,10010975,10010975,7385,1359,7385,1359,Saph
2026-04-27,0.0,2128885,2128885,12375,173,12375,173,Nestle
2026-04-27,0.0,18994565,18994565,1995,9520,1995,9520,Sucrivoire
2026-04-27,0.0,48206425,48206425,4670,10322,4670,10322,BOA_MALI
2026-04-27,0.0,18994565,18994565,1995,9520,1995,9520,DATA
2026-04-27,2.78,3298945,3298945,3700,866,3700,866,DATA
2026-04-27,3.53,88504500,88504500,8500,10665,8500,10665,DATA
2026-04-27,0.36,4073595,4073595,2810,1454,2810,1454,Erium ci
2026-04-27,0.93,109270155,109270155,5450,20173,5450,20173,BOA_BF
2026-04-27,-1.25,9771710,9771710,1580,6103,1580,6103,SEMC
2026-04-27,0.52,10514895,10514895,1950,5499,1950,5499,Vivo energy
2026-04-27,-1.68,21580580,21580580,14650,1458,14650,1458,DATA
2026-04-27,-0.73,83020950,83020950,20350,4253,20350,4253,DATA
2026-04-27,0.72,29579420,29579420,6950,4311,6950,4311,DATA
2026-04-27,3.42,19353915,19353915,3780,5041,3780,5041,Servair
2026-04-27,-0.76,10676550,10676550,3900,2723,3900,2723,DATA
2026-04-27,-0.76,10676550,10676550,3900,2723,3900,2723,LNBB
2026-04-27,1.74,68531775,68531775,8750,7906,8750,7906,DATA
2026-04-27,0.0,83685,83685,3985,21,3985,21,DATA
2026-04-27,-0.31,3490900,3490900,1590,2218,1590,2218,DATA
2026-04-27,1.37,12075910,12075910,3340,3620,3340,3620,DATA
2026-04-27,1.33,3035385,3035385,38000,83,38000,83,DATA
2026-04-27,0.93,109270155,109270155,5450,20173,5450,20173,DATA
2026-04-27,7.28,59119815,59119815,1695,34954,1695,34954,DATA
2026-04-27,-1.02,3906315,3906315,7310,533,7310,533,DATA
2026-04-27,1.74,68531775,68531775,8750,7906,8750,7906,BOA_CI
2026-04-27,-0.63,557230,557230,1590,349,1590,349,Bernabe
2026-04-27,6.89,4316430,4316430,2250,2020,2250,2020,Filtisac
2026-04-27,7.36,823435,823435,63345,13,63345,13,Unilever
2026-04-27,1.33,3035385,3035385,38000,83,38000,83,Solibra
2026-04-27,-0.65,15577825,15577825,7650,1967,7650,1967,DATA
2026-04-27,-5.53,11473240,11473240,3415,3271,3415,3271,BOA_NIGER
2026-04-27,-1.68,21580580,21580580,14650,1458,14650,1458,Orange ci
2026-04-27,-0.07,79346870,79346870,13890,6123,13890,6123,DATA
2026-04-27,-3.69,2796590,2796590,2610,1056,2610,1056,Onatel bf
2026-04-27,0.0,191177850,191177850,28500,6725,28500,6725,DATA
2026-04-27,2.69,8134395,8134395,24400,336,24400,336,DATA
2026-04-27,0.0,10202125,10202125,29,356903,29,356903,ETIT
2026-04-27,0.52,4738380,4738380,11510,412,11510,412,SMBC
2026-04-27,-0.12,18764050,18764050,4170,4496,4170,4496,DATA
2026-04-27,0.24,28261445,28261445,2090,13763,2090,13763,Uniwax
2026-04-27,3.42,19353915,19353915,3780,5041,3780,5041,DATA
2026-04-27,-1.76,3591720,3591720,16200,220,16200,220,DATA
2026-04-27,0.69,972570,972570,7250,135,7250,135,DATA
2026-04-27,-1.43,57256190,57256190,6900,8311,6900,8311,DATA
2026-04-27,0.0,1017315,1017315,4800,215,4800,215,Tractafric
2026-04-27,0.0,8487050,8487050,3000,2792,3000,2792,CIE CI
2026-04-27,0.1,13803515,13803515,5205,2632,5205,2632,DATA
2026-04-27,-2.17,9597235,9597235,1800,5390,1800,5390,AGL
2026-04-27,-2.17,9597235,9597235,1800,5390,1800,5390,DATA
2026-04-27,0.0,10202125,10202125,29,356903,29,356903,DATA
2026-04-27,0.1,13803515,13803515,5205,2632,5205,2632,BICB
2026-04-27,2.6,13428945,13428945,7900,1736,7900,1736,DATA
2026-04-27,-0.65,15577825,15577825,7650,1967,7650,1967,SOGB
2026-04-27,-0.12,18764050,18764050,4170,4496,4170,4496,SAFCA
2026-04-27,-0.31,3490900,3490900,1590,2218,1590,2218,Cfao
2026-04-27,1.37,12075910,12075910,3340,3620,3340,3620,ORAGROUP_TOGO
2026-04-27,-0.63,557230,557230,1590,349,1590,349,DATA
2026-04-27,-3.69,2796590,2796590,2610,1056,2610,1056,DATA
2026-04-27,0.0,1017315,1017315,4800,215,4800,215,DATA
2026-04-27,2.6,13428945,13428945,7900,1736,7900,1736,Palm ci
2026-04-27,0.69,972570,972570,7250,135,7250,135,SODE CI
2026-04-27,0.24,28261445,28261445,2090,13763,2090,13763,DATA
2026-04-27,0.52,10514895,10514895,1950,5499,1950,5499,DATA
2026-04-27,7.28,59119815,59119815,1695,34954,1695,34954,NEI-CEDA
2026-04-27,-0.73,83020950,83020950,20350,4253,20350,4253,Sitab_ci
2026-04-27,0.0,191177850,191177850,28500,6725,28500,6725,Sonatel
2026-04-27,0.52,4738380,4738380,11510,412,11510,412,DATA
2026-04-27,-1.39,5829770,5829770,3200,1819,3200,1819,Total senegal
2026-04-27,-1.43,57256190,57256190,6900,8311,6900,8311,SIBC
2026-04-27,0.0,83685,83685,3985,21,3985,21,Sicor_ci
2026-04-27,2.78,3298945,3298945,3700,866,3700,866,Sicable
2026-04-27,-5.53,11473240,11473240,3415,3271,3415,3271,DATA
2026-04-27,7.36,823435,823435,63345,13,63345,13,DATA
2026-04-27,0.19,20861995,20861995,2705,7688,2705,7688,Total ci
2026-04-27,-1.76,3591720,3591720,16200,220,16200,220,CORIS_BANK
2026-04-27,-1.25,9771710,9771710,1580,6103,1580,6103,DATA
2026-04-27,-1.72,11833350,11833350,16020,738,16020,738,ECOBANK_CI
2026-04-27,-1.02,3906315,3906315,7310,533,7310,533,Saph
2026-04-27,-0.67,132169690,132169690,34745,3958,34745,3958,DATA
2026-04-27,-1.72,11833350,11833350,16020,738,16020,738,DATA
2026-04-27,-0.33,2698885,2698885,2990,944,2990,944,DATA
2026-04-27,-0.67,132169690,132169690,34745,3958,34745,3958,SGB CI
2026-04-27,0.36,4073595,4073595,2810,1454,2810,1454,DATA
2026-04-27,0.0,48206425,48206425,4670,10322,4670,10322,DATA
2026-04-27,0.0,8487050,8487050,3000,2792,3000,2792,DATA
2026-04-27,3.53,88504500,88504500,8500,10665,8500,10665,BOA_BENIN
2026-04-27,-0.07,79346870,79346870,13890,6123,13890,6123,NSIA
2026-04-27,0.19,20861995,20861995,2705,7688,2705,7688,DATA
2026-04-27,2.69,8134395,8134395,24400,336,24400,336,BICC
2026-04-27,0.0,2128885,2128885,12375,173,12375,173,DATA
2026-04-27,-0.33,2698885,2698885,2990,944,2990,944,Setao
2026-04-27,0.72,29579420,29579420,6950,4311,6950,4311,BOA_SN
2026-04-27,6.89,4316430,4316430,2250,2020,2250,2020,DATA
2026-04-27,-1.39,5829770,5829770,3200,1819,3200,1819,DATA
2026-04-28,-0.94,1846380,1846380,4755,385,4755,385,Tractafric
2026-04-28,3.45,3059670,3059670,2700,1150,2700,1150,DATA
2026-04-28,0.25,39950,39950,3995,10,3995,10,DATA
2026-04-28,0.0,17104322,17104322,29,606172,29,606172,DATA
2026-04-28,1.03,7445605,7445605,7385,1038,7385,1038,Saph
2026-04-28,-1.27,9745350,9745350,7800,1251,7800,1251,Palm ci
2026-04-28,-2.63,7125655,7125655,37000,188,37000,188,DATA
2026-04-28,-0.25,7249680,7249680,1990,3635,1990,3635,Sucrivoire
2026-04-28,-0.14,10243965,10243965,6940,1475,6940,1475,DATA
2026-04-28,-3.7,14010145,14010145,15600,872,15600,872,CORIS_BANK
2026-04-28,0.76,15904880,15904880,13995,1139,13995,1139,NSIA
2026-04-28,-1.78,3140255,3140255,2760,1136,2760,1136,DATA
2026-04-28,-7.41,5131775,5131775,3500,1466,3500,1466,Servair
2026-04-28,0.0,24037900,24037900,4170,5765,4170,5765,DATA
2026-04-28,-0.63,6797445,6797445,1580,4479,1580,4479,DATA
2026-04-28,0.33,2704755,2704755,3000,903,3000,903,DATA
2026-04-28,6.0,13734495,13734495,3180,4326,3180,4326,CIE CI
2026-04-28,-0.56,2782750,2782750,1790,1550,1790,1550,DATA
2026-04-28,-5.5,3519040,3519040,1975,1787,1975,1787,DATA
2026-04-28,-0.44,1980425,1980425,2240,883,2240,883,Filtisac
2026-04-28,2.46,62718630,62718630,8965,7090,8965,7090,BOA_CI
2026-04-28,-0.94,1846380,1846380,4755,385,4755,385,DATA
2026-04-28,7.37,61925665,61925665,1820,34843,1820,34843,DATA
2026-04-28,1.45,111487765,111487765,7000,15994,7000,15994,SIBC
2026-04-28,0.65,11238905,11238905,7700,1485,7700,1485,SOGB
2026-04-28,-0.31,3614230,3614230,1585,2298,1585,2298,Bernabe
2026-04-28,0.0,37104505,37104505,5450,6825,5450,6825,DATA
2026-04-28,1.45,111487765,111487765,7000,15994,7000,15994,DATA
2026-04-28,-1.35,30389375,30389375,3295,9341,3295,9341,DATA
2026-04-28,-6.86,366690,366690,59000,6,59000,6,Unilever
2026-04-28,-3.7,14010145,14010145,15600,872,15600,872,DATA
2026-04-28,-0.44,1980425,1980425,2240,883,2240,883,DATA
2026-04-28,2.49,29878700,29878700,3500,8854,3500,8854,BOA_NIGER
2026-04-28,1.64,10603975,10603975,24800,442,24800,442,DATA
2026-04-28,-0.18,7618355,7618355,2700,2813,2700,2813,DATA
2026-04-28,-0.14,10243965,10243965,6940,1475,6940,1475,BOA_SN
2026-04-28,0.0,6751675,6751675,3700,1849,3700,1849,DATA
2026-04-28,-0.73,233489910,233489910,34490,7050,34490,7050,SGB CI
2026-04-28,-0.32,7443170,7443170,1575,4721,1575,4721,SEMC
2026-04-28,0.0,7463025,7463025,1950,3984,1950,3984,Vivo energy
2026-04-28,1.75,6494885,6494885,16300,402,16300,402,ECOBANK_CI
2026-04-28,-0.32,7443170,7443170,1575,4721,1575,4721,DATA
2026-04-28,-1.78,3140255,3140255,2760,1136,2760,1136,Erium ci
2026-04-28,-0.25,7249680,7249680,1990,3635,1990,3635,DATA
2026-04-28,-0.18,7618355,7618355,2700,2813,2700,2813,Total ci
2026-04-28,0.0,6751675,6751675,3700,1849,3700,1849,Sicable
2026-04-28,1.92,15142110,15142110,3975,3858,3975,3858,DATA
2026-04-28,-7.41,5131775,5131775,3500,1466,3500,1466,DATA
2026-04-28,1.25,5773995,5773995,5270,1098,5270,1098,DATA
2026-04-28,1.25,5773995,5773995,5270,1098,5270,1098,BICB
2026-04-28,0.76,15904880,15904880,13995,1139,13995,1139,DATA
2026-04-28,-0.73,233489910,233489910,34490,7050,34490,7050,DATA
2026-04-28,1.75,6494885,6494885,16300,402,16300,402,DATA
2026-04-28,-0.63,2871360,2871360,3180,884,3180,884,Total senegal
2026-04-28,0.0,41867565,41867565,4670,8964,4670,8964,BOA_MALI
2026-04-28,0.0,24037900,24037900,4170,5765,4170,5765,SAFCA
2026-04-28,4.1,11335575,11335575,15250,753,15250,753,DATA
2026-04-28,-1.72,49667570,49667570,20000,2471,20000,2471,Sitab_ci
2026-04-28,1.18,16787515,16787515,8600,1975,8600,1975,DATA
2026-04-28,1.03,7445605,7445605,7385,1038,7385,1038,DATA
2026-04-28,-0.63,2871360,2871360,3180,884,3180,884,DATA
2026-04-28,0.0,7463025,7463025,1950,3984,1950,3984,DATA
2026-04-28,-1.35,30389375,30389375,3295,9341,3295,9341,ORAGROUP_TOGO
2026-04-28,0.0,17104322,17104322,29,606172,29,606172,ETIT
2026-04-28,-0.35,183148845,183148845,28400,6428,28400,6428,DATA
2026-04-28,7.45,5881180,5881180,7790,755,7790,755,SODE CI
2026-04-28,-0.31,3614230,3614230,1585,2298,1585,2298,DATA
2026-04-28,-2.63,7125655,7125655,37000,188,37000,188,Solibra
2026-04-28,-0.63,6797445,6797445,1580,4479,1580,4479,Cfao
2026-04-28,-0.56,2782750,2782750,1790,1550,1790,1550,AGL
2026-04-28,6.0,13734495,13734495,3180,4326,3180,4326,DATA
2026-04-28,-6.86,366690,366690,59000,6,59000,6,DATA
2026-04-28,-1.72,49667570,49667570,20000,2471,20000,2471,DATA
2026-04-28,0.0,41867565,41867565,4670,8964,4670,8964,DATA
2026-04-28,3.45,3059670,3059670,2700,1150,2700,1150,Onatel bf
2026-04-28,1.18,16787515,16787515,8600,1975,8600,1975,BOA_BENIN
2026-04-28,-5.5,3519040,3519040,1975,1787,1975,1787,Uniwax
2026-04-28,-0.35,183148845,183148845,28400,6428,28400,6428,Sonatel
2026-04-28,4.1,11335575,11335575,15250,753,15250,753,Orange ci
2026-04-28,7.37,61925665,61925665,1820,34843,1820,34843,NEI-CEDA
2026-04-28,2.49,29878700,29878700,3500,8854,3500,8854,DATA
2026-04-28,1.92,15142110,15142110,3975,3858,3975,3858,LNBB
2026-04-28,-7.07,5126950,5126950,11500,440,11500,440,DATA
2026-04-28,1.22,4215975,4215975,11650,364,11650,364,DATA
2026-04-28,0.33,2704755,2704755,3000,903,3000,903,Setao
2026-04-28,1.22,4215975,4215975,11650,364,11650,364,SMBC
2026-04-28,1.64,10603975,10603975,24800,442,24800,442,BICC
2026-04-28,0.25,39950,39950,3995,10,3995,10,Sicor_ci
2026-04-28,-1.27,9745350,9745350,7800,1251,7800,1251,DATA
2026-04-28,7.45,5881180,5881180,7790,755,7790,755,DATA
2026-04-28,2.46,62718630,62718630,8965,7090,8965,7090,DATA
2026-04-28,0.65,11238905,11238905,7700,1485,7700,1485,DATA
2026-04-28,-7.07,5126950,5126950,11500,440,11500,440,Nestle
2026-04-28,0.0,37104505,37104505,5450,6825,5450,6825,BOA_BF
2026-04-29,1.06,353007740,353007740,28700,12315,28700,12315,Sonatel
2026-04-29,0.0,9985518,9985518,29,350980,29,350980,ETIT
2026-04-29,-0.11,3513250,3513250,4750,746,4750,746,DATA
2026-04-29,0.0,8492780,8492780,1975,4321,1975,4321,Uniwax
2026-04-29,1.06,353007740,353007740,28700,12315,28700,12315,DATA
2026-04-29,0.0,6173210,6173210,37000,166,37000,166,Solibra
2026-04-29,-0.11,3513250,3513250,4750,746,4750,746,Tractafric
2026-04-29,2.57,113574840,113574840,9195,12549,9195,12549,DATA
2026-04-29,-1.89,1791440,1791440,3900,457,3900,457,DATA
2026-04-29,-0.46,18872810,18872810,3280,5771,3280,5771,DATA
2026-04-29,3.52,5118800,5118800,2795,1900,2795,1900,DATA
2026-04-29,-1.2,3170590,3170590,11510,273,11510,273,DATA
2026-04-29,-0.32,5927395,5927395,7675,770,7675,770,SOGB
2026-04-29,0.0,30550095,30550095,20000,1517,20000,1517,DATA
2026-04-29,1.67,1482245,1482245,3050,485,3050,485,DATA
2026-04-29,0.0,6173210,6173210,37000,166,37000,166,DATA
2026-04-29,1.43,65631915,65631915,7100,9430,7100,9430,SIBC
2026-04-29,-3.16,2700295,2700295,1530,1725,1530,1725,DATA
2026-04-29,0.2,1704850,1704850,24850,69,24850,69,BICC
2026-04-29,2.2,13737170,13737170,3250,4228,3250,4228,CIE CI
2026-04-29,7.38,132990,132990,4290,31,4290,31,DATA
2026-04-29,7.48,6790500,6790500,12360,565,12360,565,Nestle
2026-04-29,3.55,36969415,36969415,8905,4169,8905,4169,DATA
2026-04-29,0.92,54524840,54524840,5500,9804,5500,9804,DATA
2026-04-29,-3.87,13904305,13904305,14660,928,14660,928,Orange ci
2026-04-29,-0.84,4873790,4873790,1775,2747,1775,2747,DATA
2026-04-29,0.0,12476440,12476440,4670,2671,4670,2671,BOA_MALI
2026-04-29,-3.87,13904305,13904305,14660,928,14660,928,DATA
2026-04-29,-1.26,556340,556340,1565,355,1565,355,Bernabe
2026-04-29,-0.47,1177620,1177620,7350,160,7350,160,Saph
2026-04-29,0.0,8492780,8492780,1975,4321,1975,4321,DATA
2026-04-29,-0.47,1177620,1177620,7350,160,7350,160,DATA
2026-04-29,-0.68,9280935,9280935,13900,665,13900,665,DATA
2026-04-29,0.0,9985518,9985518,29,350980,29,350980,DATA
2026-04-29,-4.32,650582995,650582995,33000,19895,33000,19895,DATA
2026-04-29,-7.43,23924160,23924160,3240,7384,3240,7384,DATA
2026-04-29,0.0,3309600,3309600,1950,1691,1950,1691,DATA
2026-04-29,1.59,10658650,10658650,1600,6645,1600,6645,DATA
2026-04-29,0.0,12476440,12476440,4670,2671,4670,2671,DATA
2026-04-29,-1.53,176518315,176518315,16050,10142,16050,10142,ECOBANK_CI
2026-04-29,-0.46,18872810,18872810,3280,5771,3280,5771,ORAGROUP_TOGO
2026-04-29,-1.26,556340,556340,1565,355,1565,355,DATA
2026-04-29,7.45,5944535,5944535,8370,713,8370,713,SODE CI
2026-04-29,0.86,122658470,122658470,7000,17603,7000,17603,BOA_SN
2026-04-29,1.85,20155610,20155610,2750,7425,2750,7425,DATA
2026-04-29,7.48,6790500,6790500,12360,565,12360,565,DATA
2026-04-29,1.67,1482245,1482245,3050,485,3050,485,Setao
2026-04-29,-1.79,1976670,1976670,2200,887,2200,887,DATA
2026-04-29,2.56,49832505,49832505,16000,3119,16000,3119,DATA
2026-04-29,1.28,9190910,9190910,7900,1173,7900,1173,DATA
2026-04-29,-3.16,2700295,2700295,1530,1725,1530,1725,Cfao
2026-04-29,7.45,5944535,5944535,8370,713,8370,713,DATA
2026-04-29,1.43,65631915,65631915,7100,9430,7100,9430,DATA
2026-04-29,4.17,21173950,21173950,5490,3974,5490,3974,DATA
2026-04-29,4.17,21173950,21173950,5490,3974,5490,3974,BICB
2026-04-29,-4.32,650582995,650582995,33000,19895,33000,19895,SGB CI
2026-04-29,6.78,299800,299800,63000,5,63000,5,Unilever
2026-04-29,0.94,4146920,4146920,3210,1305,3210,1305,DATA
2026-04-29,-1.53,176518315,176518315,16050,10142,16050,10142,DATA
2026-04-29,1.29,9035150,9035150,3545,2571,3545,2571,BOA_NIGER
2026-04-29,0.2,1704850,1704850,24850,69,24850,69,DATA
2026-04-29,6.78,299800,299800,63000,5,63000,5,DATA
2026-04-29,3.85,57012900,57012900,1890,30135,1890,30135,DATA
2026-04-29,2.2,13737170,13737170,3250,4228,3250,4228,DATA
2026-04-29,-1.89,1791440,1791440,3900,457,3900,457,LNBB
2026-04-29,1.35,1226980,1226980,3750,336,3750,336,DATA
2026-04-29,1.59,10658650,10658650,1600,6645,1600,6645,SEMC
2026-04-29,3.55,36969415,36969415,8905,4169,8905,4169,BOA_BENIN
2026-04-29,0.0,3309600,3309600,1950,1691,1950,1691,Vivo energy
2026-04-29,0.94,4146920,4146920,3210,1305,3210,1305,Total senegal
2026-04-29,0.92,54524840,54524840,5500,9804,5500,9804,BOA_BF
2026-04-29,0.18,5861385,5861385,2765,2119,2765,2119,Erium ci
2026-04-29,0.25,9362910,9362910,1995,4699,1995,4699,DATA
2026-04-29,-6.47,10378270,10378270,3900,2571,3900,2571,SAFCA
2026-04-29,1.28,9190910,9190910,7900,1173,7900,1173,Palm ci
2026-04-29,3.85,57012900,57012900,1890,30135,1890,30135,NEI-CEDA
2026-04-29,1.35,1226980,1226980,3750,336,3750,336,Sicable
2026-04-29,0.0,30550095,30550095,20000,1517,20000,1517,Sitab_ci
2026-04-29,1.85,20155610,20155610,2750,7425,2750,7425,Total ci
2026-04-29,2.57,113574840,113574840,9195,12549,9195,12549,BOA_CI
2026-04-29,-0.84,4873790,4873790,1775,2747,1775,2747,AGL
2026-04-29,2.56,49832505,49832505,16000,3119,16000,3119,CORIS_BANK
2026-04-29,-0.32,5927395,5927395,7675,770,7675,770,DATA
2026-04-29,3.52,5118800,5118800,2795,1900,2795,1900,Onatel bf
2026-04-29,7.38,132990,132990,4290,31,4290,31,Sicor_ci
2026-04-29,-1.2,3170590,3170590,11510,273,11510,273,SMBC
2026-04-29,-7.43,23924160,23924160,3240,7384,3240,7384,Servair
2026-04-29,-1.79,1976670,1976670,2200,887,2200,887,Filtisac
2026-04-29,1.29,9035150,9035150,3545,2571,3545,2571,DATA
2026-04-29,0.25,9362910,9362910,1995,4699,1995,4699,Sucrivoire
2026-04-29,0.18,5861385,5861385,2765,2119,2765,2119,DATA
2026-04-29,0.86,122658470,122658470,7000,17603,7000,17603,DATA
2026-04-29,-6.47,10378270,10378270,3900,2571,3900,2571,DATA
2026-04-29,-0.68,9280935,9280935,13900,665,13900,665,NSIA
2026-04-30,-1.48,47270000,47270000,19705,2388,19705,2388,Sitab_ci
2026-04-30,-4.0,36000,36000,3600,10,3600,10,Sicable
2026-04-30,0.0,8609410,8609410,1775,4838,1775,4838,DATA
2026-04-30,0.0,158814515,158814515,28700,5534,28700,5534,Sonatel
2026-04-30,-7.47,22589280,22589280,7310,3082,7310,3082,Palm ci
2026-04-30,0.53,5605275,5605275,1900,2940,1900,2940,NEI-CEDA
2026-04-30,0.0,10217670,10217670,24850,411,24850,411,BICC
2026-04-30,3.68,1272060,1272060,15200,85,15200,85,DATA
2026-04-30,3.24,29680700,29680700,3660,8197,3660,8197,BOA_NIGER
2026-04-30,-3.97,496500,496500,60500,8,60500,8,Unilever
2026-04-30,3.68,1272060,1272060,15200,85,15200,85,Orange ci
2026-04-30,0.0,8609410,8609410,1775,4838,1775,4838,AGL
2026-04-30,-0.77,23479055,23479055,3215,7513,3215,7513,Servair
2026-04-30,0.0,9742178,9742178,29,329063,29,329063,DATA
2026-04-30,-0.36,3149410,3149410,2740,1147,2740,1147,Total ci
2026-04-30,1.25,3395310,3395310,3250,1045,3250,1045,DATA
2026-04-30,1.65,5147355,5147355,11700,442,11700,442,SMBC
2026-04-30,0.0,9742178,9742178,29,329063,29,329063,ETIT
2026-04-30,-3.16,1638455,1638455,4600,349,4600,349,DATA
2026-04-30,1.56,71981280,71981280,16300,4420,16300,4420,DATA
2026-04-30,2.73,10222270,10222270,5650,1822,5650,1822,BOA_BF
2026-04-30,-7.44,14274830,14274830,3610,3947,3610,3947,SAFCA
2026-04-30,0.0,7759760,7759760,3250,2349,3250,2349,DATA
2026-04-30,-0.23,2860875,2860875,2195,1308,2195,1308,Filtisac
2026-04-30,0.0,3758820,3758820,13900,271,13900,271,NSIA
2026-04-30,-4.0,36000,36000,3600,10,3600,10,DATA
2026-04-30,-0.62,20144595,20144595,8850,2258,8850,2258,BOA_BENIN
2026-04-30,0.64,47569610,47569610,7045,6792,7045,6792,DATA
2026-04-30,0.0,1673935,1673935,1600,1047,1600,1047,SEMC
2026-04-30,-7.48,27675115,27675115,6800,4069,6800,4069,DATA
2026-04-30,0.0,10217670,10217670,24850,411,24850,411,DATA
2026-04-30,0.0,338015,338015,1565,216,1565,216,Bernabe
2026-04-30,1.03,1885490,1885490,1970,964,1970,964,Vivo energy
2026-04-30,-1.48,47270000,47270000,19705,2388,19705,2388,DATA
2026-04-30,1.25,3395310,3395310,3250,1045,3250,1045,Total senegal
2026-04-30,-7.49,46231635,46231635,7100,6510,7100,6510,SOGB
2026-04-30,-0.25,5620555,5620555,1990,2822,1990,2822,Sucrivoire
2026-04-30,0.72,2808455,2808455,2785,1017,2785,1017,Erium ci
2026-04-30,-0.62,20144595,20144595,8850,2258,8850,2258,DATA
2026-04-30,0.0,14544545,14544545,4670,3114,4670,3114,BOA_MALI
2026-04-30,-0.77,23479055,23479055,3215,7513,3215,7513,DATA
2026-04-30,-1.28,3911600,3911600,3850,1016,3850,1016,LNBB
2026-04-30,-0.25,5620555,5620555,1990,2822,1990,2822,DATA
2026-04-30,3.32,427795315,427795315,34095,13522,34095,13522,SGB CI
2026-04-30,-3.8,5715980,5715980,1900,3013,1900,3013,DATA
2026-04-30,0.0,609165,609165,2795,221,2795,221,Onatel bf
2026-04-30,-0.05,71251420,71251420,9190,7759,9190,7759,BOA_CI
2026-04-30,1.03,1885490,1885490,1970,964,1970,964,DATA
2026-04-30,3.32,427795315,427795315,34095,13522,34095,13522,DATA
2026-04-30,-0.16,1921910,1921910,12340,157,12340,157,DATA
2026-04-30,1.65,5147355,5147355,11700,442,11700,442,DATA
2026-04-30,7.47,3268715,3268715,8995,364,8995,364,SODE CI
2026-04-30,0.0,609165,609165,2795,221,2795,221,DATA
2026-04-30,-0.36,3149410,3149410,2740,1147,2740,1147,DATA
2026-04-30,0.0,745600,745600,3050,240,3050,240,Setao
2026-04-30,-0.05,71251420,71251420,9190,7759,9190,7759,DATA
2026-04-30,-0.23,2860875,2860875,2195,1308,2195,1308,DATA
2026-04-30,-6.54,1484150,1484150,1430,1026,1430,1026,Cfao
2026-04-30,-0.28,15660645,15660645,7080,2229,7080,2229,DATA
2026-04-30,-3.16,1638455,1638455,4600,349,4600,349,Tractafric
2026-04-30,-0.28,15660645,15660645,7080,2229,7080,2229,SIBC
2026-04-30,0.63,2632000,2632000,16100,166,16100,166,CORIS_BANK
2026-04-30,0.63,2632000,2632000,16100,166,16100,166,DATA
2026-04-30,-7.47,22589280,22589280,7310,3082,7310,3082,DATA
2026-04-30,-3.95,3842200,3842200,35540,107,35540,107,DATA
2026-04-30,0.0,158814515,158814515,28700,5534,28700,5534,DATA
2026-04-30,-3.97,496500,496500,60500,8,60500,8,DATA
2026-04-30,7.47,3268715,3268715,8995,364,8995,364,DATA
2026-04-30,-7.44,14274830,14274830,3610,3947,3610,3947,DATA
2026-04-30,0.53,5605275,5605275,1900,2940,1900,2940,DATA
2026-04-30,0.0,338015,338015,1565,216,1565,216,DATA
2026-04-30,0.64,47569610,47569610,7045,6792,7045,6792,BOA_SN
2026-04-30,-3.28,5084710,5084710,5310,958,5310,958,BICB
2026-04-30,3.24,29680700,29680700,3660,8197,3660,8197,DATA
2026-04-30,-7.48,27675115,27675115,6800,4069,6800,4069,Saph
2026-04-30,2.73,10222270,10222270,5650,1822,5650,1822,DATA
2026-04-30,0.0,1673935,1673935,1600,1047,1600,1047,DATA
2026-04-30,-0.16,1921910,1921910,12340,157,12340,157,Nestle
2026-04-30,-0.91,4467045,4467045,3250,1373,3250,1373,DATA
2026-04-30,0.0,14544545,14544545,4670,3114,4670,3114,DATA
2026-04-30,0.72,2808455,2808455,2785,1017,2785,1017,DATA
2026-04-30,-7.49,46231635,46231635,7100,6510,7100,6510,DATA
2026-04-30,0.0,60060,60060,4290,14,4290,14,DATA
2026-04-30,-1.28,3911600,3911600,3850,1016,3850,1016,DATA
2026-04-30,-0.91,4467045,4467045,3250,1373,3250,1373,ORAGROUP_TOGO
2026-04-30,1.56,71981280,71981280,16300,4420,16300,4420,ECOBANK_CI
2026-04-30,0.0,7759760,7759760,3250,2349,3250,2349,CIE CI
2026-04-30,0.0,3758820,3758820,13900,271,13900,271,DATA
2026-04-30,-3.95,3842200,3842200,35540,107,35540,107,Solibra
2026-04-30,0.0,60060,60060,4290,14,4290,14,Sicor_ci
2026-04-30,-3.28,5084710,5084710,5310,958,5310,958,DATA
2026-04-30,-6.54,1484150,1484150,1430,1026,1430,1026,DATA
2026-04-30,-3.8,5715980,5715980,1900,3013,1900,3013,Uniwax
2026-04-30,0.0,745600,745600,3050,240,3050,240,DATA
2026-05-04,0.6,43014345,43014345,25000,1716,25000,1716,DATA
2026-05-04,-7.48,19421000,19421000,3340,5644,3340,5644,DATA
2026-05-04,5.23,5401600,5401600,37400,146,37400,146,Solibra
2026-05-04,3.45,15796239,15796239,30,537422,30,537422,DATA
2026-05-04,-0.9,6198355,6198355,11595,533,11595,533,DATA
2026-05-04,2.67,87269790,87269790,9435,9437,9435,9437,DATA
2026-05-04,-7.47,28745615,28745615,2975,9521,2975,9521,Servair
2026-05-04,-3.21,252693240,252693240,33000,7837,33000,7837,DATA
2026-05-04,-0.82,32475165,32475165,3630,9029,3630,9029,BOA_NIGER
2026-05-04,0.65,8124525,8124525,3875,2084,3875,2084,DATA
2026-05-04,-4.24,68534870,68534870,7000,10015,7000,10015,Palm ci
2026-05-04,-1.18,40112300,40112300,6720,6318,6720,6318,Saph
2026-05-04,6.92,31794585,31794585,3475,9422,3475,9422,DATA
2026-05-04,-0.54,5853655,5853655,2780,2105,2780,2105,Onatel bf
2026-05-04,0.65,8124525,8124525,3875,2084,3875,2084,LNBB
2026-05-04,2.67,87269790,87269790,9435,9437,9435,9437,BOA_CI
2026-05-04,1.19,34920415,34920415,8955,3898,8955,3898,BOA_BENIN
2026-05-04,0.64,65525505,65525505,4700,14009,4700,14009,DATA
2026-05-04,-0.93,36824080,36824080,12225,2991,12225,2991,DATA
2026-05-04,6.92,31794585,31794585,3475,9422,3475,9422,ORAGROUP_TOGO
2026-05-04,-0.36,9223320,9223320,2775,3324,2775,3324,DATA
2026-05-04,-1.23,9591940,9591940,16100,594,16100,594,ECOBANK_CI
2026-05-04,-0.09,11644545,11644545,5305,2205,5305,2205,BICB
2026-05-04,-7.35,1583400,1583400,1450,1092,1450,1092,DATA
2026-05-04,0.78,50844800,50844800,7100,7204,7100,7204,BOA_SN
2026-05-04,4.5,23419855,23419855,9400,2465,9400,2465,SODE CI
2026-05-04,-2.81,7591915,7591915,1555,4780,1555,4780,DATA
2026-05-04,0.36,27296070,27296070,2750,10095,2750,10095,DATA
2026-05-04,0.0,3463935,3463935,2195,1589,2195,1589,DATA
2026-05-04,-4.24,68534870,68534870,7000,10015,7000,10015,DATA
2026-05-04,0.93,68498150,68498150,16250,4206,16250,4206,DATA
2026-05-04,0.0,1355950,1355950,60500,22,60500,22,DATA
2026-05-04,4.5,23419855,23419855,9400,2465,9400,2465,DATA
2026-05-04,2.82,70904940,70904940,7280,10040,7280,10040,DATA
2026-05-04,-1.05,18747275,18747275,1880,9963,1880,9963,Uniwax
2026-05-04,-0.09,11644545,11644545,5305,2205,5305,2205,DATA
2026-05-04,0.0,6889415,6889415,1430,4899,1430,4899,Cfao
2026-05-04,-3.11,3518960,3518960,2955,1208,2955,1208,Setao
2026-05-04,-0.82,32475165,32475165,3630,9029,3630,9029,DATA
2026-05-04,1.52,6898315,6898315,2000,3463,2000,3463,DATA
2026-05-04,-3.21,252693240,252693240,33000,7837,33000,7837,SGB CI
2026-05-04,-2.81,7591915,7591915,1555,4780,1555,4780,SEMC
2026-05-04,0.78,50844800,50844800,7100,7204,7100,7204,DATA
2026-05-04,1.52,6898315,6898315,2000,3463,2000,3463,Vivo energy
2026-05-04,7.48,57005230,57005230,14940,3817,14940,3817,NSIA
2026-05-04,-7.38,9203550,9203550,3010,2945,3010,2945,Total senegal
2026-05-04,7.29,114868375,114868375,2135,58348,2135,58348,Sucrivoire
2026-05-04,-0.36,9223320,9223320,2775,3324,2775,3324,Erium ci
2026-05-04,-7.47,28745615,28745615,2975,9521,2975,9521,DATA
2026-05-04,7.29,114868375,114868375,2135,58348,2135,58348,DATA
2026-05-04,-3.36,155117010,155117010,5460,28603,5460,28603,BOA_BF
2026-05-04,0.93,68498150,68498150,16250,4206,16250,4206,CORIS_BANK
2026-05-04,-1.32,18176240,18176240,15000,1192,15000,1192,DATA
2026-05-04,-7.48,19421000,19421000,3340,5644,3340,5644,SAFCA
2026-05-04,-7.37,15538610,15538610,1760,8572,1760,8572,NEI-CEDA
2026-05-04,1.53,8811585,8811585,3655,2445,3655,2445,Sicable
2026-05-04,4.03,198554670,198554670,20500,9846,20500,9846,Sitab_ci
2026-05-04,-1.23,9591940,9591940,16100,594,16100,594,DATA
2026-05-04,-5.35,27827810,27827810,1680,16001,1680,16001,AGL
2026-05-04,0.0,1355950,1355950,60500,22,60500,22,Unilever
2026-05-04,0.36,27296070,27296070,2750,10095,2750,10095,Total ci
2026-05-04,-7.38,9203550,9203550,3010,2945,3010,2945,DATA
2026-05-04,1.53,8811585,8811585,3655,2445,3655,2445,DATA
2026-05-04,-7.5,4891755,4891755,4255,1149,4255,1149,Tractafric
2026-05-04,-2.0,77948145,77948145,3185,24243,3185,24243,DATA
2026-05-04,0.0,6889415,6889415,1430,4899,1430,4899,DATA
2026-05-04,0.64,65525505,65525505,4700,14009,4700,14009,BOA_MALI
2026-05-04,5.23,5401600,5401600,37400,146,37400,146,DATA
2026-05-04,0.0,428100,428100,4290,100,4290,100,Sicor_ci
2026-05-04,4.03,198554670,198554670,20500,9846,20500,9846,DATA
2026-05-04,-7.37,15538610,15538610,1760,8572,1760,8572,DATA
2026-05-04,-3.36,155117010,155117010,5460,28603,5460,28603,DATA
2026-05-04,-7.35,1583400,1583400,1450,1092,1450,1092,Bernabe
2026-05-04,3.45,15796239,15796239,30,537422,30,537422,ETIT
2026-05-04,-3.11,3518960,3518960,2955,1208,2955,1208,DATA
2026-05-04,0.0,3463935,3463935,2195,1589,2195,1589,Filtisac
2026-05-04,2.82,70904940,70904940,7280,10040,7280,10040,SIBC
2026-05-04,0.0,428100,428100,4290,100,4290,100,DATA
2026-05-04,-0.9,6198355,6198355,11595,533,11595,533,SMBC
2026-05-04,7.48,57005230,57005230,14940,3817,14940,3817,DATA
2026-05-04,-2.0,77948145,77948145,3185,24243,3185,24243,CIE CI
2026-05-04,1.05,105072570,105072570,29000,3627,29000,3627,Sonatel
2026-05-04,-0.54,5853655,5853655,2780,2105,2780,2105,DATA
2026-05-04,1.19,34920415,34920415,8955,3898,8955,3898,DATA
2026-05-04,-7.5,4891755,4891755,4255,1149,4255,1149,DATA
2026-05-04,-1.05,18747275,18747275,1880,9963,1880,9963,DATA
2026-05-04,1.41,22663575,22663575,7200,3253,7200,3253,SOGB
2026-05-04,-1.18,40112300,40112300,6720,6318,6720,6318,DATA
2026-05-04,1.41,22663575,22663575,7200,3253,7200,3253,DATA
2026-05-04,1.05,105072570,105072570,29000,3627,29000,3627,DATA
2026-05-04,-5.35,27827810,27827810,1680,16001,1680,16001,DATA
2026-05-04,-1.32,18176240,18176240,15000,1192,15000,1192,Orange ci
2026-05-04,-0.93,36824080,36824080,12225,2991,12225,2991,Nestle
2026-05-04,0.6,43014345,43014345,25000,1716,25000,1716,BICC
2026-05-05,-2.66,6335820,6335820,11900,534,11900,534,DATA
2026-05-05,1.7,11212840,11212840,1790,6389,1790,6389,NEI-CEDA
2026-05-05,4.79,58927940,58927940,3500,17411,3500,17411,SAFCA
2026-05-05,3.29,65943355,65943355,9250,7317,9250,7317,BOA_BENIN
2026-05-05,-6.29,43618385,43618385,14000,2991,14000,2991,DATA
2026-05-05,-2.22,56895920,56895920,24445,2291,24445,2291,DATA
2026-05-05,-4.24,6004375,6004375,3500,1684,3500,1684,DATA
2026-05-05,-5.49,40505300,40505300,3010,13197,3010,13197,CIE CI
2026-05-05,0.0,8939330,8939330,2780,3369,2780,3369,DATA
2026-05-05,-0.62,11965860,11965860,16000,747,16000,747,ECOBANK_CI
2026-05-05,-4.24,6004375,6004375,3500,1684,3500,1684,Sicable
2026-05-05,-1.98,6240945,6240945,2720,2266,2720,2266,DATA
2026-05-05,-0.34,324057845,324057845,28900,11179,28900,11179,Sonatel
2026-05-05,-5.49,40505300,40505300,3010,13197,3010,13197,DATA
2026-05-05,-1.04,4873815,4873815,5250,937,5250,937,BICB
2026-05-05,-1.22,26485710,26485710,20250,1298,20250,1298,Sitab_ci
2026-05-05,-7.24,2664445,2664445,1345,1981,1345,1981,DATA
2026-05-05,-7.34,13586790,13586790,1325,10165,1325,10165,DATA
2026-05-05,0.0,21462485,21462485,6720,3226,6720,3226,DATA
2026-05-05,-7.4,7783890,7783890,3940,1971,3940,1971,Tractafric
2026-05-05,-1.22,26485710,26485710,20250,1298,20250,1298,DATA
2026-05-05,-0.18,18370805,18370805,2745,6789,2745,6789,Total ci
2026-05-05,0.0,291720,291720,4290,68,4290,68,DATA
2026-05-05,-2.58,23276620,23276620,2080,10960,2080,10960,Sucrivoire
2026-05-05,-2.58,23276620,23276620,2080,10960,2080,10960,DATA
2026-05-05,-7.48,8362215,8362215,3215,2601,3215,2601,ORAGROUP_TOGO
2026-05-05,-0.33,3927420,3927420,3000,1295,3000,1295,DATA
2026-05-05,4.03,15137455,15137455,3095,5328,3095,5328,DATA
2026-05-05,0.0,23076185,23076185,4700,4930,4700,4930,BOA_MALI
2026-05-05,0.27,12828985,12828985,1885,6859,1885,6859,DATA
2026-05-05,0.0,211036625,211036625,33000,6571,33000,6571,SGB CI
2026-05-05,-3.58,20105100,20105100,3500,5746,3500,5746,DATA
2026-05-05,-0.62,11965860,11965860,16000,747,16000,747,DATA
2026-05-05,-0.33,3927420,3927420,3000,1295,3000,1295,Total senegal
2026-05-05,-7.5,7905155,7905155,1850,4112,1850,4112,DATA
2026-05-05,0.0,6547735,6547735,15000,431,15000,431,DATA
2026-05-05,-1.98,6240945,6240945,2720,2266,2720,2266,Erium ci
2026-05-05,-0.92,18963920,18963920,5410,3505,5410,3505,DATA
2026-05-05,5.56,41820775,41820775,7600,5813,7600,5813,SOGB
2026-05-05,0.0,363000,363000,60500,6,60500,6,Unilever
2026-05-05,-3.54,7215960,7215960,1500,4820,1500,4820,DATA
2026-05-05,0.0,6547735,6547735,15000,431,15000,431,Orange ci
2026-05-05,-7.24,2664445,2664445,1345,1981,1345,1981,Bernabe
2026-05-05,1.76,86672890,86672890,7225,12057,7225,12057,DATA
2026-05-05,-6.29,43618385,43618385,14000,2991,14000,2991,NSIA
2026-05-05,1.14,2590785,2590785,2220,1196,2220,1196,Filtisac
2026-05-05,0.0,23076185,23076185,4700,4930,4700,4930,DATA
2026-05-05,4.79,58927940,58927940,3500,17411,3500,17411,DATA
2026-05-05,-0.92,18963920,18963920,5410,3505,5410,3505,BOA_BF
2026-05-05,-3.54,7215960,7215960,1500,4820,1500,4820,SEMC
2026-05-05,2.68,39313245,39313245,1725,24115,1725,24115,DATA
2026-05-05,-7.48,8362215,8362215,3215,2601,3215,2601,DATA
2026-05-05,0.27,12828985,12828985,1885,6859,1885,6859,Uniwax
2026-05-05,1.7,11212840,11212840,1790,6389,1790,6389,DATA
2026-05-05,-2.22,56895920,56895920,24445,2291,24445,2291,BICC
2026-05-05,-3.33,28284138,28284138,29,985945,29,985945,ETIT
2026-05-05,1.14,2590785,2590785,2220,1196,2220,1196,DATA
2026-05-05,4.43,22646135,22646135,7310,3213,7310,3213,DATA
2026-05-05,2.68,39313245,39313245,1725,24115,1725,24115,AGL
2026-05-05,-2.66,6335820,6335820,11900,534,11900,534,Nestle
2026-05-05,4.03,15137455,15137455,3095,5328,3095,5328,Servair
2026-05-05,-1.04,4873815,4873815,5250,937,5250,937,DATA
2026-05-05,-3.3,10291515,10291515,9090,1131,9090,1131,DATA
2026-05-05,0.0,291720,291720,4290,68,4290,68,Sicor_ci
2026-05-05,-7.5,7905155,7905155,1850,4112,1850,4112,Vivo energy
2026-05-05,0.0,8939330,8939330,2780,3369,2780,3369,Onatel bf
2026-05-05,-0.94,6959100,6959100,37050,188,37050,188,DATA
2026-05-05,4.43,22646135,22646135,7310,3213,7310,3213,Palm ci
2026-05-05,-2.47,33608730,33608730,7100,4772,7100,4772,DATA
2026-05-05,1.94,5086765,5086765,3950,1312,3950,1312,DATA
2026-05-05,-3.33,28284138,28284138,29,985945,29,985945,DATA
2026-05-05,0.0,21462485,21462485,6720,3226,6720,3226,Saph
2026-05-05,1.85,31604650,31604650,16550,1916,16550,1916,DATA
2026-05-05,-0.17,4421070,4421070,2950,1502,2950,1502,Setao
2026-05-05,-6.2,207572855,207572855,8850,23204,8850,23204,BOA_CI
2026-05-05,-7.4,7783890,7783890,3940,1971,3940,1971,DATA
2026-05-05,-0.94,6959100,6959100,37050,188,37050,188,Solibra
2026-05-05,3.29,65943355,65943355,9250,7317,9250,7317,DATA
2026-05-05,1.94,5086765,5086765,3950,1312,3950,1312,LNBB
2026-05-05,1.76,86672890,86672890,7225,12057,7225,12057,BOA_SN
2026-05-05,-7.34,13586790,13586790,1325,10165,1325,10165,Cfao
2026-05-05,1.85,31604650,31604650,16550,1916,16550,1916,CORIS_BANK
2026-05-05,-0.17,4421070,4421070,2950,1502,2950,1502,DATA
2026-05-05,-0.34,324057845,324057845,28900,11179,28900,11179,DATA
2026-05-05,-6.2,207572855,207572855,8850,23204,8850,23204,DATA
2026-05-05,-3.3,10291515,10291515,9090,1131,9090,1131,SODE CI
2026-05-05,-0.39,12384845,12384845,11550,1077,11550,1077,SMBC
2026-05-05,-3.58,20105100,20105100,3500,5746,3500,5746,BOA_NIGER
2026-05-05,-0.39,12384845,12384845,11550,1077,11550,1077,DATA
2026-05-05,-2.47,33608730,33608730,7100,4772,7100,4772,SIBC
2026-05-05,-0.18,18370805,18370805,2745,6789,2745,6789,DATA
2026-05-05,0.0,211036625,211036625,33000,6571,33000,6571,DATA
2026-05-05,0.0,363000,363000,60500,6,60500,6,DATA
2026-05-05,5.56,41820775,41820775,7600,5813,7600,5813,DATA
2026-05-06,-2.32,5279460,5279460,1685,3111,1685,3111,DATA
2026-05-06,1.33,33757655,33757655,15200,2240,15200,2240,Orange ci
2026-05-06,-1.32,6386210,6386210,7500,857,7500,857,DATA
2026-05-06,5.66,5349120,5349120,1400,3910,1400,3910,Cfao
2026-05-06,1.33,33757655,33757655,15200,2240,15200,2240,DATA
2026-05-06,-0.99,9818475,9818475,9000,1087,9000,1087,DATA
2026-05-06,0.63,22400485,22400485,16100,1400,16100,1400,DATA
2026-05-06,-0.18,11318915,11318915,2740,4177,2740,4177,Total ci
2026-05-06,-4.19,12170925,12170925,1715,6595,1715,6595,NEI-CEDA
2026-05-06,-2.48,1131000,1131000,59000,19,59000,19,Unilever
2026-05-06,-0.95,3892025,3892025,5200,757,5200,757,DATA
2026-05-06,0.0,19893015,19893015,3500,5796,3500,5796,SAFCA
2026-05-06,-7.47,33025025,33025025,2975,11099,2975,11099,ORAGROUP_TOGO
2026-05-06,-0.7,28992300,28992300,7050,4086,7050,4086,DATA
2026-05-06,0.0,19893015,19893015,3500,5796,3500,5796,DATA
2026-05-06,3.31,37075065,37075065,2810,13395,2810,13395,DATA
2026-05-06,0.17,1446020,1446020,3005,481,3005,481,DATA
2026-05-06,5.66,5349120,5349120,1400,3910,1400,3910,DATA
2026-05-06,0.0,25379155,25379155,7225,3508,7225,3508,BOA_SN
2026-05-06,-3.39,12759785,12759785,2850,4532,2850,4532,DATA
2026-05-06,-0.95,3892025,3892025,5200,757,5200,757,BICB
2026-05-06,0.63,22400485,22400485,16100,1400,16100,1400,ECOBANK_CI
2026-05-06,6.7,54170985,54170985,7800,7714,7800,7714,DATA
2026-05-06,0.37,3149345,3149345,1350,2376,1350,2376,DATA
2026-05-06,-0.18,11318915,11318915,2740,4177,2740,4177,DATA
2026-05-06,-0.7,28992300,28992300,7050,4086,7050,4086,SIBC
2026-05-06,-2.48,1131000,1131000,59000,19,59000,19,DATA
2026-05-06,-0.99,9818475,9818475,9000,1087,9000,1087,SODE CI
2026-05-06,0.0,12787490,12787490,11900,1076,11900,1076,DATA
2026-05-06,-3.39,12759785,12759785,2850,4532,2850,4532,Setao
2026-05-06,-0.73,102974165,102974165,8785,12058,8785,12058,BOA_CI
2026-05-06,-4.19,12170925,12170925,1715,6595,1715,6595,DATA
2026-05-06,0.07,27967825,27967825,14010,1993,14010,1993,DATA
2026-05-06,-0.43,21188910,21188910,4680,4529,4680,4529,DATA
2026-05-06,2.72,189285185,189285185,20800,9217,20800,9217,Sitab_ci
2026-05-06,-0.9,2990520,2990520,2200,1352,2200,1352,DATA
2026-05-06,0.91,9360165,9360165,16700,563,16700,563,DATA
2026-05-06,-3.33,13423365,13423365,1450,9141,1450,9141,DATA
2026-05-06,-0.09,26528630,26528630,5405,4911,5405,4911,DATA
2026-05-06,6.31,74917615,74917615,3200,24862,3200,24862,CIE CI
2026-05-06,-2.52,5822840,5822840,2710,2185,2710,2185,Onatel bf
2026-05-06,-0.54,12808355,12808355,1840,6988,1840,6988,DATA
2026-05-06,1.21,90190325,90190325,33400,2728,33400,2728,SGB CI
2026-05-06,-1.06,19357740,19357740,1865,10519,1865,10519,Uniwax
2026-05-06,1.21,2696850,2696850,37500,72,37500,72,DATA
2026-05-06,-0.12,94310,94310,4285,22,4285,22,DATA
2026-05-06,-6.09,5502535,5502535,3700,1495,3700,1495,Tractafric
2026-05-06,-2.57,3821000,3821000,3410,1113,3410,1113,Sicable
2026-05-06,-7.47,33025025,33025025,2975,11099,2975,11099,DATA
2026-05-06,0.0,12787490,12787490,11900,1076,11900,1076,Nestle
2026-05-06,0.0,62059600,62059600,3950,15521,3950,15521,DATA
2026-05-06,0.24,41263280,41263280,2085,19817,2085,19817,DATA
2026-05-06,0.0,9158642,9158642,29,316849,29,316849,ETIT
2026-05-06,0.0,269372410,269372410,28900,9322,28900,9322,Sonatel
2026-05-06,-6.09,5502535,5502535,3700,1495,3700,1495,DATA
2026-05-06,-0.43,7085250,7085250,11500,616,11500,616,DATA
2026-05-06,0.17,1446020,1446020,3005,481,3005,481,Total senegal
2026-05-06,3.31,37075065,37075065,2810,13395,2810,13395,Erium ci
2026-05-06,0.37,3149345,3149345,1350,2376,1350,2376,Bernabe
2026-05-06,1.21,90190325,90190325,33400,2728,33400,2728,DATA
2026-05-06,-1.32,6386210,6386210,7500,857,7500,857,SOGB
2026-05-06,-0.9,2990520,2990520,2200,1352,2200,1352,Filtisac
2026-05-06,-0.43,21188910,21188910,4680,4529,4680,4529,BOA_MALI
2026-05-06,0.0,18829865,18829865,3500,5287,3500,5287,BOA_NIGER
2026-05-06,-0.12,94310,94310,4285,22,4285,22,Sicor_ci
2026-05-06,0.0,25379155,25379155,7225,3508,7225,3508,DATA
2026-05-06,0.0,62059600,62059600,3950,15521,3950,15521,LNBB
2026-05-06,-3.33,13423365,13423365,1450,9141,1450,9141,SEMC
2026-05-06,2.72,189285185,189285185,20800,9217,20800,9217,DATA
2026-05-06,-0.54,12808355,12808355,1840,6988,1840,6988,Vivo energy
2026-05-06,-2.57,3821000,3821000,3410,1113,3410,1113,DATA
2026-05-06,-2.52,5822840,5822840,2710,2185,2710,2185,DATA
2026-05-06,0.97,56416580,56416580,9340,6096,9340,6096,BOA_BENIN
2026-05-06,-0.43,7085250,7085250,11500,616,11500,616,SMBC
2026-05-06,6.77,20246030,20246030,7175,2954,7175,2954,DATA
2026-05-06,0.0,18829865,18829865,3500,5287,3500,5287,DATA
2026-05-06,6.31,74917615,74917615,3200,24862,3200,24862,DATA
2026-05-06,0.97,56416580,56416580,9340,6096,9340,6096,DATA
2026-05-06,-2.58,27335720,27335720,3015,8882,3015,8882,DATA
2026-05-06,2.25,11117200,11117200,24995,445,24995,445,BICC
2026-05-06,0.0,9158642,9158642,29,316849,29,316849,DATA
2026-05-06,0.91,9360165,9360165,16700,563,16700,563,CORIS_BANK
2026-05-06,-0.09,26528630,26528630,5405,4911,5405,4911,BOA_BF
2026-05-06,6.77,20246030,20246030,7175,2954,7175,2954,Saph
2026-05-06,0.24,41263280,41263280,2085,19817,2085,19817,Sucrivoire
2026-05-06,0.0,269372410,269372410,28900,9322,28900,9322,DATA
2026-05-06,-0.73,102974165,102974165,8785,12058,8785,12058,DATA
2026-05-06,-1.06,19357740,19357740,1865,10519,1865,10519,DATA
2026-05-06,6.7,54170985,54170985,7800,7714,7800,7714,Palm ci
2026-05-06,-2.58,27335720,27335720,3015,8882,3015,8882,Servair
2026-05-06,2.25,11117200,11117200,24995,445,24995,445,DATA
2026-05-06,-2.32,5279460,5279460,1685,3111,1685,3111,AGL
2026-05-06,1.21,2696850,2696850,37500,72,37500,72,Solibra
2026-05-06,0.07,27967825,27967825,14010,1993,14010,1993,NSIA
2026-05-07,0.0,281367950,281367950,28900,9737,28900,9737,DATA
2026-05-07,-1.33,40693635,40693635,7400,5728,7400,5728,DATA
2026-05-07,-0.18,5542800,5542800,2845,2061,2845,2061,DATA
2026-05-07,-0.13,22608035,22608035,3945,5636,3945,5636,LNBB
2026-05-07,-1.54,14176395,14176395,5120,2755,5120,2755,DATA
2026-05-07,2.99,3867250,3867250,1895,2043,1895,2043,Vivo energy
2026-05-07,-1.11,10035750,10035750,8900,1124,8900,1124,DATA
2026-05-07,0.55,30232060,30232060,7265,4142,7265,4142,BOA_SN
2026-05-07,-1.54,61610640,61610640,8650,7105,8650,7105,DATA
2026-05-07,1.42,30253855,30253855,2850,10754,2850,10754,DATA
2026-05-07,0.0,5775005,5775005,37500,154,37500,154,Solibra
2026-05-07,1.28,14234625,14234625,7900,1823,7900,1823,DATA
2026-05-07,-0.14,4496065,4496065,3695,1232,3695,1232,Tractafric
2026-05-07,0.0,2063025,2063025,2200,939,2200,939,DATA
2026-05-07,4.53,7228920,7228920,3345,2258,3345,2258,DATA
2026-05-07,0.0,5313620,5313620,1400,3848,1400,3848,Cfao
2026-05-07,0.0,5313620,5313620,1400,3848,1400,3848,DATA
2026-05-07,-0.43,117265780,117265780,9300,12617,9300,12617,DATA
2026-05-07,-0.6,16004310,16004310,16600,960,16600,960,CORIS_BANK
2026-05-07,0.17,3404115,3404115,3020,1121,3020,1121,Servair
2026-05-07,-1.54,61610640,61610640,8650,7105,8650,7105,BOA_CI
2026-05-07,-7.39,17697705,17697705,2755,6423,2755,6423,DATA
2026-05-07,-2.68,12949795,12949795,1815,6987,1815,6987,Uniwax
2026-05-07,3.45,49281372,49281372,30,1737782,30,1737782,ETIT
2026-05-07,-0.6,16004310,16004310,16600,960,16600,960,DATA
2026-05-07,1.28,14234625,14234625,7900,1823,7900,1823,Palm ci
2026-05-07,0.0,5775005,5775005,37500,154,37500,154,DATA
2026-05-07,-1.11,10035750,10035750,8900,1124,8900,1124,SODE CI
2026-05-07,-0.13,22608035,22608035,3945,5636,3945,5636,DATA
2026-05-07,-0.14,4496065,4496065,3695,1232,3695,1232,DATA
2026-05-07,-0.73,17543555,17543555,2720,6470,2720,6470,DATA
2026-05-07,2.4,1236800,1236800,2775,447,2775,447,Onatel bf
2026-05-07,-1.68,6618635,6618635,11700,556,11700,556,Nestle
2026-05-07,-1.05,31529235,31529235,7100,4483,7100,4483,Saph
2026-05-07,1.75,14088530,14088530,1745,8176,1745,8176,DATA
2026-05-07,3.45,49281372,49281372,30,1737782,30,1737782,DATA
2026-05-07,3.48,7709090,7709090,11900,638,11900,638,DATA
2026-05-07,0.0,649000,649000,59000,11,59000,11,DATA
2026-05-07,1.2,25338615,25338615,33800,750,33800,750,DATA
2026-05-07,1.42,36869950,36869950,7150,5191,7150,5191,DATA
2026-05-07,1.42,36869950,36869950,7150,5191,7150,5191,SIBC
2026-05-07,0.0,31981120,31981120,3500,9120,3500,9120,BOA_NIGER
2026-05-07,-0.18,5542800,5542800,2845,2061,2845,2061,Setao
2026-05-07,-1.05,31529235,31529235,7100,4483,7100,4483,DATA
2026-05-07,-1.54,14176395,14176395,5120,2755,5120,2755,BICB
2026-05-07,-1.97,3919950,3919950,14900,260,14900,260,Orange ci
2026-05-07,-0.17,5949485,5949485,3000,1956,3000,1956,Total senegal
2026-05-07,4.53,7228920,7228920,3345,2258,3345,2258,CIE CI
2026-05-07,1.2,25338615,25338615,33800,750,33800,750,SGB CI
2026-05-07,-0.17,5949485,5949485,3000,1956,3000,1956,DATA
2026-05-07,1.24,10594600,10594600,16300,659,16300,659,ECOBANK_CI
2026-05-07,6.82,21296975,21296975,1800,12180,1800,12180,DATA
2026-05-07,-1.68,6618635,6618635,11700,556,11700,556,DATA
2026-05-07,0.0,3942600,3942600,3500,1127,3500,1127,DATA
2026-05-07,0.21,5335370,5335370,4690,1139,4690,1139,BOA_MALI
2026-05-07,6.82,21296975,21296975,1800,12180,1800,12180,AGL
2026-05-07,-0.73,17543555,17543555,2720,6470,2720,6470,Total ci
2026-05-07,1.75,14088530,14088530,1745,8176,1745,8176,NEI-CEDA
2026-05-07,0.17,3404115,3404115,3020,1121,3020,1121,DATA
2026-05-07,-7.39,17697705,17697705,2755,6423,2755,6423,ORAGROUP_TOGO
2026-05-07,1.24,10594600,10594600,16300,659,16300,659,DATA
2026-05-07,0.0,649000,649000,59000,11,59000,11,Unilever
2026-05-07,-2.68,12949795,12949795,1815,6987,1815,6987,DATA
2026-05-07,0.35,8600,8600,4300,2,4300,2,DATA
2026-05-07,0.0,31981120,31981120,3500,9120,3500,9120,DATA
2026-05-07,7.43,21628600,21628600,2240,9972,2240,9972,Sucrivoire
2026-05-07,-0.09,24918430,24918430,5400,4613,5400,4613,BOA_BF
2026-05-07,-1.11,1927460,1927460,1335,1454,1335,1454,Bernabe
2026-05-07,-1.97,3919950,3919950,14900,260,14900,260,DATA
2026-05-07,0.0,3942600,3942600,3500,1127,3500,1127,SAFCA
2026-05-07,-0.07,31033780,31033780,14000,2216,14000,2216,NSIA
2026-05-07,-0.29,1325340,1325340,3400,387,3400,387,Sicable
2026-05-07,0.82,9535515,9535515,25200,383,25200,383,DATA
2026-05-07,2.99,3867250,3867250,1895,2043,1895,2043,DATA
2026-05-07,1.42,30253855,30253855,2850,10754,2850,10754,Erium ci
2026-05-07,7.43,21628600,21628600,2240,9972,2240,9972,DATA
2026-05-07,0.96,186249200,186249200,21000,8894,21000,8894,DATA
2026-05-07,-0.07,31033780,31033780,14000,2216,14000,2216,DATA
2026-05-07,0.0,281367950,281367950,28900,9737,28900,9737,Sonatel
2026-05-07,-0.29,1325340,1325340,3400,387,3400,387,DATA
2026-05-07,0.21,5335370,5335370,4690,1139,4690,1139,DATA
2026-05-07,2.4,1236800,1236800,2775,447,2775,447,DATA
2026-05-07,3.48,7709090,7709090,11900,638,11900,638,SMBC
2026-05-07,-0.43,117265780,117265780,9300,12617,9300,12617,BOA_BENIN
2026-05-07,0.96,186249200,186249200,21000,8894,21000,8894,Sitab_ci
2026-05-07,5.17,11102745,11102745,1525,7430,1525,7430,SEMC
2026-05-07,-1.33,40693635,40693635,7400,5728,7400,5728,SOGB
2026-05-07,0.35,8600,8600,4300,2,4300,2,Sicor_ci
2026-05-07,0.55,30232060,30232060,7265,4142,7265,4142,DATA
2026-05-07,0.82,9535515,9535515,25200,383,25200,383,BICC
2026-05-07,-1.11,1927460,1927460,1335,1454,1335,1454,DATA
2026-05-07,5.17,11102745,11102745,1525,7430,1525,7430,DATA
2026-05-07,-0.09,24918430,24918430,5400,4613,5400,4613,DATA
2026-05-07,0.0,2063025,2063025,2200,939,2200,939,Filtisac
2026-05-08,3.07,15510345,15510345,16800,900,16800,900,DATA
2026-05-08,0.0,97139105,97139105,28900,3362,28900,3362,Sonatel
2026-05-08,-1.07,3440290,3440290,1385,2459,1385,2459,Cfao
2026-05-08,-6.5,8925440,8925440,2660,3203,2660,3203,DATA
2026-05-08,-0.55,14600705,14600705,1805,8086,1805,8086,DATA
2026-05-08,0.0,27724320,27724320,3500,7960,3500,7960,SAFCA
2026-05-08,0.0,3397445,3397445,3695,920,3695,920,Tractafric
2026-05-08,1.2,17167990,17167990,16800,1024,16800,1024,CORIS_BANK
2026-05-08,-1.27,10950625,10950625,7800,1399,7800,1399,DATA
2026-05-08,1.08,74320040,74320040,9400,7963,9400,7963,BOA_BENIN
2026-05-08,-2.62,11466305,11466305,1300,8921,1300,8921,DATA
2026-05-08,-0.43,36450690,36450690,3485,10423,3485,10423,DATA
2026-05-08,-0.7,3797100,3797100,7050,539,7050,539,Saph
2026-05-08,2.07,66918560,66918560,34500,1961,34500,1961,DATA
2026-05-08,-1.49,5969495,5969495,2975,1988,2975,1988,DATA
2026-05-08,2.64,7955695,7955695,1945,4166,1945,4166,DATA
2026-05-08,-5.08,833500,833500,56000,14,56000,14,DATA
2026-05-08,-0.45,21741355,21741355,3330,6545,3330,6545,CIE CI
2026-05-08,-1.67,6549025,6549025,2950,2197,2950,2197,Total senegal
2026-05-08,-0.23,429290,429290,4290,100,4290,100,Sicor_ci
2026-05-08,-1.67,6549025,6549025,2950,2197,2950,2197,DATA
2026-05-08,-0.14,8280780,8280780,7390,1124,7390,1124,SOGB
2026-05-08,2.19,5206065,5206065,9095,582,9095,582,SODE CI
2026-05-08,-3.06,184465845,184465845,1745,109506,1745,109506,DATA
2026-05-08,0.0,3397445,3397445,3695,920,3695,920,DATA
2026-05-08,2.19,5206065,5206065,9095,582,9095,582,DATA
2026-05-08,2.64,7955695,7955695,1945,4166,1945,4166,Vivo energy
2026-05-08,-0.77,28800120,28800120,7095,4043,7095,4043,SIBC
2026-05-08,2.38,79937405,79937405,21500,3796,21500,3796,Sitab_ci
2026-05-08,-0.54,1708885,1708885,2760,622,2760,622,DATA
2026-05-08,0.0,15316554,15316554,30,535809,30,535809,DATA
2026-05-08,0.0,10293865,10293865,1745,5933,1745,5933,NEI-CEDA
2026-05-08,0.8,15789310,15789310,11995,1319,11995,1319,DATA
2026-05-08,-0.18,5840915,5840915,2845,2079,2845,2079,DATA
2026-05-08,-7.44,45076200,45076200,2550,17676,2550,17676,ORAGROUP_TOGO
2026-05-08,0.07,18555810,18555810,14010,1323,14010,1323,NSIA
2026-05-08,0.0,6800350,6800350,1525,4479,1525,4479,DATA
2026-05-08,0.21,14929910,14929910,4700,3183,4700,3183,BOA_MALI
2026-05-08,0.0,6800350,6800350,1525,4479,1525,4479,SEMC
2026-05-08,1.72,31748100,31748100,7390,4296,7390,4296,BOA_SN
2026-05-08,1.72,31748100,31748100,7390,4296,7390,4296,DATA
2026-05-08,-3.06,184465845,184465845,1745,109506,1745,109506,AGL
2026-05-08,0.13,5245480,5245480,14920,350,14920,350,DATA
2026-05-08,-0.18,5840915,5840915,2845,2079,2845,2079,Erium ci
2026-05-08,2.07,66918560,66918560,34500,1961,34500,1961,SGB CI
2026-05-08,3.07,15510345,15510345,16800,900,16800,900,ECOBANK_CI
2026-05-08,2.05,20070745,20070745,5225,3826,5225,3826,BICB
2026-05-08,2.38,79937405,79937405,21500,3796,21500,3796,DATA
2026-05-08,0.64,74622980,74622980,8705,8623,8705,8623,BOA_CI
2026-05-08,3.17,26787940,26787940,26000,1041,26000,1041,BICC
2026-05-08,0.91,2127595,2127595,2220,952,2220,952,Filtisac
2026-05-08,0.0,4460000,4460000,37500,118,37500,118,DATA
2026-05-08,-1.07,3440290,3440290,1385,2459,1385,2459,DATA
2026-05-08,0.0,15316554,15316554,30,535809,30,535809,ETIT
2026-05-08,7.37,39042550,39042550,2405,16410,2405,16410,DATA
2026-05-08,0.07,18555810,18555810,14010,1323,14010,1323,DATA
2026-05-08,2.94,3768790,3768790,3500,1096,3500,1096,DATA
2026-05-08,0.0,27724320,27724320,3500,7960,3500,7960,DATA
2026-05-08,-0.7,3797100,3797100,7050,539,7050,539,DATA
2026-05-08,0.0,4460000,4460000,37500,118,37500,118,Solibra
2026-05-08,0.21,14929910,14929910,4700,3183,4700,3183,DATA
2026-05-08,0.64,74622980,74622980,8705,8623,8705,8623,DATA
2026-05-08,1.08,74320040,74320040,9400,7963,9400,7963,DATA
2026-05-08,2.94,3768790,3768790,3500,1096,3500,1096,Sicable
2026-05-08,0.0,7651480,7651480,5400,1414,5400,1414,BOA_BF
2026-05-08,0.0,97139105,97139105,28900,3362,28900,3362,DATA
2026-05-08,7.37,39042550,39042550,2405,16410,2405,16410,Sucrivoire
2026-05-08,1.1,13553565,13553565,2750,4953,2750,4953,DATA
2026-05-08,3.17,26787940,26787940,26000,1041,26000,1041,DATA
2026-05-08,0.13,5245480,5245480,14920,350,14920,350,Orange ci
2026-05-08,0.0,10293865,10293865,1745,5933,1745,5933,DATA
2026-05-08,-0.55,14600705,14600705,1805,8086,1805,8086,Uniwax
2026-05-08,0.0,7651480,7651480,5400,1414,5400,1414,DATA
2026-05-08,0.91,2127595,2127595,2220,952,2220,952,DATA
2026-05-08,-0.54,1708885,1708885,2760,622,2760,622,Onatel bf
2026-05-08,-1.49,5969495,5969495,2975,1988,2975,1988,Servair
2026-05-08,0.8,15789310,15789310,11995,1319,11995,1319,SMBC
2026-05-08,1.1,13553565,13553565,2750,4953,2750,4953,Total ci
2026-05-08,-2.53,22331460,22331460,3845,5802,3845,5802,DATA
2026-05-08,-0.43,10290430,10290430,11650,902,11650,902,DATA
2026-05-08,-0.14,8280780,8280780,7390,1124,7390,1124,DATA
2026-05-08,-0.43,36450690,36450690,3485,10423,3485,10423,BOA_NIGER
2026-05-08,2.05,20070745,20070745,5225,3826,5225,3826,DATA
2026-05-08,-2.62,11466305,11466305,1300,8921,1300,8921,Bernabe
2026-05-08,-0.23,429290,429290,4290,100,4290,100,DATA
2026-05-08,-1.27,10950625,10950625,7800,1399,7800,1399,Palm ci
2026-05-08,-2.53,22331460,22331460,3845,5802,3845,5802,LNBB
2026-05-08,-7.44,45076200,45076200,2550,17676,2550,17676,DATA
2026-05-08,-6.5,8925440,8925440,2660,3203,2660,3203,Setao
2026-05-08,1.2,17167990,17167990,16800,1024,16800,1024,DATA
2026-05-08,-0.77,28800120,28800120,7095,4043,7095,4043,DATA
2026-05-08,-5.08,833500,833500,56000,14,56000,14,Unilever
2026-05-08,-0.45,21741355,21741355,3330,6545,3330,6545,DATA
2026-05-08,-0.43,10290430,10290430,11650,902,11650,902,Nestle
2026-05-11,0.77,14645565,14645565,26200,562,26200,562,DATA
2026-05-11,1.21,13488570,13488570,15100,899,15100,899,DATA
2026-05-11,0.0,29772470,29772470,16800,1765,16800,1765,CORIS_BANK
2026-05-11,0.88,17559315,17559315,12100,1456,12100,1456,SMBC
2026-05-11,-3.57,33226920,33226920,16200,2038,16200,2038,DATA
2026-05-11,0.0,8528405,8528405,3500,2467,3500,2467,Sicable
2026-05-11,-1.0,36424995,36424995,3450,10497,3450,10497,DATA
2026-05-11,-0.9,6789635,6789635,2200,3063,2200,3063,Filtisac
2026-05-11,6.96,536200,536200,59900,9,59900,9,Unilever
2026-05-11,-1.22,5197060,5197060,3650,1415,3650,1415,Tractafric
2026-05-11,-0.43,11037435,11037435,3485,3178,3485,3178,SAFCA
2026-05-11,0.35,478552670,478552670,29000,16538,29000,16538,DATA
2026-05-11,0.0,28206525,28206525,7800,3623,7800,3623,Palm ci
2026-05-11,-0.63,80395785,80395785,8650,9311,8650,9311,BOA_CI
2026-05-11,-5.45,14821200,14821200,2515,5731,2515,5731,DATA
2026-05-11,0.63,37155245,37155245,7140,5233,7140,5233,SIBC
2026-05-11,0.88,17559315,17559315,12100,1456,12100,1456,DATA
2026-05-11,0.05,161978510,161978510,9405,17215,9405,17215,BOA_BENIN
2026-05-11,0.52,3767280,3767280,3865,978,3865,978,LNBB
2026-05-11,0.07,41489880,41489880,7395,5804,7395,5804,DATA
2026-05-11,0.52,3767280,3767280,3865,978,3865,978,DATA
2026-05-11,0.87,32987270,32987270,34800,950,34800,950,DATA
2026-05-11,2.83,20544640,20544640,2000,10403,2000,10403,Vivo energy
2026-05-11,-1.0,36424995,36424995,3450,10497,3450,10497,BOA_NIGER
2026-05-11,-3.9,8517090,8517090,3200,2648,3200,2648,DATA
2026-05-11,-4.29,19767895,19767895,11150,1755,11150,1755,Nestle
2026-05-11,-1.31,6537220,6537220,1505,4314,1505,4314,SEMC
2026-05-11,1.07,2731300,2731300,37900,72,37900,72,DATA
2026-05-11,-0.71,37253630,37253630,7000,5376,7000,5376,Saph
2026-05-11,0.35,24564200,24564200,2855,8733,2855,8733,Erium ci
2026-05-11,-0.36,2129680,2129680,1380,1550,1380,1550,DATA
2026-05-11,-1.69,10118945,10118945,2900,3481,2900,3481,Total senegal
2026-05-11,2.56,171800,171800,4400,40,4400,40,Sicor_ci
2026-05-11,-6.03,28671590,28671590,2260,12393,2260,12393,DATA
2026-05-11,0.0,8528405,8528405,3500,2467,3500,2467,DATA
2026-05-11,7.31,1191685,1191685,1395,895,1395,895,Bernabe
2026-05-11,1.07,2731300,2731300,37900,72,37900,72,Solibra
2026-05-11,-0.63,80395785,80395785,8650,9311,8650,9311,DATA
2026-05-11,0.19,19478735,19478735,5410,3605,5410,3605,BOA_BF
2026-05-11,0.07,41489880,41489880,7395,5804,7395,5804,SOGB
2026-05-11,-4.29,19767895,19767895,11150,1755,11150,1755,DATA
2026-05-11,0.0,33207509,33207509,30,1133788,30,1133788,DATA
2026-05-11,3.64,27329610,27329610,2850,9699,2850,9699,Total ci
2026-05-11,7.45,59027945,59027945,2740,21596,2740,21596,ORAGROUP_TOGO
2026-05-11,0.05,161978510,161978510,9405,17215,9405,17215,DATA
2026-05-11,-0.32,20936915,20936915,4685,4465,4685,4465,DATA
2026-05-11,-0.98,83055540,83055540,21290,3888,21290,3888,Sitab_ci
2026-05-11,-0.43,11037435,11037435,3485,3178,3485,3178,DATA
2026-05-11,-0.71,37253630,37253630,7000,5376,7000,5376,DATA
2026-05-11,1.66,18509970,18509970,1835,10131,1835,10131,DATA
2026-05-11,-1.05,8932125,8932125,5170,1725,5170,1725,DATA
2026-05-11,-1.14,47766600,47766600,13850,3440,13850,3440,DATA
2026-05-11,-2.58,24305370,24305370,1700,14252,1700,14252,DATA
2026-05-11,2.56,171800,171800,4400,40,4400,40,DATA
2026-05-11,-5.45,14821200,14821200,2515,5731,2515,5731,Setao
2026-05-11,0.34,23046165,23046165,2985,7803,2985,7803,DATA
2026-05-11,0.35,24564200,24564200,2855,8733,2855,8733,DATA
2026-05-11,0.0,29772470,29772470,16800,1765,16800,1765,DATA
2026-05-11,0.35,478552670,478552670,29000,16538,29000,16538,Sonatel
2026-05-11,7.31,1191685,1191685,1395,895,1395,895,DATA
2026-05-11,-1.05,8932125,8932125,5170,1725,5170,1725,BICB
2026-05-11,-3.57,33226920,33226920,16200,2038,16200,2038,ECOBANK_CI
2026-05-11,-0.98,83055540,83055540,21290,3888,21290,3888,DATA
2026-05-11,6.96,536200,536200,59900,9,59900,9,DATA
2026-05-11,0.0,4793670,4793670,9095,527,9095,527,SODE CI
2026-05-11,0.0,28206525,28206525,7800,3623,7800,3623,DATA
2026-05-11,-0.32,20936915,20936915,4685,4465,4685,4465,BOA_MALI
2026-05-11,0.81,69820775,69820775,7450,9390,7450,9390,BOA_SN
2026-05-11,0.77,14645565,14645565,26200,562,26200,562,BICC
2026-05-11,-2.17,5926090,5926090,2700,2161,2700,2161,DATA
2026-05-11,0.63,37155245,37155245,7140,5233,7140,5233,DATA
2026-05-11,-1.69,10118945,10118945,2900,3481,2900,3481,DATA
2026-05-11,-2.58,24305370,24305370,1700,14252,1700,14252,AGL
2026-05-11,0.19,19478735,19478735,5410,3605,5410,3605,DATA
2026-05-11,1.66,18509970,18509970,1835,10131,1835,10131,Uniwax
2026-05-11,0.34,23046165,23046165,2985,7803,2985,7803,Servair
2026-05-11,0.0,33207509,33207509,30,1133788,30,1133788,ETIT
2026-05-11,6.02,9059745,9059745,1850,5054,1850,5054,DATA
2026-05-11,0.81,69820775,69820775,7450,9390,7450,9390,DATA
2026-05-11,0.87,32987270,32987270,34800,950,34800,950,SGB CI
2026-05-11,-2.17,5926090,5926090,2700,2161,2700,2161,Onatel bf
2026-05-11,-0.36,2129680,2129680,1380,1550,1380,1550,Cfao
2026-05-11,-1.22,5197060,5197060,3650,1415,3650,1415,DATA
2026-05-11,3.64,27329610,27329610,2850,9699,2850,9699,DATA
2026-05-11,-6.03,28671590,28671590,2260,12393,2260,12393,Sucrivoire
2026-05-11,6.02,9059745,9059745,1850,5054,1850,5054,NEI-CEDA
2026-05-11,-1.31,6537220,6537220,1505,4314,1505,4314,DATA
2026-05-11,7.45,59027945,59027945,2740,21596,2740,21596,DATA
2026-05-11,-1.14,47766600,47766600,13850,3440,13850,3440,NSIA
2026-05-11,2.83,20544640,20544640,2000,10403,2000,10403,DATA
2026-05-11,0.0,4793670,4793670,9095,527,9095,527,DATA
2026-05-11,-3.9,8517090,8517090,3200,2648,3200,2648,CIE CI
2026-05-11,1.21,13488570,13488570,15100,899,15100,899,Orange ci
2026-05-11,-0.9,6789635,6789635,2200,3063,2200,3063,DATA
2026-05-12,7.17,11638415,11638415,1495,7896,1495,7896,Bernabe
2026-05-12,2.17,33459370,33459370,7295,4674,7295,4674,SIBC
2026-05-12,-0.23,114140,114140,4390,26,4390,26,DATA
2026-05-12,0.0,8569055,8569055,3865,2217,3865,2217,DATA
2026-05-12,-0.31,361564440,361564440,28910,12483,28910,12483,Sonatel
2026-05-12,-0.54,17612910,17612910,1825,9600,1825,9600,DATA
2026-05-12,-0.11,19491500,19491500,4680,4155,4680,4155,BOA_MALI
2026-05-12,0.16,104616915,104616915,9420,11117,9420,11117,DATA
2026-05-12,0.64,12644770,12644770,7850,1639,7850,1639,Palm ci
2026-05-12,4.83,4621520,4621520,12685,375,12685,375,SMBC
2026-05-12,0.0,9701545,9701545,30,331249,30,331249,ETIT
2026-05-12,1.1,3109455,3109455,3690,850,3690,850,Tractafric
2026-05-12,0.0,28188865,28188865,5410,5219,5410,5219,DATA
2026-05-12,1.1,3109455,3109455,3690,850,3690,850,DATA
2026-05-12,-0.31,361564440,361564440,28910,12483,28910,12483,DATA
2026-05-12,-0.33,7436600,7436600,15050,492,15050,492,Orange ci
2026-05-12,3.38,5969630,5969630,2600,2364,2600,2364,DATA
2026-05-12,0.0,28961200,28961200,2740,10458,2740,10458,DATA
2026-05-12,-0.74,1594670,1594670,2680,592,2680,592,DATA
2026-05-12,-0.75,63520075,63520075,8585,7396,8585,7396,DATA
2026-05-12,-1.06,17068290,17068290,37500,453,37500,453,Solibra
2026-05-12,-0.07,5839650,5839650,6995,838,6995,838,DATA
2026-05-12,2.65,21392370,21392370,1745,12445,1745,12445,DATA
2026-05-12,0.0,9701545,9701545,30,331249,30,331249,DATA
2026-05-12,0.38,14757815,14757815,26300,561,26300,561,BICC
2026-05-12,-3.0,7102370,7102370,1940,3609,1940,3609,Vivo energy
2026-05-12,-0.07,5839650,5839650,6995,838,6995,838,Saph
2026-05-12,-1.13,63549580,63549580,21050,3004,21050,3004,DATA
2026-05-12,0.0,2753120,2753120,1380,1999,1380,1999,DATA
2026-05-12,2.97,14584590,14584590,3295,4424,3295,4424,CIE CI
2026-05-12,2.16,22963125,22963125,1890,12358,1890,12358,DATA
2026-05-12,-2.86,1771050,1771050,3400,514,3400,514,DATA
2026-05-12,7.37,56524595,56524595,3060,19254,3060,19254,Total ci
2026-05-12,3.57,26165565,26165565,17400,1535,17400,1535,DATA
2026-05-12,0.0,78174125,78174125,16200,4831,16200,4831,DATA
2026-05-12,3.57,26165565,26165565,17400,1535,17400,1535,CORIS_BANK
2026-05-12,-6.34,1227370,1227370,56100,21,56100,21,DATA
2026-05-12,2.65,21392370,21392370,1745,12445,1745,12445,AGL
2026-05-12,0.0,28961200,28961200,2740,10458,2740,10458,ORAGROUP_TOGO
2026-05-12,-0.33,7436600,7436600,15050,492,15050,492,DATA
2026-05-12,-0.17,22618910,22618910,2980,7588,2980,7588,Servair
2026-05-12,0.16,104616915,104616915,9420,11117,9420,11117,BOA_BENIN
2026-05-12,0.67,66160735,66160735,7500,8857,7500,8857,DATA
2026-05-12,0.55,59927065,59927065,34990,1717,34990,1717,SGB CI
2026-05-12,-1.9,5800435,5800435,2845,2044,2845,2044,DATA
2026-05-12,-3.0,7102370,7102370,1940,3609,1940,3609,DATA
2026-05-12,0.18,13646730,13646730,2860,4743,2860,4743,DATA
2026-05-12,1.11,18361815,18361815,2285,8131,2285,8131,Sucrivoire
2026-05-12,7.37,56524595,56524595,3060,19254,3060,19254,DATA
2026-05-12,-0.33,6238675,6238675,1500,4159,1500,4159,DATA
2026-05-12,2.16,22963125,22963125,1890,12358,1890,12358,NEI-CEDA
2026-05-12,-0.29,27128620,27128620,13810,1964,13810,1964,NSIA
2026-05-12,-0.17,22618910,22618910,2980,7588,2980,7588,DATA
2026-05-12,-0.11,19491500,19491500,4680,4155,4680,4155,DATA
2026-05-12,-0.54,17612910,17612910,1825,9600,1825,9600,Uniwax
2026-05-12,-1.13,63549580,63549580,21050,3004,21050,3004,Sitab_ci
2026-05-12,7.46,126830280,126830280,3745,33876,3745,33876,DATA
2026-05-12,-0.29,27128620,27128620,13810,1964,13810,1964,DATA
2026-05-12,0.0,78174125,78174125,16200,4831,16200,4831,ECOBANK_CI
2026-05-12,0.58,8201500,8201500,5200,1578,5200,1578,BICB
2026-05-12,0.64,12644770,12644770,7850,1639,7850,1639,DATA
2026-05-12,0.67,66160735,66160735,7500,8857,7500,8857,BOA_SN
2026-05-12,-6.34,1227370,1227370,56100,21,56100,21,Unilever
2026-05-12,7.17,11638415,11638415,1495,7896,1495,7896,DATA
2026-05-12,7.46,126830280,126830280,3745,33876,3745,33876,SAFCA
2026-05-12,1.82,3980815,3980815,2240,1798,2240,1798,DATA
2026-05-12,0.0,8569055,8569055,3865,2217,3865,2217,LNBB
2026-05-12,4.83,4621520,4621520,12685,375,12685,375,DATA
2026-05-12,0.07,16116655,16116655,7400,2237,7400,2237,DATA
2026-05-12,0.55,59927065,59927065,34990,1717,34990,1717,DATA
2026-05-12,-0.29,19710885,19710885,3440,5724,3440,5724,BOA_NIGER
2026-05-12,2.97,14584590,14584590,3295,4424,3295,4424,DATA
2026-05-12,4.93,5475850,5475850,11700,470,11700,470,Nestle
2026-05-12,0.0,2753120,2753120,1380,1999,1380,1999,Cfao
2026-05-12,-0.33,6238675,6238675,1500,4159,1500,4159,SEMC
2026-05-12,-1.06,17068290,17068290,37500,453,37500,453,DATA
2026-05-12,3.3,12951190,12951190,9395,1414,9395,1414,DATA
2026-05-12,4.93,5475850,5475850,11700,470,11700,470,DATA
2026-05-12,1.82,3980815,3980815,2240,1798,2240,1798,Filtisac
2026-05-12,-1.9,5800435,5800435,2845,2044,2845,2044,Total senegal
2026-05-12,0.18,13646730,13646730,2860,4743,2860,4743,Erium ci
2026-05-12,1.11,18361815,18361815,2285,8131,2285,8131,DATA
2026-05-12,-2.86,1771050,1771050,3400,514,3400,514,Sicable
2026-05-12,3.3,12951190,12951190,9395,1414,9395,1414,SODE CI
2026-05-12,3.38,5969630,5969630,2600,2364,2600,2364,Setao
2026-05-12,0.38,14757815,14757815,26300,561,26300,561,DATA
2026-05-12,0.07,16116655,16116655,7400,2237,7400,2237,SOGB
2026-05-12,-0.75,63520075,63520075,8585,7396,8585,7396,BOA_CI
2026-05-12,0.0,28188865,28188865,5410,5219,5410,5219,BOA_BF
2026-05-12,-0.29,19710885,19710885,3440,5724,3440,5724,DATA
2026-05-12,0.58,8201500,8201500,5200,1578,5200,1578,DATA
2026-05-12,-0.74,1594670,1594670,2680,592,2680,592,Onatel bf
2026-05-12,-0.23,114140,114140,4390,26,4390,26,Sicor_ci
2026-05-12,2.17,33459370,33459370,7295,4674,7295,4674,DATA
2026-05-13,7.48,2866055,2866055,60295,48,60295,48,DATA
2026-05-13,0.82,29165275,29165275,1840,16098,1840,16098,Uniwax
2026-05-13,0.0,11933975,11933975,2860,4274,2860,4274,DATA
2026-05-13,2.61,7604670,7604670,2750,2816,2750,2816,Onatel bf
2026-05-13,-0.11,14135970,14135970,4675,3021,4675,3021,BOA_MALI
2026-05-13,5.29,21608240,21608240,1990,11437,1990,11437,DATA
2026-05-13,-0.09,13169135,13169135,5405,2437,5405,2437,DATA
2026-05-13,7.25,8348030,8348030,1480,5983,1480,5983,DATA
2026-05-13,0.07,38889540,38889540,7300,5392,7300,5392,SIBC
2026-05-13,1.32,2579935,2579935,37995,68,37995,68,DATA
2026-05-13,0.68,4789235,4789235,7450,646,7450,646,DATA
2026-05-13,0.17,100824610,100824610,8600,11731,8600,11731,BOA_CI
2026-05-13,-1.31,25203800,25203800,3395,7385,3395,7385,DATA
2026-05-13,0.45,4900975,4900975,2250,2187,2250,2187,Filtisac
2026-05-13,7.5,9007225,9007225,2795,3322,2795,3322,DATA
2026-05-13,0.68,4789235,4789235,7450,646,7450,646,SOGB
2026-05-13,3.09,8806265,8806265,2000,4436,2000,4436,Vivo energy
2026-05-13,7.47,137417735,137417735,18700,7809,18700,7809,CORIS_BANK
2026-05-13,-3.07,15446995,15446995,12295,1256,12295,1256,SMBC
2026-05-13,-4.36,8530535,8530535,2850,2995,2850,2995,Servair
2026-05-13,7.44,47026850,47026850,2455,19357,2455,19357,Sucrivoire
2026-05-13,2.1,35587090,35587090,14100,2554,14100,2554,NSIA
2026-05-13,2.29,8550285,8550285,1785,4814,1785,4814,DATA
2026-05-13,6.68,145733555,145733555,3995,36914,3995,36914,DATA
2026-05-13,2.1,35587090,35587090,14100,2554,14100,2554,DATA
2026-05-13,0.14,152220125,152220125,28950,5261,28950,5261,Sonatel
2026-05-13,0.45,4900975,4900975,2250,2187,2250,2187,DATA
2026-05-13,0.15,14082095,14082095,3300,4285,3300,4285,DATA
2026-05-13,2.94,9846370,9846370,3500,2869,3500,2869,DATA
2026-05-13,-0.23,1467300,1467300,4380,335,4380,335,Sicor_ci
2026-05-13,7.44,47026850,47026850,2455,19357,2455,19357,DATA
2026-05-13,6.33,6448955,6448955,3025,2139,3025,2139,Total senegal
2026-05-13,0.0,11933975,11933975,2860,4274,2860,4274,Erium ci
2026-05-13,-0.85,5027150,5027150,11600,437,11600,437,DATA
2026-05-13,0.15,14082095,14082095,3300,4285,3300,4285,CIE CI
2026-05-13,0.38,4069310,4069310,5220,782,5220,782,BICB
2026-05-13,6.35,5249680,5249680,1590,3439,1590,3439,Bernabe
2026-05-13,-0.85,5027150,5027150,11600,437,11600,437,Nestle
2026-05-13,-1.31,25203800,25203800,3395,7385,3395,7385,BOA_NIGER
2026-05-13,0.01,34379060,34379060,34995,983,34995,983,DATA
2026-05-13,-3.07,15446995,15446995,12295,1256,12295,1256,DATA
2026-05-13,0.01,34379060,34379060,34995,983,34995,983,SGB CI
2026-05-13,5.33,13728950,13728950,1580,8847,1580,8847,SEMC
2026-05-13,0.91,23998245,23998245,3900,6086,3900,6086,DATA
2026-05-13,-0.24,43899945,43899945,21000,2081,21000,2081,Sitab_ci
2026-05-13,2.29,8550285,8550285,1785,4814,1785,4814,AGL
2026-05-13,-0.11,14135970,14135970,4675,3021,4675,3021,DATA
2026-05-13,3.09,8806265,8806265,2000,4436,2000,4436,DATA
2026-05-13,0.73,87348770,87348770,7555,11661,7555,11661,BOA_SN
2026-05-13,-2.12,32445470,32445470,2995,10912,2995,10912,Total ci
2026-05-13,-0.33,20069970,20069970,15000,1336,15000,1336,DATA
2026-05-13,-6.02,29213740,29213740,2575,11184,2575,11184,ORAGROUP_TOGO
2026-05-13,-0.09,13169135,13169135,5405,2437,5405,2437,BOA_BF
2026-05-13,5.33,13728950,13728950,1580,8847,1580,8847,DATA
2026-05-13,0.62,18028440,18028440,16300,1114,16300,1114,DATA
2026-05-13,7.48,2866055,2866055,60295,48,60295,48,Unilever
2026-05-13,-4.36,8530535,8530535,2850,2995,2850,2995,DATA
2026-05-13,6.68,145733555,145733555,3995,36914,3995,36914,SAFCA
2026-05-13,2.94,9846370,9846370,3500,2869,3500,2869,Sicable
2026-05-13,0.38,31795110,31795110,26400,1209,26400,1209,DATA
2026-05-13,5.29,21608240,21608240,1990,11437,1990,11437,NEI-CEDA
2026-05-13,-0.11,26760060,26760060,9410,2844,9410,2844,BOA_BENIN
2026-05-13,0.91,23998245,23998245,3900,6086,3900,6086,LNBB
2026-05-13,6.35,5249680,5249680,1590,3439,1590,3439,DATA
2026-05-13,-0.64,5952945,5952945,7800,765,7800,765,DATA
2026-05-13,0.0,7660538,7660538,30,265017,30,265017,DATA
2026-05-13,7.5,9007225,9007225,2795,3322,2795,3322,Setao
2026-05-13,0.14,3671570,3671570,3695,1004,3695,1004,DATA
2026-05-13,0.73,87348770,87348770,7555,11661,7555,11661,DATA
2026-05-13,-6.02,29213740,29213740,2575,11184,2575,11184,DATA
2026-05-13,0.07,15018440,15018440,7000,2182,7000,2182,DATA
2026-05-13,0.0,7660538,7660538,30,265017,30,265017,ETIT
2026-05-13,0.07,38889540,38889540,7300,5392,7300,5392,DATA
2026-05-13,0.38,31795110,31795110,26400,1209,26400,1209,BICC
2026-05-13,0.38,4069310,4069310,5220,782,5220,782,DATA
2026-05-13,-0.24,43899945,43899945,21000,2081,21000,2081,DATA
2026-05-13,2.61,7604670,7604670,2750,2816,2750,2816,DATA
2026-05-13,7.25,8348030,8348030,1480,5983,1480,5983,Cfao
2026-05-13,-0.23,1467300,1467300,4380,335,4380,335,DATA
2026-05-13,0.82,29165275,29165275,1840,16098,1840,16098,DATA
2026-05-13,1.17,8042660,8042660,9505,821,9505,821,DATA
2026-05-13,7.47,137417735,137417735,18700,7809,18700,7809,DATA
2026-05-13,1.17,8042660,8042660,9505,821,9505,821,SODE CI
2026-05-13,-0.11,26760060,26760060,9410,2844,9410,2844,DATA
2026-05-13,-0.64,5952945,5952945,7800,765,7800,765,Palm ci
2026-05-13,0.07,15018440,15018440,7000,2182,7000,2182,Saph
2026-05-13,0.62,18028440,18028440,16300,1114,16300,1114,ECOBANK_CI
2026-05-13,1.32,2579935,2579935,37995,68,37995,68,Solibra
2026-05-13,0.17,100824610,100824610,8600,11731,8600,11731,DATA
2026-05-13,6.33,6448955,6448955,3025,2139,3025,2139,DATA
2026-05-13,0.14,3671570,3671570,3695,1004,3695,1004,Tractafric
2026-05-13,-2.12,32445470,32445470,2995,10912,2995,10912,DATA
2026-05-13,0.14,152220125,152220125,28950,5261,28950,5261,DATA
2026-05-13,-0.33,20069970,20069970,15000,1336,15000,1336,Orange ci
2026-05-15,0.0,5840100,5840100,2850,2046,2850,2046,DATA
2026-05-15,-0.35,9578125,9578125,2850,3423,2850,3423,DATA
2026-05-15,0.0,22975250,22975250,16300,1413,16300,1413,ECOBANK_CI
2026-05-15,-1.96,11514940,11514940,1750,6580,1750,6580,AGL
2026-05-15,4.16,7630045,7630045,9900,770,9900,770,SODE CI
2026-05-15,-4.75,4013190,4013190,1505,2578,1505,2578,DATA
2026-05-15,-3.52,4672610,4672610,1920,2448,1920,2448,NEI-CEDA
2026-05-15,-1.28,15094475,15094475,7700,1940,7700,1940,DATA
2026-05-15,-0.27,9076250,9076250,1835,4943,1835,4943,Uniwax
2026-05-15,5.07,4842135,4842135,1555,3145,1555,3145,Cfao
2026-05-15,0.53,75524555,75524555,7595,10007,7595,10007,BOA_SN
2026-05-15,-0.13,93240675,93240675,3990,23344,3990,23344,DATA
2026-05-15,-0.3,14774465,14774465,3290,4480,3290,4480,CIE CI
2026-05-15,1.0,9349870,9349870,15150,618,15150,618,DATA
2026-05-15,-0.27,9076250,9076250,1835,4943,1835,4943,DATA
2026-05-15,0.32,46881625,46881625,4690,9992,4690,9992,BOA_MALI
2026-05-15,-3.52,4672610,4672610,1920,2448,1920,2448,DATA
2026-05-15,0.19,24349200,24349200,26450,922,26450,922,BICC
2026-05-15,-0.21,13900520,13900520,6985,2002,6985,2002,DATA
2026-05-15,-3.33,13306236,13306236,29,457607,29,457607,DATA
2026-05-15,4.88,5626045,5626045,12895,450,12895,450,SMBC
2026-05-15,-3.33,13306236,13306236,29,457607,29,457607,ETIT
2026-05-15,0.0,4050965,4050965,3695,1099,3695,1099,Tractafric
2026-05-15,-1.0,6063050,6063050,1980,3053,1980,3053,Vivo energy
2026-05-15,-4.83,5051940,5051940,2660,1815,2660,1815,DATA
2026-05-15,1.0,9349870,9349870,15150,618,15150,618,Orange ci
2026-05-15,-1.28,15094475,15094475,7700,1940,7700,1940,Palm ci
2026-05-15,0.0,6344600,6344600,2250,2808,2250,2808,DATA
2026-05-15,6.38,69360720,69360720,15000,4679,15000,4679,DATA
2026-05-15,-0.11,26592340,26592340,9400,2830,9400,2830,BOA_BENIN
2026-05-15,0.0,11478245,11478245,3900,2881,3900,2881,LNBB
2026-05-15,1.47,33398465,33398465,3445,9702,3445,9702,BOA_NIGER
2026-05-15,1.29,5025430,5025430,11750,431,11750,431,Nestle
2026-05-15,1.29,5025430,5025430,11750,431,11750,431,DATA
2026-05-15,0.35,122626515,122626515,8630,14244,8630,14244,BOA_CI
2026-05-15,-1.71,104450,104450,4305,24,4305,24,Sicor_ci
2026-05-15,-0.35,9578125,9578125,2850,3423,2850,3423,Erium ci
2026-05-15,-0.09,9231335,9231335,5400,1708,5400,1708,BOA_BF
2026-05-15,-0.14,2431180,2431180,3495,695,3495,695,Sicable
2026-05-15,6.44,39228935,39228935,19905,1991,19905,1991,CORIS_BANK
2026-05-15,-0.13,93240675,93240675,3990,23344,3990,23344,SAFCA
2026-05-15,-5.44,61706225,61706225,2435,24717,2435,24717,ORAGROUP_TOGO
2026-05-15,-0.57,4069665,4069665,59950,72,59950,72,Unilever
2026-05-15,-1.0,6063050,6063050,1980,3053,1980,3053,DATA
2026-05-15,0.0,11478245,11478245,3900,2881,3900,2881,DATA
2026-05-15,0.0,6344600,6344600,2250,2808,2250,2808,Filtisac
2026-05-15,-0.57,4069665,4069665,59950,72,59950,72,DATA
2026-05-15,-4.83,5051940,5051940,2660,1815,2660,1815,Setao
2026-05-15,-2.84,13920440,13920440,2910,4805,2910,4805,DATA
2026-05-15,0.0,4050965,4050965,3695,1099,3695,1099,DATA
2026-05-15,-0.17,571888105,571888105,28900,19775,28900,19775,DATA
2026-05-15,-0.38,12529940,12529940,5200,2409,5200,2409,BICB
2026-05-15,1.64,1448815,1448815,2795,522,2795,522,DATA
2026-05-15,0.53,75524555,75524555,7595,10007,7595,10007,DATA
2026-05-15,0.95,33692485,33692485,21200,1601,21200,1601,DATA
2026-05-15,0.19,24349200,24349200,26450,922,26450,922,DATA
2026-05-15,2.74,38303420,38303420,7500,5141,7500,5141,DATA
2026-05-15,-0.66,6584110,6584110,3005,2180,3005,2180,Total senegal
2026-05-15,0.0,5840100,5840100,2850,2046,2850,2046,Servair
2026-05-15,-5.44,61706225,61706225,2435,24717,2435,24717,DATA
2026-05-15,2.83,65719880,65719880,35985,1855,35985,1855,SGB CI
2026-05-15,3.87,29959620,29959620,2550,11831,2550,11831,Sucrivoire
2026-05-15,2.83,65719880,65719880,35985,1855,35985,1855,DATA
2026-05-15,-0.38,12529940,12529940,5200,2409,5200,2409,DATA
2026-05-15,0.47,8319715,8319715,7485,1111,7485,1111,SOGB
2026-05-15,0.47,8319715,8319715,7485,1111,7485,1111,DATA
2026-05-15,6.44,39228935,39228935,19905,1991,19905,1991,DATA
2026-05-15,-0.21,13900520,13900520,6985,2002,6985,2002,Saph
2026-05-15,-1.71,104450,104450,4305,24,4305,24,DATA
2026-05-15,1.64,1448815,1448815,2795,522,2795,522,Onatel bf
2026-05-15,4.16,7630045,7630045,9900,770,9900,770,DATA
2026-05-15,-0.17,571888105,571888105,28900,19775,28900,19775,Sonatel
2026-05-15,6.38,69360720,69360720,15000,4679,15000,4679,NSIA
2026-05-15,2.74,38303420,38303420,7500,5141,7500,5141,SIBC
2026-05-15,1.47,33398465,33398465,3445,9702,3445,9702,DATA
2026-05-15,-2.83,6108185,6108185,1545,3859,1545,3859,Bernabe
2026-05-15,-4.75,4013190,4013190,1505,2578,1505,2578,SEMC
2026-05-15,-2.83,6108185,6108185,1545,3859,1545,3859,DATA
2026-05-15,-0.3,14774465,14774465,3290,4480,3290,4480,DATA
2026-05-15,0.95,33692485,33692485,21200,1601,21200,1601,Sitab_ci
2026-05-15,3.87,29959620,29959620,2550,11831,2550,11831,DATA
2026-05-15,-0.14,2431180,2431180,3495,695,3495,695,DATA
2026-05-15,-1.96,11514940,11514940,1750,6580,1750,6580,DATA
2026-05-15,0.0,22975250,22975250,16300,1413,16300,1413,DATA
2026-05-15,4.88,5626045,5626045,12895,450,12895,450,DATA
2026-05-15,-2.84,13920440,13920440,2910,4805,2910,4805,Total ci
2026-05-15,-0.11,26592340,26592340,9400,2830,9400,2830,DATA
2026-05-15,0.35,122626515,122626515,8630,14244,8630,14244,DATA
2026-05-15,-0.09,9231335,9231335,5400,1708,5400,1708,DATA
2026-05-15,-0.25,5612510,5612510,37900,148,37900,148,Solibra
2026-05-15,-0.25,5612510,5612510,37900,148,37900,148,DATA
2026-05-15,-0.66,6584110,6584110,3005,2180,3005,2180,DATA
2026-05-15,0.32,46881625,46881625,4690,9992,4690,9992,DATA
2026-05-15,5.07,4842135,4842135,1555,3145,1555,3145,DATA
2026-05-18,-3.14,12331890,12331890,1695,7260,1695,7260,DATA
2026-05-18,-3.14,12331890,12331890,1695,7260,1695,7260,AGL
2026-05-18,0.0,9286410,9286410,37900,245,37900,245,DATA
2026-05-18,1.38,130113125,130113125,7700,17111,7700,17111,BOA_SN
2026-05-18,1.04,2638870,2638870,1940,1369,1940,1369,DATA
2026-05-18,-0.25,8555550,8555550,1975,4339,1975,4339,Vivo energy
2026-05-18,-0.5,2179325,2179325,2990,728,2990,728,Total senegal
2026-05-18,0.04,75013040,75013040,36000,2084,36000,2084,DATA
2026-05-18,-3.54,4489975,4489975,1500,2975,1500,2975,DATA
2026-05-18,2.97,54401350,54401350,15600,3521,15600,3521,DATA
2026-05-18,1.22,33714015,33714015,3330,10180,3330,10180,CIE CI
2026-05-18,-0.33,3211420,3211420,1500,2140,1500,2140,SEMC
2026-05-18,0.0,8979280,8979280,5400,1662,5400,1662,DATA
2026-05-18,-6.59,2084125,2084125,56000,37,56000,37,DATA
2026-05-18,-0.17,2759540,2759540,2905,934,2905,934,Total ci
2026-05-18,1.04,2638870,2638870,1940,1369,1940,1369,NEI-CEDA
2026-05-18,0.0,2078975,2078975,1545,1312,1545,1312,Bernabe
2026-05-18,1.22,33714015,33714015,3330,10180,3330,10180,DATA
2026-05-18,-0.26,339270,339270,3890,87,3890,87,DATA
2026-05-18,0.0,12529740,12529740,7700,1652,7700,1652,Palm ci
2026-05-18,-6.67,33795060,33795060,2380,14016,2380,14016,DATA
2026-05-18,-0.18,3202085,3202085,2845,1138,2845,1138,Erium ci
2026-05-18,3.45,27362371,27362371,30,926325,30,926325,DATA
2026-05-18,0.0,40958695,40958695,9400,4370,9400,4370,DATA
2026-05-18,-2.03,3592180,3592180,3620,986,3620,986,Tractafric
2026-05-18,-0.72,2320780,2320780,3470,670,3470,670,DATA
2026-05-18,0.0,9286410,9286410,37900,245,37900,245,Solibra
2026-05-18,0.0,25188210,25188210,26450,953,26450,953,BICC
2026-05-18,7.47,4621395,4621395,10640,454,10640,454,DATA
2026-05-18,-0.18,4467420,4467420,2845,1572,2845,1572,DATA
2026-05-18,-2.03,3592180,3592180,3620,986,3620,986,DATA
2026-05-18,-0.35,428648545,428648545,28800,14844,28800,14844,DATA
2026-05-18,0.0,25188210,25188210,26450,953,26450,953,DATA
2026-05-18,0.0,12529740,12529740,7700,1652,7700,1652,DATA
2026-05-18,0.04,75013040,75013040,36000,2084,36000,2084,SGB CI
2026-05-18,-0.72,2320780,2320780,3470,670,3470,670,Sicable
2026-05-18,0.75,1589410,1589410,2680,595,2680,595,Setao
2026-05-18,-0.27,13291680,13291680,1830,7326,1830,7326,DATA
2026-05-18,2.46,33332595,33332595,2495,13526,2495,13526,DATA
2026-05-18,-1.36,7491935,7491935,6890,1083,6890,1083,Saph
2026-05-18,1.74,2525220,2525220,4380,583,4380,583,DATA
2026-05-18,-6.59,2084125,2084125,56000,37,56000,37,Unilever
2026-05-18,0.0,35302200,35302200,4690,7503,4690,7503,BOA_MALI
2026-05-18,3.45,27362371,27362371,30,926325,30,926325,ETIT
2026-05-18,-1.36,7491935,7491935,6890,1083,6890,1083,DATA
2026-05-18,0.29,97877100,97877100,8655,11322,8655,11322,BOA_CI
2026-05-18,-0.74,16146335,16146335,12800,1298,12800,1298,SMBC
2026-05-18,4.33,74576125,74576125,15650,4875,15650,4875,DATA
2026-05-18,-1.27,38451110,38451110,7390,5136,7390,5136,DATA
2026-05-18,-1.83,18671540,18671540,5105,3639,5105,3639,DATA
2026-05-18,-0.35,428648545,428648545,28800,14844,28800,14844,Sonatel
2026-05-18,4.89,19069200,19069200,2360,8299,2360,8299,DATA
2026-05-18,-3.54,4489975,4489975,1500,2975,1500,2975,Cfao
2026-05-18,2.99,15338545,15338545,20500,761,20500,761,CORIS_BANK
2026-05-18,-0.94,20766590,20766590,21000,986,21000,986,DATA
2026-05-18,1.38,130113125,130113125,7700,17111,7700,17111,DATA
2026-05-18,0.0,83448940,83448940,7500,11053,7500,11053,DATA
2026-05-18,0.29,97877100,97877100,8655,11322,8655,11322,DATA
2026-05-18,2.97,54401350,54401350,15600,3521,15600,3521,Orange ci
2026-05-18,1.31,21789630,21789630,3490,6300,3490,6300,DATA
2026-05-18,4.33,74576125,74576125,15650,4875,15650,4875,NSIA
2026-05-18,-0.25,8555550,8555550,1975,4339,1975,4339,DATA
2026-05-18,-0.26,339270,339270,3890,87,3890,87,LNBB
2026-05-18,0.0,35302200,35302200,4690,7503,4690,7503,DATA
2026-05-18,-0.5,2179325,2179325,2990,728,2990,728,DATA
2026-05-18,-0.74,16146335,16146335,12800,1298,12800,1298,DATA
2026-05-18,-0.18,3202085,3202085,2845,1138,2845,1138,DATA
2026-05-18,0.0,40958695,40958695,9400,4370,9400,4370,BOA_BENIN
2026-05-18,1.74,2525220,2525220,4380,583,4380,583,Sicor_ci
2026-05-18,1.7,8064220,8064220,11950,686,11950,686,Nestle
2026-05-18,-0.94,20766590,20766590,21000,986,21000,986,Sitab_ci
2026-05-18,1.7,8064220,8064220,11950,686,11950,686,DATA
2026-05-18,0.0,8979280,8979280,5400,1662,5400,1662,BOA_BF
2026-05-18,0.0,2078975,2078975,1545,1312,1545,1312,DATA
2026-05-18,2.99,15338545,15338545,20500,761,20500,761,DATA
2026-05-18,0.0,34053270,34053270,16300,2107,16300,2107,DATA
2026-05-18,1.31,21789630,21789630,3490,6300,3490,6300,BOA_NIGER
2026-05-18,0.18,3301230,3301230,2800,1183,2800,1183,Onatel bf
2026-05-18,-0.33,3211420,3211420,1500,2140,1500,2140,DATA
2026-05-18,7.47,4621395,4621395,10640,454,10640,454,SODE CI
2026-05-18,0.75,1589410,1589410,2680,595,2680,595,DATA
2026-05-18,0.25,20123615,20123615,4000,5043,4000,5043,SAFCA
2026-05-18,0.18,3301230,3301230,2800,1183,2800,1183,DATA
2026-05-18,4.89,19069200,19069200,2360,8299,2360,8299,Filtisac
2026-05-18,-1.83,18671540,18671540,5105,3639,5105,3639,BICB
2026-05-18,-0.18,4467420,4467420,2845,1572,2845,1572,Servair
2026-05-18,0.0,34053270,34053270,16300,2107,16300,2107,ECOBANK_CI
2026-05-18,-6.67,33795060,33795060,2380,14016,2380,14016,Sucrivoire
2026-05-18,-1.27,38451110,38451110,7390,5136,7390,5136,SOGB
2026-05-18,0.0,83448940,83448940,7500,11053,7500,11053,SIBC
2026-05-18,2.46,33332595,33332595,2495,13526,2495,13526,ORAGROUP_TOGO
2026-05-18,-0.27,13291680,13291680,1830,7326,1830,7326,Uniwax
2026-05-18,-0.17,2759540,2759540,2905,934,2905,934,DATA
2026-05-18,0.25,20123615,20123615,4000,5043,4000,5043,DATA
2026-05-19,0.0,8431325,8431325,26450,319,26450,319,DATA
2026-05-19,2.07,2603815,2603815,3695,705,3695,705,Tractafric
2026-05-19,0.18,5038135,5038135,2850,1778,2850,1778,Erium ci
2026-05-19,-2.91,1703205,1703205,1500,1073,1500,1073,Bernabe
2026-05-19,-0.17,9205600,9205600,2900,3221,2900,3221,Total ci
2026-05-19,0.0,46529955,46529955,9400,4953,9400,4953,BOA_BENIN
2026-05-19,0.95,48254980,48254980,21200,2294,21200,2294,Sitab_ci
2026-05-19,0.0,27853795,27853795,20500,1358,20500,1358,DATA
2026-05-19,2.6,39259625,39259625,7900,5012,7900,5012,BOA_SN
2026-05-19,-7.35,52121620,52121620,2205,22769,2205,22769,DATA
2026-05-19,3.38,9562335,9562335,11000,863,11000,863,SODE CI
2026-05-19,0.0,19999125,19999125,16300,1234,16300,1234,DATA
2026-05-19,0.75,11263820,11263820,3355,3344,3355,3344,DATA
2026-05-19,-3.0,4543895,4543895,1455,3076,1455,3076,DATA
2026-05-19,-2.91,1703205,1703205,1500,1073,1500,1073,DATA
2026-05-19,1.0,4867915,4867915,3020,1621,3020,1621,DATA
2026-05-19,0.32,47942415,47942415,15650,3056,15650,3056,DATA
2026-05-19,1.0,4867915,4867915,3020,1621,3020,1621,Total senegal
2026-05-19,-0.25,4308235,4308235,3990,1077,3990,1077,SAFCA
2026-05-19,-0.01,60690925,60690925,35995,1685,35995,1685,DATA
2026-05-19,-4.66,4103220,4103220,2250,1776,2250,1776,DATA
2026-05-19,0.0,2417645,2417645,1500,1615,1500,1615,Cfao
2026-05-19,-0.17,9205600,9205600,2900,3221,2900,3221,DATA
2026-05-19,0.0,19999125,19999125,16300,1234,16300,1234,ECOBANK_CI
2026-05-19,-2.02,2748035,2748035,3400,799,3400,799,Sicable
2026-05-19,6.71,40467490,40467490,16700,2469,16700,2469,DATA
2026-05-19,2.25,28577975,28577975,5220,5652,5220,5652,DATA
2026-05-19,-0.58,24405875,24405875,6850,3548,6850,3548,Saph
2026-05-19,0.0,7291750,7291750,1975,3708,1975,3708,DATA
2026-05-19,0.18,561230,561230,56100,10,56100,10,Unilever
2026-05-19,2.25,28577975,28577975,5220,5652,5220,5652,BICB
2026-05-19,0.2,23459955,23459955,2500,9392,2500,9392,ORAGROUP_TOGO
2026-05-19,-0.13,7333875,7333875,7690,953,7690,953,DATA
2026-05-19,-2.02,2748035,2748035,3400,799,3400,799,DATA
2026-05-19,-1.56,6523255,6523255,12600,516,12600,516,DATA
2026-05-19,0.07,25407790,25407790,7505,3375,7505,3375,DATA
2026-05-19,-3.0,4543895,4543895,1455,3076,1455,3076,SEMC
2026-05-19,0.0,5807250,5807250,2845,2046,2845,2046,DATA
2026-05-19,4.48,23173865,23173865,4900,4871,4900,4871,BOA_MALI
2026-05-19,-0.57,14033990,14033990,3470,4031,3470,4031,DATA
2026-05-19,0.32,47942415,47942415,15650,3056,15650,3056,Orange ci
2026-05-19,-0.25,4308235,4308235,3990,1077,3990,1077,DATA
2026-05-19,2.6,39259625,39259625,7900,5012,7900,5012,DATA
2026-05-19,0.95,48254980,48254980,21200,2294,21200,2294,DATA
2026-05-19,0.0,7291750,7291750,1975,3708,1975,3708,Vivo energy
2026-05-19,0.0,17433180,17433180,5400,3227,5400,3227,DATA
2026-05-19,0.88,4586360,4586360,1710,2698,1710,2698,AGL
2026-05-19,0.0,9974035,9974035,1940,5138,1940,5138,DATA
2026-05-19,0.0,2417645,2417645,1500,1615,1500,1615,DATA
2026-05-19,0.0,27853795,27853795,20500,1358,20500,1358,CORIS_BANK
2026-05-19,0.07,25407790,25407790,7505,3375,7505,3375,SIBC
2026-05-19,0.88,4586360,4586360,1710,2698,1710,2698,DATA
2026-05-19,-1.04,4546850,4546850,37505,121,37505,121,DATA
2026-05-19,5.22,456100,456100,2820,166,2820,166,Setao
2026-05-19,0.17,190508080,190508080,28850,6591,28850,6591,Sonatel
2026-05-19,1.62,32139435,32139435,8795,3685,8795,3685,BOA_CI
2026-05-19,-0.57,14033990,14033990,3470,4031,3470,4031,BOA_NIGER
2026-05-19,-1.56,6523255,6523255,12600,516,12600,516,SMBC
2026-05-19,5.22,456100,456100,2820,166,2820,166,DATA
2026-05-19,0.81,13481130,13481130,7450,1833,7450,1833,DATA
2026-05-19,-4.66,4103220,4103220,2250,1776,2250,1776,Filtisac
2026-05-19,1.96,8599315,8599315,2855,3048,2855,3048,DATA
2026-05-19,6.71,40467490,40467490,16700,2469,16700,2469,NSIA
2026-05-19,0.0,5807250,5807250,2845,2046,2845,2046,Servair
2026-05-19,1.96,8599315,8599315,2855,3048,2855,3048,Onatel bf
2026-05-19,-7.35,52121620,52121620,2205,22769,2205,22769,Sucrivoire
2026-05-19,1.62,32139435,32139435,8795,3685,8795,3685,DATA
2026-05-19,0.81,13481130,13481130,7450,1833,7450,1833,SOGB
2026-05-19,3.38,9562335,9562335,11000,863,11000,863,DATA
2026-05-19,1.6,530390,530390,4450,121,4450,121,DATA
2026-05-19,-1.91,8660610,8660610,1795,4795,1795,4795,Uniwax
2026-05-19,0.18,5038135,5038135,2850,1778,2850,1778,DATA
2026-05-19,2.07,2603815,2603815,3695,705,3695,705,DATA
2026-05-19,-0.13,7333875,7333875,7690,953,7690,953,Palm ci
2026-05-19,0.75,11263820,11263820,3355,3344,3355,3344,CIE CI
2026-05-19,0.0,6235968,6235968,30,212957,30,212957,DATA
2026-05-19,-1.26,23025425,23025425,11800,1952,11800,1952,DATA
2026-05-19,0.0,46529955,46529955,9400,4953,9400,4953,DATA
2026-05-19,2.57,4848170,4848170,3990,1236,3990,1236,DATA
2026-05-19,-1.04,4546850,4546850,37505,121,37505,121,Solibra
2026-05-19,0.0,17433180,17433180,5400,3227,5400,3227,BOA_BF
2026-05-19,0.0,8431325,8431325,26450,319,26450,319,BICC
2026-05-19,0.0,6235968,6235968,30,212957,30,212957,ETIT
2026-05-19,-1.26,23025425,23025425,11800,1952,11800,1952,Nestle
2026-05-19,0.18,561230,561230,56100,10,56100,10,DATA
2026-05-19,0.2,23459955,23459955,2500,9392,2500,9392,DATA
2026-05-19,2.57,4848170,4848170,3990,1236,3990,1236,LNBB
2026-05-19,-0.58,24405875,24405875,6850,3548,6850,3548,DATA
2026-05-19,4.48,23173865,23173865,4900,4871,4900,4871,DATA
2026-05-19,-1.91,8660610,8660610,1795,4795,1795,4795,DATA
2026-05-19,0.0,9974035,9974035,1940,5138,1940,5138,NEI-CEDA
2026-05-19,1.6,530390,530390,4450,121,4450,121,Sicor_ci
2026-05-19,0.17,190508080,190508080,28850,6591,28850,6591,DATA
2026-05-19,-0.01,60690925,60690925,35995,1685,35995,1685,SGB CI
2026-05-20,0.0,24834695,24834695,4900,5088,4900,5088,DATA
2026-05-20,-4.76,5308325,5308325,3800,1357,3800,1357,DATA
2026-05-20,-0.94,60312810,60312810,21000,2873,21000,2873,DATA
2026-05-20,0.28,12145445,12145445,5415,2248,5415,2248,BOA_BF
2026-05-20,3.33,1834300,1834300,1550,1219,1550,1219,DATA
2026-05-20,-3.36,249836310,249836310,7200,35633,7200,35633,DATA
2026-05-20,0.06,79229600,79229600,8800,8942,8800,8942,DATA
2026-05-20,3.86,24214450,24214450,7795,3141,7795,3141,DATA
2026-05-20,-0.94,60312810,60312810,21000,2873,21000,2873,Sitab_ci
2026-05-20,-0.48,7909180,7909180,5195,1522,5195,1522,DATA
2026-05-20,-0.79,5678505,5678505,12500,466,12500,466,SMBC
2026-05-20,-0.93,45176345,45176345,15505,2842,15505,2842,Orange ci
2026-05-20,2.22,2998065,2998065,2300,1327,2300,1327,DATA
2026-05-20,0.0,14878205,14878205,3990,3805,3990,3805,LNBB
2026-05-20,-3.51,21407105,21407105,1650,12802,1650,12802,AGL
2026-05-20,0.05,22445290,22445290,9405,2386,9405,2386,BOA_BENIN
2026-05-20,-1.33,2760260,2760260,1480,1858,1480,1858,Cfao
2026-05-20,0.42,19790415,19790415,11850,1679,11850,1679,Nestle
2026-05-20,0.0,14737855,14737855,2500,5890,2500,5890,DATA
2026-05-20,-0.79,5678505,5678505,12500,466,12500,466,DATA
2026-05-20,3.82,360165,360165,4620,78,4620,78,Sicor_ci
2026-05-20,1.9,24125590,24125590,8050,3024,8050,3024,DATA
2026-05-20,0.42,19790415,19790415,11850,1679,11850,1679,DATA
2026-05-20,6.34,102689410,102689410,3690,29157,3690,29157,BOA_NIGER
2026-05-20,3.33,1834300,1834300,1550,1219,1550,1219,Bernabe
2026-05-20,0.0,17432300,17432300,20500,851,20500,851,DATA
2026-05-20,0.0,5959280,5959280,2900,2103,2900,2103,Total ci
2026-05-20,3.82,360165,360165,4620,78,4620,78,DATA
2026-05-20,0.0,8362300,8362300,6850,1215,6850,1215,DATA
2026-05-20,0.15,3265705,3265705,3405,953,3405,953,Sicable
2026-05-20,0.57,108372950,108372950,36200,3006,36200,3006,SGB CI
2026-05-20,0.0,276398150,276398150,28850,9571,28850,9571,DATA
2026-05-20,0.0,11678325,11678325,7690,1527,7690,1527,DATA
2026-05-20,0.15,3265705,3265705,3405,953,3405,953,DATA
2026-05-20,1.82,16875720,16875720,11200,1510,11200,1510,DATA
2026-05-20,2.08,6450590,6450590,27000,241,27000,241,BICC
2026-05-20,0.35,14411675,14411675,2860,5040,2860,5040,Erium ci
2026-05-20,0.05,22445290,22445290,9405,2386,9405,2386,DATA
2026-05-20,0.0,11678325,11678325,7690,1527,7690,1527,Palm ci
2026-05-20,4.08,26465075,26465075,2295,11737,2295,11737,DATA
2026-05-20,0.0,14878205,14878205,3990,3805,3990,3805,DATA
2026-05-20,-2.06,3490315,3490315,1900,1805,1900,1805,NEI-CEDA
2026-05-20,4.32,12362360,12362360,3500,3627,3500,3627,DATA
2026-05-20,5.67,12723420,12723420,2980,4251,2980,4251,Setao
2026-05-20,0.79,66708145,66708145,37800,1771,37800,1771,Solibra
2026-05-20,-1.95,13222350,13222350,1760,7402,1760,7402,Uniwax
2026-05-20,3.39,231900,231900,58000,4,58000,4,Unilever
2026-05-20,0.0,24834695,24834695,4900,5088,4900,5088,BOA_MALI
2026-05-20,4.08,26465075,26465075,2295,11737,2295,11737,Sucrivoire
2026-05-20,0.0,5959280,5959280,2900,2103,2900,2103,DATA
2026-05-20,0.0,11492600,11492600,16300,704,16300,704,ECOBANK_CI
2026-05-20,0.35,2099175,2099175,2855,736,2855,736,Servair
2026-05-20,0.0,3254570,3254570,2855,1142,2855,1142,Onatel bf
2026-05-20,2.22,2998065,2998065,2300,1327,2300,1327,Filtisac
2026-05-20,-0.48,7909180,7909180,5195,1522,5195,1522,BICB
2026-05-20,0.0,276398150,276398150,28850,9571,28850,9571,Sonatel
2026-05-20,7.19,62873020,62873020,17900,3567,17900,3567,DATA
2026-05-20,1.82,16875720,16875720,11200,1510,11200,1510,SODE CI
2026-05-20,0.06,79229600,79229600,8800,8942,8800,8942,BOA_CI
2026-05-20,1.72,3509900,3509900,1480,2367,1480,2367,DATA
2026-05-20,0.79,66708145,66708145,37800,1771,37800,1771,DATA
2026-05-20,1.9,24125590,24125590,8050,3024,8050,3024,BOA_SN
2026-05-20,-0.93,45176345,45176345,15505,2842,15505,2842,DATA
2026-05-20,-1.33,2760260,2760260,1480,1858,1480,1858,DATA
2026-05-20,-2.06,3490315,3490315,1900,1805,1900,1805,DATA
2026-05-20,0.28,12145445,12145445,5415,2248,5415,2248,DATA
2026-05-20,1.72,3509900,3509900,1480,2367,1480,2367,SEMC
2026-05-20,0.0,10184975,10184975,30,345110,30,345110,ETIT
2026-05-20,2.08,6450590,6450590,27000,241,27000,241,DATA
2026-05-20,-1.52,12007975,12007975,1945,6176,1945,6176,DATA
2026-05-20,0.0,17432300,17432300,20500,851,20500,851,CORIS_BANK
2026-05-20,0.0,14737855,14737855,2500,5890,2500,5890,ORAGROUP_TOGO
2026-05-20,-3.36,249836310,249836310,7200,35633,7200,35633,SOGB
2026-05-20,7.19,62873020,62873020,17900,3567,17900,3567,NSIA
2026-05-20,6.34,102689410,102689410,3690,29157,3690,29157,DATA
2026-05-20,0.0,3229385,3229385,3695,874,3695,874,Tractafric
2026-05-20,-4.76,5308325,5308325,3800,1357,3800,1357,SAFCA
2026-05-20,0.99,5385765,5385765,3050,1777,3050,1777,DATA
2026-05-20,0.0,3254570,3254570,2855,1142,2855,1142,DATA
2026-05-20,-1.95,13222350,13222350,1760,7402,1760,7402,DATA
2026-05-20,0.0,10184975,10184975,30,345110,30,345110,DATA
2026-05-20,-1.52,12007975,12007975,1945,6176,1945,6176,Vivo energy
2026-05-20,0.0,11492600,11492600,16300,704,16300,704,DATA
2026-05-20,3.39,231900,231900,58000,4,58000,4,DATA
2026-05-20,-3.51,21407105,21407105,1650,12802,1650,12802,DATA
2026-05-20,3.86,24214450,24214450,7795,3141,7795,3141,SIBC
2026-05-20,0.57,108372950,108372950,36200,3006,36200,3006,DATA
2026-05-20,0.0,3229385,3229385,3695,874,3695,874,DATA
2026-05-20,0.35,2099175,2099175,2855,736,2855,736,DATA
2026-05-20,0.99,5385765,5385765,3050,1777,3050,1777,Total senegal
2026-05-20,4.32,12362360,12362360,3500,3627,3500,3627,CIE CI
2026-05-20,0.0,8362300,8362300,6850,1215,6850,1215,Saph
2026-05-20,0.35,14411675,14411675,2860,5040,2860,5040,DATA
2026-05-20,5.67,12723420,12723420,2980,4251,2980,4251,DATA
2026-05-21,0.38,176862890,176862890,37945,5027,37945,5027,Solibra
2026-05-21,0.0,7855875,7855875,27000,291,27000,291,BICC
2026-05-21,-3.33,23756869,23756869,29,813280,29,813280,DATA
2026-05-21,-3.33,23756869,23756869,29,813280,29,813280,ETIT
2026-05-21,0.0,60814635,60814635,16300,3727,16300,3727,ECOBANK_CI
2026-05-21,0.17,231162635,231162635,28900,8016,28900,8016,DATA
2026-05-21,0.18,4790495,4790495,2860,1675,2860,1675,DATA
2026-05-21,0.0,21776200,21776200,1760,12251,1760,12251,DATA
2026-05-21,0.66,7298285,7298285,6895,1064,6895,1064,DATA
2026-05-21,-0.69,11596410,11596410,2880,4018,2880,4018,DATA
2026-05-21,-0.22,249380,249380,4610,54,4610,54,DATA
2026-05-21,-2.31,8702555,8702555,1900,4616,1900,4616,Vivo energy
2026-05-21,0.82,10894310,10894310,4940,2209,4940,2209,BOA_MALI
2026-05-21,0.0,26995725,26995725,5415,4997,5415,4997,DATA
2026-05-21,0.0,60814635,60814635,16300,3727,16300,3727,DATA
2026-05-21,0.64,21001210,21001210,7845,2631,7845,2631,SIBC
2026-05-21,1.84,5769185,5769185,1935,3049,1935,3049,DATA
2026-05-21,0.34,3086725,3086725,1485,2089,1485,2089,DATA
2026-05-21,0.58,9000275,9000275,5225,1733,5225,1733,DATA
2026-05-21,0.0,155084530,155084530,36200,4304,36200,4304,SGB CI
2026-05-21,-0.89,9299510,9299510,11100,838,11100,838,DATA
2026-05-21,-3.26,3327280,3327280,3860,846,3860,846,DATA
2026-05-21,6.09,2297050,2297050,3920,597,3920,597,DATA
2026-05-21,0.0,155084530,155084530,36200,4304,36200,4304,DATA
2026-05-21,3.28,359900,359900,59900,6,59900,6,Unilever
2026-05-21,6.23,3471820,3471820,3240,1104,3240,1104,Total senegal
2026-05-21,0.94,53702535,53702535,15650,3511,15650,3511,DATA
2026-05-21,-0.69,11596410,11596410,2880,4018,2880,4018,Total ci
2026-05-21,1.01,3904740,3904740,1495,2631,1495,2631,DATA
2026-05-21,2.79,757680,757680,3500,218,3500,218,Sicable
2026-05-21,0.66,7298285,7298285,6895,1064,6895,1064,Saph
2026-05-21,-0.62,32086665,32086665,8000,3977,8000,3977,BOA_SN
2026-05-21,0.0,7855875,7855875,27000,291,27000,291,DATA
2026-05-21,0.0,26995725,26995725,5415,4997,5415,4997,BOA_BF
2026-05-21,0.13,12947380,12947380,7700,1690,7700,1690,DATA
2026-05-21,2.79,757680,757680,3500,218,3500,218,DATA
2026-05-21,-0.17,6040870,6040870,2855,2109,2855,2109,Erium ci
2026-05-21,6.09,2297050,2297050,3920,597,3920,597,Tractafric
2026-05-21,1.01,3904740,3904740,1495,2631,1495,2631,SEMC
2026-05-21,7.41,49781605,49781605,2465,20424,2465,20424,DATA
2026-05-21,-0.89,9299510,9299510,11100,838,11100,838,SODE CI
2026-05-21,3.6,9308625,9308625,2590,3658,2590,3658,ORAGROUP_TOGO
2026-05-21,-1.61,1022200,1022200,1525,669,1525,669,Bernabe
2026-05-21,-4.7,10474110,10474110,2840,3646,2840,3646,Setao
2026-05-21,7.43,43610400,43610400,3760,11638,3760,11638,DATA
2026-05-21,0.27,42598115,42598115,3700,11543,3700,11543,BOA_NIGER
2026-05-21,1.84,5769185,5769185,1935,3049,1935,3049,NEI-CEDA
2026-05-21,0.58,9000275,9000275,5225,1733,5225,1733,BICB
2026-05-21,-0.26,9116425,9116425,3790,2415,3790,2415,SAFCA
2026-05-21,2.42,94113545,94113545,1690,60305,1690,60305,DATA
2026-05-21,7.43,43610400,43610400,3760,11638,3760,11638,CIE CI
2026-05-21,0.16,49468840,49468840,9420,5259,9420,5259,DATA
2026-05-21,0.13,12947380,12947380,7700,1690,7700,1690,Palm ci
2026-05-21,0.0,2503060,2503060,2300,1090,2300,1090,DATA
2026-05-21,0.98,12536130,12536130,20700,604,20700,604,DATA
2026-05-21,0.38,176862890,176862890,37945,5027,37945,5027,DATA
2026-05-21,0.91,48338500,48338500,8880,5467,8880,5467,DATA
2026-05-21,5.95,60324465,60324465,18965,3238,18965,3238,NSIA
2026-05-21,3.16,31513430,31513430,12895,2466,12895,2466,DATA
2026-05-21,-0.26,9116425,9116425,3790,2415,3790,2415,DATA
2026-05-21,-2.31,8702555,8702555,1900,4616,1900,4616,DATA
2026-05-21,0.64,21001210,21001210,7845,2631,7845,2631,DATA
2026-05-21,0.27,42598115,42598115,3700,11543,3700,11543,DATA
2026-05-21,1.19,43949595,43949595,21250,2128,21250,2128,DATA
2026-05-21,6.23,3471820,3471820,3240,1104,3240,1104,DATA
2026-05-21,5.56,37536800,37536800,7600,4945,7600,4945,DATA
2026-05-21,3.16,31513430,31513430,12895,2466,12895,2466,SMBC
2026-05-21,0.98,12536130,12536130,20700,604,20700,604,CORIS_BANK
2026-05-21,3.6,9308625,9308625,2590,3658,2590,3658,DATA
2026-05-21,5.56,37536800,37536800,7600,4945,7600,4945,SOGB
2026-05-21,1.19,43949595,43949595,21250,2128,21250,2128,Sitab_ci
2026-05-21,-0.62,32086665,32086665,8000,3977,8000,3977,DATA
2026-05-21,-3.26,3327280,3327280,3860,846,3860,846,LNBB
2026-05-21,-0.22,249380,249380,4610,54,4610,54,Sicor_ci
2026-05-21,-1.61,1022200,1022200,1525,669,1525,669,DATA
2026-05-21,3.28,359900,359900,59900,6,59900,6,DATA
2026-05-21,0.16,49468840,49468840,9420,5259,9420,5259,BOA_BENIN
2026-05-21,5.4,20026795,20026795,12490,1636,12490,1636,Nestle
2026-05-21,-0.17,6040870,6040870,2855,2109,2855,2109,DATA
2026-05-21,5.4,20026795,20026795,12490,1636,12490,1636,DATA
2026-05-21,0.82,10894310,10894310,4940,2209,4940,2209,DATA
2026-05-21,0.0,21776200,21776200,1760,12251,1760,12251,Uniwax
2026-05-21,0.34,3086725,3086725,1485,2089,1485,2089,Cfao
2026-05-21,0.94,53702535,53702535,15650,3511,15650,3511,Orange ci
2026-05-21,5.95,60324465,60324465,18965,3238,18965,3238,DATA
2026-05-21,2.42,94113545,94113545,1690,60305,1690,60305,AGL
2026-05-21,0.0,2503060,2503060,2300,1090,2300,1090,Filtisac
2026-05-21,0.0,2358845,2358845,2855,823,2855,823,Onatel bf
2026-05-21,0.0,2358845,2358845,2855,823,2855,823,DATA
2026-05-21,0.18,4790495,4790495,2860,1675,2860,1675,Servair
2026-05-21,0.91,48338500,48338500,8880,5467,8880,5467,BOA_CI
2026-05-21,-4.7,10474110,10474110,2840,3646,2840,3646,DATA
2026-05-21,0.17,231162635,231162635,28900,8016,28900,8016,Sonatel
2026-05-21,7.41,49781605,49781605,2465,20424,2465,20424,Sucrivoire
2026-05-22,-0.17,2028820,2028820,2875,705,2875,705,Total ci
2026-05-22,-0.05,7241500,7241500,11095,654,11095,654,SODE CI
2026-05-22,-0.18,1906870,1906870,2850,666,2850,666,Onatel bf
2026-05-22,7.3,117929045,117929045,2645,44608,2645,44608,DATA
2026-05-22,-2.76,30773460,30773460,7390,4296,7390,4296,SOGB
2026-05-22,7.4,6845350,6845350,4210,1657,4210,1657,Tractafric
2026-05-22,0.0,17381740,17381740,37945,458,37945,458,DATA
2026-05-22,1.01,18374290,18374290,4990,3684,4990,3684,DATA
2026-05-22,-0.13,32478595,32478595,7990,4065,7990,4065,DATA
2026-05-22,0.0,598700,598700,3860,155,3860,155,LNBB
2026-05-22,2.11,7000980,7000980,2900,2501,2900,2501,DATA
2026-05-22,0.0,2098375,2098375,2855,735,2855,735,Erium ci
2026-05-22,4.12,9925115,9925115,13005,748,13005,748,DATA
2026-05-22,-0.87,1328350,1328350,2280,579,2280,579,Filtisac
2026-05-22,2.43,1499295,1499295,3585,423,3585,423,DATA
2026-05-22,4.25,13990590,13990590,2700,5237,2700,5237,DATA
2026-05-22,0.59,5028155,5028155,1700,2957,1700,2957,AGL
2026-05-22,-1.5,535500,535500,59000,9,59000,9,DATA
2026-05-22,-4.56,44000,44000,4400,10,4400,10,Sicor_ci
2026-05-22,-1.5,535500,535500,59000,9,59000,9,Unilever
2026-05-22,0.0,16037940,16037940,27000,594,27000,594,DATA
2026-05-22,0.73,430672165,430672165,6945,66106,6945,66106,Saph
2026-05-22,2.84,7987855,7987855,1990,4147,1990,4147,DATA
2026-05-22,-0.11,39928685,39928685,8870,4515,8870,4515,BOA_CI
2026-05-22,2.43,1499295,1499295,3585,423,3585,423,Sicable
2026-05-22,-0.26,3256320,3256320,7680,423,7680,423,DATA
2026-05-22,-0.67,2646445,2646445,1485,1777,1485,1777,DATA
2026-05-22,0.0,2098375,2098375,2855,735,2855,735,DATA
2026-05-22,4.12,9925115,9925115,13005,748,13005,748,Nestle
2026-05-22,0.0,5577350,5577350,1485,3776,1485,3776,DATA
2026-05-22,-1.38,71523480,71523480,28500,2514,28500,2514,Sonatel
2026-05-22,4.02,19713000,19713000,8160,2428,8160,2428,SIBC
2026-05-22,7.3,117929045,117929045,2645,44608,2645,44608,Sucrivoire
2026-05-22,0.0,16037940,16037940,27000,594,27000,594,BICC
2026-05-22,-2.37,19312415,19312415,3700,5455,3700,5455,DATA
2026-05-22,-0.05,7241500,7241500,11095,654,11095,654,DATA
2026-05-22,1.99,11709925,11709925,1795,6592,1795,6592,DATA
2026-05-22,0.73,430672165,430672165,6945,66106,6945,66106,DATA
2026-05-22,-5.09,54572940,54572940,18000,2934,18000,2934,NSIA
2026-05-22,3.45,19977979,19977979,30,683100,30,683100,DATA
2026-05-22,0.0,17381740,17381740,37945,458,37945,458,Solibra
2026-05-22,-0.18,1906870,1906870,2850,666,2850,666,DATA
2026-05-22,-0.11,39928685,39928685,8870,4515,8870,4515,DATA
2026-05-22,3.45,19977979,19977979,30,683100,30,683100,ETIT
2026-05-22,1.99,11709925,11709925,1795,6592,1795,6592,Uniwax
2026-05-22,-1.38,71523480,71523480,28500,2514,28500,2514,DATA
2026-05-22,0.81,22981015,22981015,3730,6204,3730,6204,DATA
2026-05-22,-0.55,200025005,200025005,36000,5555,36000,5555,SGB CI
2026-05-22,-0.26,3256320,3256320,7680,423,7680,423,Palm ci
2026-05-22,4.25,13990590,13990590,2700,5237,2700,5237,ORAGROUP_TOGO
2026-05-22,-4.56,44000,44000,4400,10,4400,10,DATA
2026-05-22,0.52,1587205,1587205,2875,553,2875,553,Servair
2026-05-22,2.11,7000980,7000980,2900,2501,2900,2501,Setao
2026-05-22,0.0,37138690,37138690,12895,2880,12895,2880,SMBC
2026-05-22,1.01,18374290,18374290,4990,3684,4990,3684,BOA_MALI
2026-05-22,7.45,116951840,116951840,4040,28967,4040,28967,DATA
2026-05-22,0.0,15342680,15342680,20700,736,20700,736,CORIS_BANK
2026-05-22,0.81,22981015,22981015,3730,6204,3730,6204,BOA_NIGER
2026-05-22,7.45,116951840,116951840,4040,28967,4040,28967,CIE CI
2026-05-22,-2.76,30773460,30773460,7390,4296,7390,4296,DATA
2026-05-22,2.84,7987855,7987855,1990,4147,1990,4147,NEI-CEDA
2026-05-22,0.0,598700,598700,3860,155,3860,155,DATA
2026-05-22,1.84,3711550,3711550,1935,1980,1935,1980,Vivo energy
2026-05-22,0.12,12975040,12975040,21275,610,21275,610,DATA
2026-05-22,0.59,5028155,5028155,1700,2957,1700,2957,DATA
2026-05-22,-0.64,84803270,84803270,15550,5614,15550,5614,Orange ci
2026-05-22,-4.99,23706405,23706405,8950,2638,8950,2638,DATA
2026-05-22,7.4,6845350,6845350,4210,1657,4210,1657,DATA
2026-05-22,0.46,63241705,63241705,5440,11708,5440,11708,DATA
2026-05-22,0.46,63241705,63241705,5440,11708,5440,11708,BOA_BF
2026-05-22,-0.67,2646445,2646445,1485,1777,1485,1777,SEMC
2026-05-22,-1.39,7288630,7288630,3195,2247,3195,2247,Total senegal
2026-05-22,0.0,37138690,37138690,12895,2880,12895,2880,DATA
2026-05-22,-4.99,23706405,23706405,8950,2638,8950,2638,BOA_BENIN
2026-05-22,0.0,6446100,6446100,5225,1236,5225,1236,DATA
2026-05-22,-1.39,7288630,7288630,3195,2247,3195,2247,DATA
2026-05-22,1.84,3711550,3711550,1935,1980,1935,1980,DATA
2026-05-22,-1.64,2172185,2172185,1500,1423,1500,1423,DATA
2026-05-22,0.0,25728100,25728100,16300,1593,16300,1593,ECOBANK_CI
2026-05-22,0.0,6446100,6446100,5225,1236,5225,1236,BICB
2026-05-22,0.0,25728100,25728100,16300,1593,16300,1593,DATA
2026-05-22,4.02,19713000,19713000,8160,2428,8160,2428,DATA
2026-05-22,-0.87,1328350,1328350,2280,579,2280,579,DATA
2026-05-22,-0.13,32478595,32478595,7990,4065,7990,4065,BOA_SN
2026-05-22,-2.37,19312415,19312415,3700,5455,3700,5455,SAFCA
2026-05-22,0.0,15342680,15342680,20700,736,20700,736,DATA
2026-05-22,0.52,1587205,1587205,2875,553,2875,553,DATA
2026-05-22,-1.64,2172185,2172185,1500,1423,1500,1423,Bernabe
2026-05-22,-5.09,54572940,54572940,18000,2934,18000,2934,DATA
2026-05-22,-0.64,84803270,84803270,15550,5614,15550,5614,DATA
2026-05-22,0.12,12975040,12975040,21275,610,21275,610,Sitab_ci
2026-05-22,0.0,5577350,5577350,1485,3776,1485,3776,Cfao
2026-05-22,-0.17,2028820,2028820,2875,705,2875,705,DATA
2026-05-22,-0.55,200025005,200025005,36000,5555,36000,5555,DATA
2026-05-26,0.0,8515630,8515630,13005,653,13005,653,Nestle
2026-05-26,-4.71,7024370,7024370,1415,4828,1415,4828,SEMC
2026-05-26,3.37,1194960,1194960,3990,306,3990,306,DATA
2026-05-26,0.88,1536710,1536710,2300,665,2300,665,DATA
2026-05-26,0.17,9574465,9574465,38010,251,38010,251,DATA
2026-05-26,-0.59,3088275,3088275,1690,1826,1690,1826,DATA
2026-05-26,-5.48,44590705,44590705,2500,17388,2500,17388,DATA
2026-05-26,-0.67,12491745,12491745,5190,2400,5190,2400,BICB
2026-05-26,-0.74,49510740,49510740,4010,12278,4010,12278,CIE CI
2026-05-26,3.37,1194960,1194960,3990,306,3990,306,LNBB
2026-05-26,0.0,8515630,8515630,13005,653,13005,653,DATA
2026-05-26,-0.51,44042655,44042655,8825,4991,8825,4991,BOA_CI
2026-05-26,0.27,10030000,10030000,3740,2678,3740,2678,DATA
2026-05-26,0.09,4068110,4068110,11105,367,11105,367,SODE CI
2026-05-26,0.27,10030000,10030000,3740,2678,3740,2678,BOA_NIGER
2026-05-26,-3.07,199453160,199453160,7745,25990,7745,25990,DATA
2026-05-26,-5.48,44590705,44590705,2500,17388,2500,17388,Sucrivoire
2026-05-26,0.88,1536710,1536710,2300,665,2300,665,Filtisac
2026-05-26,-0.67,12491745,12491745,5190,2400,5190,2400,DATA
2026-05-26,0.18,5066190,5066190,2855,1805,2855,1805,Onatel bf
2026-05-26,0.0,1075375,1075375,1485,725,1485,725,Cfao
2026-05-26,0.18,5066190,5066190,2855,1805,2855,1805,DATA
2026-05-26,0.17,2633010,2633010,2880,914,2880,914,Servair
2026-05-26,7.41,41432310,41432310,3115,13320,3115,13320,Setao
2026-05-26,-0.74,49510740,49510740,4010,12278,4010,12278,DATA
2026-05-26,1.67,152319985,152319985,36600,4227,36600,4227,SGB CI
2026-05-26,-4.52,3417690,3417690,1900,1725,1900,1725,NEI-CEDA
2026-05-26,-0.56,41564340,41564340,8900,4659,8900,4659,BOA_BENIN
2026-05-26,-0.33,670350,670350,1495,447,1495,447,DATA
2026-05-26,-4.74,955495,955495,56205,17,56205,17,DATA
2026-05-26,-0.23,364600,364600,4390,83,4390,83,DATA
2026-05-26,-3.33,12012994,12012994,29,409392,29,409392,ETIT
2026-05-26,1.48,5984005,5984005,2740,2192,2740,2192,ORAGROUP_TOGO
2026-05-26,1.67,152319985,152319985,36600,4227,36600,4227,DATA
2026-05-26,0.09,4068110,4068110,11105,367,11105,367,DATA
2026-05-26,-0.84,8959595,8959595,1780,5051,1780,5051,DATA
2026-05-26,-0.18,40272445,40272445,28450,1415,28450,1415,DATA
2026-05-26,-0.23,364600,364600,4390,83,4390,83,Sicor_ci
2026-05-26,0.0,6025255,6025255,6945,866,6945,866,DATA
2026-05-26,-5.64,39062745,39062745,7700,4940,7700,4940,SIBC
2026-05-26,-0.17,1988580,1988580,2870,693,2870,693,DATA
2026-05-26,-1.29,2961340,2961340,1910,1531,1910,1531,Vivo energy
2026-05-26,0.0,1075375,1075375,1485,725,1485,725,DATA
2026-05-26,-3.33,12012994,12012994,29,409392,29,409392,DATA
2026-05-26,0.17,9574465,9574465,38010,251,38010,251,Solibra
2026-05-26,7.41,41432310,41432310,3115,13320,3115,13320,DATA
2026-05-26,1.48,5984005,5984005,2740,2192,2740,2192,DATA
2026-05-26,-0.56,41564340,41564340,8900,4659,8900,4659,DATA
2026-05-26,6.18,380980,380980,4470,85,4470,85,Tractafric
2026-05-26,-4.52,3417690,3417690,1900,1725,1900,1725,DATA
2026-05-26,6.18,380980,380980,4470,85,4470,85,DATA
2026-05-26,3.7,4851380,4851380,21465,226,21465,226,DATA
2026-05-26,0.7,3132255,3132255,2875,1098,2875,1098,DATA
2026-05-26,1.56,16318630,16318630,7800,2077,7800,2077,Palm ci
2026-05-26,0.0,30535945,30535945,18000,1697,18000,1697,DATA
2026-05-26,1.1,7969995,7969995,5500,1460,5500,1460,DATA
2026-05-26,1.85,3207985,3207985,27500,117,27500,117,BICC
2026-05-26,0.0,2411585,2411585,16300,148,16300,148,ECOBANK_CI
2026-05-26,0.2,37174035,37174035,5000,7441,5000,7441,BOA_MALI
2026-05-26,-2.7,7265670,7265670,3600,1988,3600,1988,SAFCA
2026-05-26,0.0,2411585,2411585,16300,148,16300,148,DATA
2026-05-26,0.81,3542315,3542315,13000,275,13000,275,DATA
2026-05-26,0.81,3542315,3542315,13000,275,13000,275,SMBC
2026-05-26,-0.17,1988580,1988580,2870,693,2870,693,Total ci
2026-05-26,0.07,4503165,4503165,7395,608,7395,608,DATA
2026-05-26,0.07,5150470,5150470,21290,242,21290,242,Sitab_ci
2026-05-26,0.17,2633010,2633010,2880,914,2880,914,DATA
2026-05-26,-4.71,7024370,7024370,1415,4828,1415,4828,DATA
2026-05-26,0.07,5150470,5150470,21290,242,21290,242,DATA
2026-05-26,-2.7,7265670,7265670,3600,1988,3600,1988,DATA
2026-05-26,3.21,773960,773960,3700,210,3700,210,Sicable
2026-05-26,-0.33,670350,670350,1495,447,1495,447,Bernabe
2026-05-26,-0.51,44042655,44042655,8825,4991,8825,4991,DATA
2026-05-26,-1.29,2961340,2961340,1910,1531,1910,1531,DATA
2026-05-26,1.56,16318630,16318630,7800,2077,7800,2077,DATA
2026-05-26,1.85,3207985,3207985,27500,117,27500,117,DATA
2026-05-26,3.7,4851380,4851380,21465,226,21465,226,CORIS_BANK
2026-05-26,0.2,37174035,37174035,5000,7441,5000,7441,DATA
2026-05-26,3.21,773960,773960,3700,210,3700,210,DATA
2026-05-26,1.1,7969995,7969995,5500,1460,5500,1460,BOA_BF
2026-05-26,-0.18,40272445,40272445,28450,1415,28450,1415,Sonatel
2026-05-26,0.96,5493580,5493580,15700,348,15700,348,DATA
2026-05-26,-0.84,8959595,8959595,1780,5051,1780,5051,Uniwax
2026-05-26,-4.74,955495,955495,56205,17,56205,17,Unilever
2026-05-26,-3.07,199453160,199453160,7745,25990,7745,25990,BOA_SN
2026-05-26,0.0,30535945,30535945,18000,1697,18000,1697,NSIA
2026-05-26,0.96,5493580,5493580,15700,348,15700,348,Orange ci
2026-05-26,0.07,4503165,4503165,7395,608,7395,608,SOGB
2026-05-26,-5.64,39062745,39062745,7700,4940,7700,4940,DATA
2026-05-26,0.7,3132255,3132255,2875,1098,2875,1098,Erium ci
2026-05-26,0.0,6025255,6025255,6945,866,6945,866,Saph
2026-05-26,-0.59,3088275,3088275,1690,1826,1690,1826,AGL
2026-05-26,0.16,5485995,5485995,3200,1726,3200,1726,Total senegal
2026-05-26,0.16,5485995,5485995,3200,1726,3200,1726,DATA
2026-05-28,2.5,20908695,20908695,7995,2720,7995,2720,Palm ci
2026-05-28,0.35,9711710,9711710,2880,3356,2880,3356,Total ci
2026-05-28,0.0,1010890,1010890,1900,527,1900,527,DATA
2026-05-28,2.46,4168860,4168860,38945,108,38945,108,Solibra
2026-05-28,6.02,2702270,2702270,1585,1714,1585,1714,Bernabe
2026-05-28,0.0,29307635,29307635,16300,1799,16300,1799,DATA
2026-05-28,-0.58,105069185,105069185,7700,13650,7700,13650,BOA_SN
2026-05-28,0.0,1010890,1010890,1900,527,1900,527,NEI-CEDA
2026-05-28,-7.38,63365940,63365940,2885,19572,2885,19572,DATA
2026-05-28,-1.36,42805130,42805130,21000,2029,21000,2029,DATA
2026-05-28,1.35,9692500,9692500,3750,2585,3750,2585,Sicable
2026-05-28,1.82,11179515,11179515,5600,2004,5600,2004,DATA
2026-05-28,1.36,69797500,69797500,7805,8923,7805,8923,DATA
2026-05-28,0.34,85241920,85241920,8930,9573,8930,9573,DATA
2026-05-28,-0.18,13707045,13707045,2735,5020,2735,5020,DATA
2026-05-28,1.44,7023795,7023795,27895,253,27895,253,BICC
2026-05-28,-0.56,8352165,8352165,1770,4703,1770,4703,Uniwax
2026-05-28,0.0,5465525,5465525,3600,1527,3600,1527,SAFCA
2026-05-28,0.35,9711710,9711710,2880,3356,2880,3356,DATA
2026-05-28,-0.2,16026345,16026345,7380,2170,7380,2170,SOGB
2026-05-28,1.36,69797500,69797500,7805,8923,7805,8923,SIBC
2026-05-28,0.17,506275,506275,56300,9,56300,9,Unilever
2026-05-28,0.72,49703865,49703865,6995,7318,6995,7318,DATA
2026-05-28,3.13,14875845,14875845,3300,4503,3300,4503,DATA
2026-05-28,0.34,85241920,85241920,8930,9573,8930,9573,BOA_BENIN
2026-05-28,-0.23,166760,166760,4380,38,4380,38,Sicor_ci
2026-05-28,-0.88,415351440,415351440,28200,14603,28200,14603,DATA
2026-05-28,0.93,259123585,259123585,36940,7184,36940,7184,DATA
2026-05-28,1.91,33081740,33081740,16000,2085,16000,2085,DATA
2026-05-28,0.26,6466305,6466305,1915,3399,1915,3399,Vivo energy
2026-05-28,-0.5,8061570,8061570,11050,741,11050,741,DATA
2026-05-28,1.8,19018165,19018165,5090,3765,5090,3765,DATA
2026-05-28,-0.18,13707045,13707045,2735,5020,2735,5020,ORAGROUP_TOGO
2026-05-28,-0.11,25138120,25138120,17980,1397,17980,1397,DATA
2026-05-28,3.45,24273374,24273374,30,820889,30,820889,ETIT
2026-05-28,-0.23,166760,166760,4380,38,4380,38,DATA
2026-05-28,-0.56,8352165,8352165,1770,4703,1770,4703,DATA
2026-05-28,0.17,506275,506275,56300,9,56300,9,DATA
2026-05-28,-1.06,18060815,18060815,1400,12927,1400,12927,DATA
2026-05-28,3.45,24273374,24273374,30,820889,30,820889,DATA
2026-05-28,2.69,106007380,106007380,13350,8170,13350,8170,SMBC
2026-05-28,0.14,17864355,17864355,21495,821,21495,821,DATA
2026-05-28,0.0,29307635,29307635,16300,1799,16300,1799,ECOBANK_CI
2026-05-28,0.14,17864355,17864355,21495,821,21495,821,CORIS_BANK
2026-05-28,2.5,20908695,20908695,7995,2720,7995,2720,DATA
2026-05-28,1.8,19018165,19018165,5090,3765,5090,3765,BOA_MALI
2026-05-28,-0.2,16026345,16026345,7380,2170,7380,2170,DATA
2026-05-28,-0.78,5894990,5894990,4435,1394,4435,1394,DATA
2026-05-28,0.0,5117100,5117100,1485,3438,1485,3438,DATA
2026-05-28,1.44,7023795,7023795,27895,253,27895,253,DATA
2026-05-28,1.35,9692500,9692500,3750,2585,3750,2585,DATA
2026-05-28,4.17,3904805,3904805,3000,1331,3000,1331,DATA
2026-05-28,0.0,3176490,3176490,2875,1109,2875,1109,DATA
2026-05-28,0.19,18590910,18590910,5200,3582,5200,3582,DATA
2026-05-28,1.12,80979390,80979390,4055,20238,4055,20238,DATA
2026-05-28,0.19,18590910,18590910,5200,3582,5200,3582,BICB
2026-05-28,-0.18,3064975,3064975,2850,1076,2850,1076,Onatel bf
2026-05-28,4.17,3904805,3904805,3000,1331,3000,1331,Servair
2026-05-28,0.23,80197450,80197450,8845,9075,8845,9075,DATA
2026-05-28,-0.27,13279125,13279125,3730,3568,3730,3568,DATA
2026-05-28,-1.36,42805130,42805130,21000,2029,21000,2029,Sitab_ci
2026-05-28,3.55,26114720,26114720,1750,15541,1750,15541,AGL
2026-05-28,-1.96,2415735,2415735,2255,1056,2255,1056,Filtisac
2026-05-28,0.0,5117100,5117100,1485,3438,1485,3438,Cfao
2026-05-28,1.82,11179515,11179515,5600,2004,5600,2004,BOA_BF
2026-05-28,-0.18,3064975,3064975,2850,1076,2850,1076,DATA
2026-05-28,-0.11,25138120,25138120,17980,1397,17980,1397,NSIA
2026-05-28,-0.5,8061570,8061570,11050,741,11050,741,SODE CI
2026-05-28,6.0,45103400,45103400,2650,17166,2650,17166,Sucrivoire
2026-05-28,0.26,6466305,6466305,1915,3399,1915,3399,DATA
2026-05-28,0.0,3176490,3176490,2875,1109,2875,1109,Erium ci
2026-05-28,-0.81,39112195,39112195,12900,3038,12900,3038,Nestle
2026-05-28,6.0,45103400,45103400,2650,17166,2650,17166,DATA
2026-05-28,-1.06,18060815,18060815,1400,12927,1400,12927,SEMC
2026-05-28,-4.14,4417080,4417080,3825,1155,3825,1155,LNBB
2026-05-28,-0.78,5894990,5894990,4435,1394,4435,1394,Tractafric
2026-05-28,-7.38,63365940,63365940,2885,19572,2885,19572,Setao
2026-05-28,2.69,106007380,106007380,13350,8170,13350,8170,DATA
2026-05-28,0.93,259123585,259123585,36940,7184,36940,7184,SGB CI
2026-05-28,-0.81,39112195,39112195,12900,3038,12900,3038,DATA
2026-05-28,-1.96,2415735,2415735,2255,1056,2255,1056,DATA
2026-05-28,1.91,33081740,33081740,16000,2085,16000,2085,Orange ci
2026-05-28,0.72,49703865,49703865,6995,7318,6995,7318,Saph
2026-05-28,3.13,14875845,14875845,3300,4503,3300,4503,Total senegal
2026-05-28,1.12,80979390,80979390,4055,20238,4055,20238,CIE CI
2026-05-28,0.0,5465525,5465525,3600,1527,3600,1527,DATA
2026-05-28,0.23,80197450,80197450,8845,9075,8845,9075,BOA_CI
2026-05-28,-0.27,13279125,13279125,3730,3568,3730,3568,BOA_NIGER
2026-05-28,-0.88,415351440,415351440,28200,14603,28200,14603,Sonatel
2026-05-28,-4.14,4417080,4417080,3825,1155,3825,1155,DATA
2026-05-28,3.55,26114720,26114720,1750,15541,1750,15541,DATA
2026-05-28,6.02,2702270,2702270,1585,1714,1585,1714,DATA
2026-05-28,-0.58,105069185,105069185,7700,13650,7700,13650,DATA
2026-05-28,2.46,4168860,4168860,38945,108,38945,108,DATA
2026-05-29,-1.08,39988690,39988690,7300,5438,7300,5438,DATA
2026-05-29,0.0,83860920,83860920,16000,5331,16000,5331,Orange ci
2026-05-29,1.75,28590810,28590810,2900,9891,2900,9891,DATA
2026-05-29,-1.14,18334155,18334155,38500,473,38500,473,DATA
2026-05-29,-0.06,14465820,14465820,16290,884,16290,884,DATA
2026-05-29,5.0,17559615,17559615,8195,2161,8195,2161,DATA
2026-05-29,0.11,36981290,36981290,18000,2056,18000,2056,NSIA
2026-05-29,-2.28,17120,17120,4280,4,4280,4,Sicor_ci
2026-05-29,-0.23,6317220,6317220,11025,575,11025,575,DATA
2026-05-29,-0.78,25140980,25140980,12800,1966,12800,1966,Nestle
2026-05-29,-0.64,23164705,23164705,6950,3318,6950,3318,DATA
2026-05-29,4.72,56347960,56347960,2775,20608,2775,20608,Sucrivoire
2026-05-29,1.13,18662865,18662865,1790,10475,1790,10475,Uniwax
2026-05-29,1.68,2197210,2197210,1510,1483,1510,1483,DATA
2026-05-29,0.0,7534270,7534270,1915,3969,1915,3969,DATA
2026-05-29,0.52,9660065,9660065,3845,2532,3845,2532,LNBB
2026-05-29,0.0,168459750,168459750,8845,19047,8845,19047,BOA_CI
2026-05-29,-0.34,26529905,26529905,8900,2975,8900,2975,BOA_BENIN
2026-05-29,-4.94,11015450,11015450,2600,4092,2600,4092,DATA
2026-05-29,3.99,45281340,45281340,3000,16155,3000,16155,DATA
2026-05-29,0.0,1297115,1297115,1585,815,1585,815,Bernabe
2026-05-29,6.13,1233885,1233885,59750,21,59750,21,DATA
2026-05-29,0.0,6418610,6418610,5600,1147,5600,1147,DATA
2026-05-29,3.77,4649415,4649415,2340,2004,2340,2004,Filtisac
2026-05-29,2.63,2445220,2445220,1950,1247,1950,1247,DATA
2026-05-29,2.16,40647720,40647720,5200,7833,5200,7833,BOA_MALI
2026-05-29,-1.04,3108130,3108130,2850,1082,2850,1082,DATA
2026-05-29,1.75,28590810,28590810,2900,9891,2900,9891,Onatel bf
2026-05-29,1.52,16573860,16573860,3350,5011,3350,5011,DATA
2026-05-29,0.89,216189200,216189200,28450,7613,28450,7613,Sonatel
2026-05-29,-2.01,46061820,46061820,7545,6128,7545,6128,DATA
2026-05-29,3.77,4649415,4649415,2340,2004,2340,2004,DATA
2026-05-29,6.17,22023775,22023775,3185,7203,3185,7203,Servair
2026-05-29,0.0,16041495,16041495,13350,1204,13350,1204,SMBC
2026-05-29,0.3,57384625,57384625,21560,2553,21560,2553,DATA
2026-05-29,0.0,93490650,93490650,21000,4448,21000,4448,DATA
2026-05-29,1.13,18662865,18662865,1790,10475,1790,10475,DATA
2026-05-29,0.0,168459750,168459750,8845,19047,8845,19047,DATA
2026-05-29,1.68,2197210,2197210,1510,1483,1510,1483,Cfao
2026-05-29,0.0,15178090,15178090,3730,4089,3730,4089,DATA
2026-05-29,-0.14,6816545,6816545,3595,1895,3595,1895,DATA
2026-05-29,3.43,32673535,32673535,1810,18204,1810,18204,DATA
2026-05-29,0.3,57384625,57384625,21560,2553,21560,2553,CORIS_BANK
2026-05-29,-2.28,17120,17120,4280,4,4280,4,DATA
2026-05-29,0.96,10916220,10916220,5250,2085,5250,2085,DATA
2026-05-29,-4.94,11015450,11015450,2600,4092,2600,4092,ORAGROUP_TOGO
2026-05-29,0.52,9660065,9660065,3845,2532,3845,2532,DATA
2026-05-29,0.16,109149490,109149490,37000,3020,37000,3020,SGB CI
2026-05-29,1.52,16573860,16573860,3350,5011,3350,5011,Total senegal
2026-05-29,2.34,32213920,32213920,4150,7849,4150,7849,DATA
2026-05-29,0.96,10916220,10916220,5250,2085,5250,2085,BICB
2026-05-29,-6.67,11267920,11267920,3500,3177,3500,3177,DATA
2026-05-29,-1.04,3108130,3108130,2850,1082,2850,1082,Total ci
2026-05-29,-3.27,1763820,1763820,4290,410,4290,410,DATA
2026-05-29,0.0,6418610,6418610,5600,1147,5600,1147,BOA_BF
2026-05-29,0.0,19827408,19827408,30,663118,30,663118,DATA
2026-05-29,2.63,2445220,2445220,1950,1247,1950,1247,NEI-CEDA
2026-05-29,-0.06,14465820,14465820,16290,884,16290,884,ECOBANK_CI
2026-05-29,0.0,19827408,19827408,30,663118,30,663118,ETIT
2026-05-29,-0.14,6816545,6816545,3595,1895,3595,1895,SAFCA
2026-05-29,0.0,15178090,15178090,3730,4089,3730,4089,BOA_NIGER
2026-05-29,0.11,36981290,36981290,18000,2056,18000,2056,DATA
2026-05-29,0.0,93490650,93490650,21000,4448,21000,4448,Sitab_ci
2026-05-29,-3.27,1763820,1763820,4290,410,4290,410,Tractafric
2026-05-29,1.27,8065460,8065460,28250,288,28250,288,BICC
2026-05-29,3.43,32673535,32673535,1810,18204,1810,18204,AGL
2026-05-29,3.99,45281340,45281340,3000,16155,3000,16155,Setao
2026-05-29,4.72,56347960,56347960,2775,20608,2775,20608,DATA
2026-05-29,-0.34,26529905,26529905,8900,2975,8900,2975,DATA
2026-05-29,2.86,10861455,10861455,1440,7801,1440,7801,SEMC
2026-05-29,-0.25,6121755,6121755,7975,776,7975,776,Palm ci
2026-05-29,0.0,11851700,11851700,2875,4323,2875,4323,Erium ci
2026-05-29,-0.64,23164705,23164705,6950,3318,6950,3318,Saph
2026-05-29,-0.23,6317220,6317220,11025,575,11025,575,SODE CI
2026-05-29,-1.14,18334155,18334155,38500,473,38500,473,Solibra
2026-05-29,-1.08,39988690,39988690,7300,5438,7300,5438,SOGB
2026-05-29,6.13,1233885,1233885,59750,21,59750,21,Unilever
2026-05-29,0.16,109149490,109149490,37000,3020,37000,3020,DATA
2026-05-29,5.0,17559615,17559615,8195,2161,8195,2161,SIBC
2026-05-29,2.34,32213920,32213920,4150,7849,4150,7849,CIE CI
2026-05-29,0.0,1297115,1297115,1585,815,1585,815,DATA
2026-05-29,2.86,10861455,10861455,1440,7801,1440,7801,DATA
2026-05-29,-0.78,25140980,25140980,12800,1966,12800,1966,DATA
2026-05-29,-2.01,46061820,46061820,7545,6128,7545,6128,BOA_SN
2026-05-29,6.17,22023775,22023775,3185,7203,3185,7203,DATA
2026-05-29,1.27,8065460,8065460,28250,288,28250,288,DATA
2026-05-29,0.89,216189200,216189200,28450,7613,28450,7613,DATA
2026-05-29,-0.25,6121755,6121755,7975,776,7975,776,DATA
2026-05-29,2.16,40647720,40647720,5200,7833,5200,7833,DATA
2026-05-29,0.0,83860920,83860920,16000,5331,16000,5331,DATA
2026-05-29,0.0,7534270,7534270,1915,3969,1915,3969,Vivo energy
2026-05-29,0.0,11851700,11851700,2875,4323,2875,4323,DATA
2026-05-29,0.0,16041495,16041495,13350,1204,13350,1204,DATA
2026-05-29,-6.67,11267920,11267920,3500,3177,3500,3177,Sicable
2026-06-01,1.43,30965905,30965905,21300,1462,21300,1462,Sitab_ci
2026-06-01,7.26,9567100,9567100,1700,5633,1700,5633,DATA
2026-06-01,3.87,14153205,14153205,1880,7636,1880,7636,AGL
2026-06-01,0.0,11557850,11557850,2900,3983,2900,3983,DATA
2026-06-01,-6.17,76253770,76253770,2815,26632,2815,26632,Setao
2026-06-01,1.2,23220395,23220395,4200,5588,4200,5588,DATA
2026-06-01,-0.8,24533540,24533540,3700,6604,3700,6604,DATA
2026-06-01,-0.33,4628920,4628920,1505,3042,1505,3042,DATA
2026-06-01,0.0,11557850,11557850,2900,3983,2900,3983,Onatel bf
2026-06-01,1.2,23220395,23220395,4200,5588,4200,5588,CIE CI
2026-06-01,-0.52,4767920,4767920,2860,1696,2860,1696,DATA
2026-06-01,-0.33,4628920,4628920,1505,3042,1505,3042,Cfao
2026-06-01,0.0,9532910,9532910,2340,4061,2340,4061,Filtisac
2026-06-01,0.0,14468640,14468640,5250,2757,5250,2757,BICB
2026-06-01,0.78,5101775,5101775,3210,1569,3210,1569,Servair
2026-06-01,1.48,16985410,16985410,12990,1316,12990,1316,Nestle
2026-06-01,-4.44,2283030,2283030,57100,40,57100,40,DATA
2026-06-01,0.0,4189600,4189600,11025,380,11025,380,SODE CI
2026-06-01,0.0,94608960,94608960,37000,2556,37000,2556,SGB CI
2026-06-01,0.0,41571140,41571140,18000,2310,18000,2310,DATA
2026-06-01,0.0,6677450,6677450,1915,3514,1915,3514,DATA
2026-06-01,-0.25,12841905,12841905,16250,790,16250,790,DATA
2026-06-01,0.27,49026890,49026890,7565,6425,7565,6425,BOA_SN
2026-06-01,0.45,3181390,3181390,3365,941,3365,941,DATA
2026-06-01,1.43,30965905,30965905,21300,1462,21300,1462,DATA
2026-06-01,-1.0,4881420,4881420,3465,1396,3465,1396,Sicable
2026-06-01,-0.23,37458265,37458265,21510,1725,21510,1725,CORIS_BANK
2026-06-01,2.16,6648325,6648325,7100,920,7100,920,Saph
2026-06-01,0.18,64979085,64979085,28300,2243,28300,2243,DATA
2026-06-01,7.29,8667165,8667165,1545,5852,1545,5852,DATA
2026-06-01,-0.37,11678025,11678025,13300,874,13300,874,SMBC
2026-06-01,2.6,24382570,24382570,7490,3273,7490,3273,DATA
2026-06-01,0.0,94608960,94608960,37000,2556,37000,2556,DATA
2026-06-01,3.72,38305440,38305440,8500,4556,8500,4556,DATA
2026-06-01,-4.44,2283030,2283030,57100,40,57100,40,Unilever
2026-06-01,0.0,6649050,6649050,7975,833,7975,833,DATA
2026-06-01,0.45,3181390,3181390,3365,941,3365,941,Total senegal
2026-06-01,0.0,13574460,13574460,3595,3732,3595,3732,DATA
2026-06-01,0.87,37523225,37523225,5245,7144,5245,7144,DATA
2026-06-01,1.7,162423985,162423985,8995,18231,8995,18231,BOA_CI
2026-06-01,-0.18,20707825,20707825,2770,7525,2770,7525,DATA
2026-06-01,-0.18,20707825,20707825,2770,7525,2770,7525,Sucrivoire
2026-06-01,-3.15,1960110,1960110,4155,477,4155,477,Tractafric
2026-06-01,0.13,8206450,8206450,3850,2136,3850,2136,LNBB
2026-06-01,-0.56,9619025,9619025,1780,5379,1780,5379,Uniwax
2026-06-01,7.26,9567100,9567100,1700,5633,1700,5633,Bernabe
2026-06-01,0.0,41571140,41571140,18000,2310,18000,2310,NSIA
2026-06-01,-0.52,4767920,4767920,2860,1696,2860,1696,Erium ci
2026-06-01,-0.27,18299465,18299465,5585,3269,5585,3269,BOA_BF
2026-06-01,0.0,82306340,82306340,16000,5151,16000,5151,Orange ci
2026-06-01,1.7,162423985,162423985,8995,18231,8995,18231,DATA
2026-06-01,-3.15,1960110,1960110,4155,477,4155,477,DATA
2026-06-01,0.0,14468640,14468640,5250,2757,5250,2757,DATA
2026-06-01,-1.0,4881420,4881420,3465,1396,3465,1396,DATA
2026-06-01,7.29,8667165,8667165,1545,5852,1545,5852,SEMC
2026-06-01,-0.8,24533540,24533540,3700,6604,3700,6604,BOA_NIGER
2026-06-01,2.6,24382570,24382570,7490,3273,7490,3273,SOGB
2026-06-01,0.0,9532910,9532910,2340,4061,2340,4061,DATA
2026-06-01,-0.23,21370,21370,4270,5,4270,5,Sicor_ci
2026-06-01,0.0,4189600,4189600,11025,380,11025,380,DATA
2026-06-01,-6.17,76253770,76253770,2815,26632,2815,26632,DATA
2026-06-01,-0.25,12841905,12841905,16250,790,16250,790,ECOBANK_CI
2026-06-01,-0.18,134592875,134592875,28400,4741,28400,4741,Sonatel
2026-06-01,-1.12,30972445,30972445,8800,3519,8800,3519,BOA_BENIN
2026-06-01,-1.12,30972445,30972445,8800,3519,8800,3519,DATA
2026-06-01,-0.23,21370,21370,4270,5,4270,5,DATA
2026-06-01,-0.37,11678025,11678025,13300,874,13300,874,DATA
2026-06-01,0.0,30997237,30997237,30,1039312,30,1039312,ETIT
2026-06-01,2.05,3305225,3305225,1990,1661,1990,1661,NEI-CEDA
2026-06-01,0.0,13042680,13042680,2850,4518,2850,4518,DATA
2026-06-01,2.05,3305225,3305225,1990,1661,1990,1661,DATA
2026-06-01,0.78,5101775,5101775,3210,1569,3210,1569,DATA
2026-06-01,-0.56,9619025,9619025,1780,5379,1780,5379,DATA
2026-06-01,0.18,64979085,64979085,28300,2243,28300,2243,BICC
2026-06-01,-0.27,18299465,18299465,5585,3269,5585,3269,DATA
2026-06-01,1.15,7960290,7960290,2630,3014,2630,3014,DATA
2026-06-01,-0.23,37458265,37458265,21510,1725,21510,1725,DATA
2026-06-01,0.0,30997237,30997237,30,1039312,30,1039312,DATA
2026-06-01,0.87,37523225,37523225,5245,7144,5245,7144,BOA_MALI
2026-06-01,1.15,7960290,7960290,2630,3014,2630,3014,ORAGROUP_TOGO
2026-06-01,0.0,6649050,6649050,7975,833,7975,833,Palm ci
2026-06-01,-0.18,134592875,134592875,28400,4741,28400,4741,DATA
2026-06-01,0.0,6677450,6677450,1915,3514,1915,3514,Vivo energy
2026-06-01,3.87,14153205,14153205,1880,7636,1880,7636,DATA
2026-06-01,3.72,38305440,38305440,8500,4556,8500,4556,SIBC
2026-06-01,2.16,6648325,6648325,7100,920,7100,920,DATA
2026-06-01,0.0,82306340,82306340,16000,5151,16000,5151,DATA
2026-06-01,-1.3,18427630,18427630,38000,476,38000,476,DATA
2026-06-01,0.13,8206450,8206450,3850,2136,3850,2136,DATA
2026-06-01,0.0,13574460,13574460,3595,3732,3595,3732,SAFCA
2026-06-01,0.0,13042680,13042680,2850,4518,2850,4518,Total ci
2026-06-01,1.48,16985410,16985410,12990,1316,12990,1316,DATA
2026-06-01,0.27,49026890,49026890,7565,6425,7565,6425,DATA
2026-06-01,-1.3,18427630,18427630,38000,476,38000,476,Solibra
2026-06-02,2.89,21247785,21247785,7305,3006,7305,3006,Saph
2026-06-02,0.56,16188130,16188130,1790,9037,1790,9037,DATA
2026-06-02,-5.05,28880230,28880230,4980,5787,4980,5787,DATA
2026-06-02,2.93,11724495,11724495,13690,876,13690,876,SMBC
2026-06-02,-1.88,15081115,15081115,3400,4386,3400,4386,DATA
2026-06-02,3.18,151512355,151512355,8770,17786,8770,17786,DATA
2026-06-02,-0.35,186932295,186932295,28300,6603,28300,6603,DATA
2026-06-02,1.9,27168370,27168370,5350,5145,5350,5145,DATA
2026-06-02,0.0,14706927,14706927,30,500579,30,500579,DATA
2026-06-02,0.0,15772555,15772555,3365,4685,3365,4685,Total senegal
2026-06-02,3.49,2084610,2084610,4300,497,4300,497,DATA
2026-06-02,-1.84,35601265,35601265,15705,2233,15705,2233,DATA
2026-06-02,-2.17,167467630,167467630,8800,19062,8800,19062,DATA
2026-06-02,0.54,789838215,789838215,37200,21548,37200,21548,SGB CI
2026-06-02,-3.68,935000,935000,55000,17,55000,17,Unilever
2026-06-02,0.58,48284370,48284370,16345,2962,16345,2962,ECOBANK_CI
2026-06-02,6.68,49735980,49735980,7990,6384,7990,6384,SOGB
2026-06-02,7.37,28874260,28874260,3860,8007,3860,8007,DATA
2026-06-02,6.68,49735980,49735980,7990,6384,7990,6384,DATA
2026-06-02,0.0,14706927,14706927,30,500579,30,500579,ETIT
2026-06-02,2.47,7364190,7364190,29000,253,29000,253,DATA
2026-06-02,-0.23,15973635,15973635,11000,1450,11000,1450,DATA
2026-06-02,0.31,126575810,126575810,8000,15731,8000,15731,DATA
2026-06-02,-0.06,41290855,41290855,17990,2297,17990,2297,DATA
2026-06-02,4.6,65538625,65538625,22500,2931,22500,2931,CORIS_BANK
2026-06-02,-3.64,149531365,149531365,7290,19999,7290,19999,BOA_SN
2026-06-02,0.58,48284370,48284370,16345,2962,16345,2962,DATA
2026-06-02,7.37,28874260,28874260,3860,8007,3860,8007,SAFCA
2026-06-02,0.0,41360625,41360625,2900,14025,2900,14025,DATA
2026-06-02,4.6,65538625,65538625,22500,2931,22500,2931,DATA
2026-06-02,-1.88,15081115,15081115,3400,4386,3400,4386,Sicable
2026-06-02,0.0,38425,38425,4270,9,4270,9,Sicor_ci
2026-06-02,0.07,90384265,90384265,21315,4241,21315,4241,DATA
2026-06-02,2.89,21247785,21247785,7305,3006,7305,3006,DATA
2026-06-02,4.44,14669820,14669820,2000,7486,2000,7486,Vivo energy
2026-06-02,0.25,8899080,8899080,1995,4482,1995,4482,DATA
2026-06-02,0.0,38425,38425,4270,9,4270,9,DATA
2026-06-02,-0.52,4377170,4377170,2845,1572,2845,1572,DATA
2026-06-02,0.54,789838215,789838215,37200,21548,37200,21548,DATA
2026-06-02,3.18,151512355,151512355,8770,17786,8770,17786,SIBC
2026-06-02,7.44,27450600,27450600,1660,16873,1660,16873,DATA
2026-06-02,-0.52,4377170,4377170,2845,1572,2845,1572,Erium ci
2026-06-02,0.0,8300625,8300625,1700,4868,1700,4868,Bernabe
2026-06-02,0.0,41360625,41360625,2900,14025,2900,14025,Onatel bf
2026-06-02,6.57,3881245,3881245,3000,1292,3000,1292,DATA
2026-06-02,7.5,42292345,42292345,4515,9555,4515,9555,CIE CI
2026-06-02,7.44,27450600,27450600,1660,16873,1660,16873,SEMC
2026-06-02,-0.21,11946910,11946910,2335,5095,2335,5095,Filtisac
2026-06-02,-0.35,186932295,186932295,28300,6603,28300,6603,Sonatel
2026-06-02,-1.84,35601265,35601265,15705,2233,15705,2233,Orange ci
2026-06-02,1.9,27168370,27168370,5350,5145,5350,5145,BICB
2026-06-02,-1.02,46378410,46378410,8710,5274,8710,5274,DATA
2026-06-02,2.47,7364190,7364190,29000,253,29000,253,BICC
2026-06-02,0.62,9288700,9288700,3230,2885,3230,2885,Servair
2026-06-02,0.09,29700875,29700875,5590,5313,5590,5313,BOA_BF
2026-06-02,-3.68,935000,935000,55000,17,55000,17,DATA
2026-06-02,1.66,2949090,2949090,1530,1931,1530,1931,Cfao
2026-06-02,-0.69,40941845,40941845,12900,3176,12900,3176,DATA
2026-06-02,1.75,6615955,6615955,2900,2304,2900,2304,Total ci
2026-06-02,-1.02,46378410,46378410,8710,5274,8710,5274,BOA_BENIN
2026-06-02,-3.64,149531365,149531365,7290,19999,7290,19999,DATA
2026-06-02,2.13,26502105,26502105,1920,13953,1920,13953,AGL
2026-06-02,-0.13,45479860,45479860,3845,11813,3845,11813,DATA
2026-06-02,3.42,38038185,38038185,39300,967,39300,967,Solibra
2026-06-02,-0.14,16894660,16894660,3695,4551,3695,4551,DATA
2026-06-02,0.07,90384265,90384265,21315,4241,21315,4241,Sitab_ci
2026-06-02,-0.69,40941845,40941845,12900,3176,12900,3176,Nestle
2026-06-02,7.5,42292345,42292345,4515,9555,4515,9555,DATA
2026-06-02,4.44,14669820,14669820,2000,7486,2000,7486,DATA
2026-06-02,-0.23,15973635,15973635,11000,1450,11000,1450,SODE CI
2026-06-02,-0.06,41290855,41290855,17990,2297,17990,2297,NSIA
2026-06-02,-0.21,11946910,11946910,2335,5095,2335,5095,DATA
2026-06-02,-0.14,16894660,16894660,3695,4551,3695,4551,BOA_NIGER
2026-06-02,-5.05,28880230,28880230,4980,5787,4980,5787,BOA_MALI
2026-06-02,0.0,8300625,8300625,1700,4868,1700,4868,DATA
2026-06-02,6.46,23613720,23613720,2800,8634,2800,8634,DATA
2026-06-02,6.46,23613720,23613720,2800,8634,2800,8634,ORAGROUP_TOGO
2026-06-02,1.66,2949090,2949090,1530,1931,1530,1931,DATA
2026-06-02,0.56,16188130,16188130,1790,9037,1790,9037,Uniwax
2026-06-02,-0.13,45479860,45479860,3845,11813,3845,11813,LNBB
2026-06-02,0.09,29700875,29700875,5590,5313,5590,5313,DATA
2026-06-02,0.0,15772555,15772555,3365,4685,3365,4685,DATA
2026-06-02,3.49,2084610,2084610,4300,497,4300,497,Tractafric
2026-06-02,0.62,9288700,9288700,3230,2885,3230,2885,DATA
2026-06-02,0.25,8899080,8899080,1995,4482,1995,4482,NEI-CEDA
2026-06-02,0.36,20275745,20275745,2780,7348,2780,7348,DATA
2026-06-02,2.13,26502105,26502105,1920,13953,1920,13953,DATA
2026-06-02,-2.17,167467630,167467630,8800,19062,8800,19062,BOA_CI
2026-06-02,0.31,126575810,126575810,8000,15731,8000,15731,Palm ci
2026-06-02,6.57,3881245,3881245,3000,1292,3000,1292,Setao
2026-06-02,1.75,6615955,6615955,2900,2304,2900,2304,DATA
2026-06-02,2.93,11724495,11724495,13690,876,13690,876,DATA
2026-06-02,0.36,20275745,20275745,2780,7348,2780,7348,Sucrivoire
2026-06-02,3.42,38038185,38038185,39300,967,39300,967,DATA
2026-06-03,3.69,21397815,21397815,8285,2648,8285,2648,SOGB
2026-06-03,3.64,32128365,32128365,18645,1754,18645,1754,DATA
2026-06-03,-5.42,9790400,9790400,3055,3187,3055,3187,DATA
2026-06-03,0.0,60064240,60064240,16345,3676,16345,3676,DATA
2026-06-03,2.88,50786230,50786230,7500,6838,7500,6838,DATA
2026-06-03,0.0,15854475,15854475,12900,1224,12900,1224,DATA
2026-06-03,0.36,1048270,1048270,55200,19,55200,19,DATA
2026-06-03,0.0,6826605,6826605,3365,2016,3365,2016,DATA
2026-06-03,2.58,13140,13140,4380,3,4380,3,Sicor_ci
2026-06-03,-0.18,121365425,121365425,5580,21910,5580,21910,BOA_BF
2026-06-03,0.87,74599920,74599920,21500,3462,21500,3462,Sitab_ci
2026-06-03,-1.39,7589230,7589230,13500,559,13500,559,SMBC
2026-06-03,-1.81,17442335,17442335,4890,3590,4890,3590,DATA
2026-06-03,1.96,18266690,18266690,2855,6460,2855,6460,DATA
2026-06-03,-0.26,15499815,15499815,3835,4029,3835,4029,LNBB
2026-06-03,-5.62,17867055,17867055,2685,6639,2685,6639,DATA
2026-06-03,6.01,352804515,352804515,30000,12185,30000,12185,Sonatel
2026-06-03,0.36,1048270,1048270,55200,19,55200,19,Unilever
2026-06-03,3.69,21397815,21397815,8285,2648,8285,2648,DATA
2026-06-03,1.22,67005190,67005190,3740,18073,3740,18073,BOA_NIGER
2026-06-03,-0.09,20114925,20114925,28975,693,28975,693,BICC
2026-06-03,-0.76,8051850,8051850,39000,207,39000,207,Solibra
2026-06-03,0.17,24318090,24318090,2905,8390,2905,8390,Total ci
2026-06-03,0.98,39200915,39200915,8795,4495,8795,4495,DATA
2026-06-03,-1.39,7589230,7589230,13500,559,13500,559,DATA
2026-06-03,0.17,24318090,24318090,2905,8390,2905,8390,DATA
2026-06-03,6.31,48786895,48786895,4800,10070,4800,10070,CIE CI
2026-06-03,3.75,22507390,22507390,8300,2807,8300,2807,Palm ci
2026-06-03,0.0,60064240,60064240,16345,3676,16345,3676,ECOBANK_CI
2026-06-03,3.33,21194001,21194001,31,688847,31,688847,DATA
2026-06-03,4.75,6252125,6252125,2095,3085,2095,3085,Vivo energy
2026-06-03,0.0,15854475,15854475,12900,1224,12900,1224,Nestle
2026-06-03,0.68,96367535,96367535,8830,10954,8830,10954,DATA
2026-06-03,6.01,352804515,352804515,30000,12185,30000,12185,DATA
2026-06-03,0.68,96367535,96367535,8830,10954,8830,10954,SIBC
2026-06-03,-0.25,6833780,6833780,1990,3430,1990,3430,NEI-CEDA
2026-06-03,2.6,20536055,20536055,7495,2766,7495,2766,DATA
2026-06-03,6.31,48786895,48786895,4800,10070,4800,10070,DATA
2026-06-03,0.0,8939755,8939755,1700,5421,1700,5421,DATA
2026-06-03,0.28,166504450,166504450,5365,31006,5365,31006,BICB
2026-06-03,-0.56,198083395,198083395,36990,5352,36990,5352,DATA
2026-06-03,3.75,22507390,22507390,8300,2807,8300,2807,DATA
2026-06-03,2.88,50786230,50786230,7500,6838,7500,6838,BOA_SN
2026-06-03,0.0,21450705,21450705,1660,12351,1660,12351,DATA
2026-06-03,-0.09,20114925,20114925,28975,693,28975,693,DATA
2026-06-03,7.35,8367135,8367135,3650,2357,3650,2357,Sicable
2026-06-03,-0.26,15499815,15499815,3835,4029,3835,4029,DATA
2026-06-03,0.0,8939755,8939755,1700,5421,1700,5421,Bernabe
2026-06-03,0.0,6826605,6826605,3365,2016,3365,2016,Total senegal
2026-06-03,1.05,9686425,9686425,4345,2226,4345,2226,DATA
2026-06-03,-7.5,33873495,33873495,2775,11680,2775,11680,Setao
2026-06-03,-5.62,17867055,17867055,2685,6639,2685,6639,Erium ci
2026-06-03,2.34,10867585,10867585,2845,3882,2845,3882,DATA
2026-06-03,0.0,6310600,6310600,11000,572,11000,572,SODE CI
2026-06-03,0.0,21450705,21450705,1660,12351,1660,12351,SEMC
2026-06-03,7.35,8367135,8367135,3650,2357,3650,2357,DATA
2026-06-03,0.0,6310600,6310600,11000,572,11000,572,DATA
2026-06-03,3.33,21194001,21194001,31,688847,31,688847,ETIT
2026-06-03,2.58,13140,13140,4380,3,4380,3,DATA
2026-06-03,0.0,14001640,14001640,2900,4834,2900,4834,Onatel bf
2026-06-03,0.98,2508915,2508915,1545,1629,1545,1629,DATA
2026-06-03,3.43,9003105,9003105,2415,3758,2415,3758,Filtisac
2026-06-03,0.98,2508915,2508915,1545,1629,1545,1629,Cfao
2026-06-03,-5.42,9790400,9790400,3055,3187,3055,3187,Servair
2026-06-03,2.6,20536055,20536055,7495,2766,7495,2766,Saph
2026-06-03,1.05,9686425,9686425,4345,2226,4345,2226,Tractafric
2026-06-03,1.08,69819725,69819725,8895,7894,8895,7894,BOA_CI
2026-06-03,-0.56,198083395,198083395,36990,5352,36990,5352,SGB CI
2026-06-03,2.34,10867585,10867585,2845,3882,2845,3882,Sucrivoire
2026-06-03,0.56,85282845,85282845,1800,50120,1800,50120,Uniwax
2026-06-03,1.08,69819725,69819725,8895,7894,8895,7894,DATA
2026-06-03,0.28,166504450,166504450,5365,31006,5365,31006,DATA
2026-06-03,0.78,53718710,53718710,3890,13782,3890,13782,DATA
2026-06-03,0.87,74599920,74599920,21500,3462,21500,3462,DATA
2026-06-03,3.43,9003105,9003105,2415,3758,2415,3758,DATA
2026-06-03,-7.11,116296450,116296450,20900,5548,20900,5548,CORIS_BANK
2026-06-03,0.0,14001640,14001640,2900,4834,2900,4834,DATA
2026-06-03,3.15,39381615,39381615,16200,2455,16200,2455,Orange ci
2026-06-03,3.15,39381615,39381615,16200,2455,16200,2455,DATA
2026-06-03,1.56,22311265,22311265,1950,11565,1950,11565,AGL
2026-06-03,-0.76,8051850,8051850,39000,207,39000,207,DATA
2026-06-03,1.96,18266690,18266690,2855,6460,2855,6460,ORAGROUP_TOGO
2026-06-03,1.56,22311265,22311265,1950,11565,1950,11565,DATA
2026-06-03,0.56,85282845,85282845,1800,50120,1800,50120,DATA
2026-06-03,-7.11,116296450,116296450,20900,5548,20900,5548,DATA
2026-06-03,-0.25,6833780,6833780,1990,3430,1990,3430,DATA
2026-06-03,3.64,32128365,32128365,18645,1754,18645,1754,NSIA
2026-06-03,-1.81,17442335,17442335,4890,3590,4890,3590,BOA_MALI
2026-06-03,-0.18,121365425,121365425,5580,21910,5580,21910,DATA
2026-06-03,1.22,67005190,67005190,3740,18073,3740,18073,DATA
2026-06-03,-7.5,33873495,33873495,2775,11680,2775,11680,DATA
2026-06-03,0.98,39200915,39200915,8795,4495,8795,4495,BOA_BENIN
2026-06-03,4.75,6252125,6252125,2095,3085,2095,3085,DATA
2026-06-03,0.78,53718710,53718710,3890,13782,3890,13782,SAFCA
2026-06-04,0.45,9907825,9907825,11050,897,11050,897,DATA
2026-06-04,1.88,30471915,30471915,18995,1613,18995,1613,DATA
2026-06-04,-7.47,58439660,58439660,7680,7327,7680,7327,DATA
2026-06-04,4.78,27858395,27858395,16975,1662,16975,1662,Orange ci
2026-06-04,0.0,2516995,2516995,1990,1265,1990,1265,NEI-CEDA
2026-06-04,0.9,289526300,289526300,2800,111344,2800,111344,Setao
2026-06-04,0.0,16676015,16676015,8795,1902,8795,1902,BOA_BENIN
2026-06-04,0.0,49078210,49078210,3740,13144,3740,13144,DATA
2026-06-04,0.18,7510080,7510080,5590,1350,5590,1350,BOA_BF
2026-06-04,0.0,10577820,10577820,13500,794,13500,794,DATA
2026-06-04,-0.95,12361205,12361205,2075,6068,2075,6068,Vivo energy
2026-06-04,0.74,10561990,10561990,12995,816,12995,816,Nestle
2026-06-04,-2.94,912355,912355,1650,558,1650,558,Bernabe
2026-06-04,0.0,49078210,49078210,3740,13144,3740,13144,BOA_NIGER
2026-06-04,-2.28,21440730,21440730,2780,7663,2780,7663,DATA
2026-06-04,1.44,16103350,16103350,21200,735,21200,735,DATA
2026-06-04,2.11,9076465,9076465,1695,5345,1695,5345,SEMC
2026-06-04,-0.67,32255935,32255935,7450,4331,7450,4331,BOA_SN
2026-06-04,5.07,169450,169450,58000,3,58000,3,Unilever
2026-06-04,-0.19,45095650,45095650,5355,8437,5355,8437,BICB
2026-06-04,3.2,78308920,78308920,8550,9370,8550,9370,SOGB
2026-06-04,-0.02,18114600,18114600,28970,626,28970,626,DATA
2026-06-04,2.11,9076465,9076465,1695,5345,1695,5345,DATA
2026-06-04,1.37,3905350,3905350,3700,1059,3700,1059,Sicable
2026-06-04,-4.09,37882325,37882325,4690,8068,4690,8068,DATA
2026-06-04,1.37,3905350,3905350,3700,1059,3700,1059,DATA
2026-06-04,5.03,54304320,54304320,2820,21546,2820,21546,Erium ci
2026-06-04,0.45,9907825,9907825,11050,897,11050,897,SODE CI
2026-06-04,0.0,9180325,9180325,3835,2394,3835,2394,DATA
2026-06-04,3.13,68877690,68877690,4950,14034,4950,14034,DATA
2026-06-04,-0.02,18114600,18114600,28970,626,28970,626,BICC
2026-06-04,-0.05,8180170,8180170,38980,209,38980,209,Solibra
2026-06-04,-0.52,6749085,6749085,2890,2330,2890,2330,Total ci
2026-06-04,0.0,16676015,16676015,8795,1902,8795,1902,DATA
2026-06-04,-7.47,58439660,58439660,7680,7327,7680,7327,Palm ci
2026-06-04,6.67,74764145,74764145,2080,36309,2080,36309,AGL
2026-06-04,5.07,169450,169450,58000,3,58000,3,DATA
2026-06-04,3.23,11071948,11071948,32,348888,32,348888,ETIT
2026-06-04,-0.52,6749085,6749085,2890,2330,2890,2330,DATA
2026-06-04,-1.7,84075755,84075755,29490,2830,29490,2830,DATA
2026-06-04,0.0,31439240,31439240,16345,1924,16345,1924,ECOBANK_CI
2026-06-04,1.62,2015750,2015750,1570,1287,1570,1287,Cfao
2026-06-04,1.4,8203520,8203520,7600,1088,7600,1088,Saph
2026-06-04,6.67,74764145,74764145,2080,36309,2080,36309,DATA
2026-06-04,0.9,289526300,289526300,2800,111344,2800,111344,DATA
2026-06-04,1.88,30471915,30471915,18995,1613,18995,1613,NSIA
2026-06-04,0.35,22421470,22421470,2865,7766,2865,7766,ORAGROUP_TOGO
2026-06-04,3.61,38116600,38116600,1865,20726,1865,20726,DATA
2026-06-04,1.02,91142045,91142045,8920,10256,8920,10256,SIBC
2026-06-04,1.11,688480810,688480810,37400,18614,37400,18614,DATA
2026-06-04,3.23,11071948,11071948,32,348888,32,348888,DATA
2026-06-04,3.13,68877690,68877690,4950,14034,4950,14034,CIE CI
2026-06-04,0.0,2489700,2489700,4345,575,4345,575,DATA
2026-06-04,3.71,5432885,5432885,3490,1602,3490,1602,Total senegal
2026-06-04,-2.94,912355,912355,1650,558,1650,558,DATA
2026-06-04,-2.31,33752860,33752860,3800,8802,3800,8802,SAFCA
2026-06-04,-0.95,12361205,12361205,2075,6068,2075,6068,DATA
2026-06-04,3.71,5432885,5432885,3490,1602,3490,1602,DATA
2026-06-04,0.0,31439240,31439240,16345,1924,16345,1924,DATA
2026-06-04,-0.16,8311005,8311005,3050,2737,3050,2737,DATA
2026-06-04,1.02,91142045,91142045,8920,10256,8920,10256,DATA
2026-06-04,5.86,67119395,67119395,3070,21976,3070,21976,DATA
2026-06-04,1.44,16103350,16103350,21200,735,21200,735,CORIS_BANK
2026-06-04,-0.21,10638630,10638630,2410,4403,2410,4403,DATA
2026-06-04,-0.19,45095650,45095650,5355,8437,5355,8437,DATA
2026-06-04,4.78,27858395,27858395,16975,1662,16975,1662,DATA
2026-06-04,1.4,8203520,8203520,7600,1088,7600,1088,DATA
2026-06-04,0.0,2489700,2489700,4345,575,4345,575,Tractafric
2026-06-04,3.61,38116600,38116600,1865,20726,1865,20726,Uniwax
2026-06-04,0.0,10577820,10577820,13500,794,13500,794,SMBC
2026-06-04,1.6,324260,324260,4450,74,4450,74,Sicor_ci
2026-06-04,-2.31,33752860,33752860,3800,8802,3800,8802,DATA
2026-06-04,0.35,22421470,22421470,2865,7766,2865,7766,DATA
2026-06-04,-0.21,10638630,10638630,2410,4403,2410,4403,Filtisac
2026-06-04,1.62,2015750,2015750,1570,1287,1570,1287,DATA
2026-06-04,-0.16,8311005,8311005,3050,2737,3050,2737,Servair
2026-06-04,-0.67,32255935,32255935,7450,4331,7450,4331,DATA
2026-06-04,0.0,9180325,9180325,3835,2394,3835,2394,LNBB
2026-06-04,-0.62,86625100,86625100,8840,9814,8840,9814,BOA_CI
2026-06-04,-2.28,21440730,21440730,2780,7663,2780,7663,Sucrivoire
2026-06-04,3.2,78308920,78308920,8550,9370,8550,9370,DATA
2026-06-04,1.67,46466045,46466045,21860,2118,21860,2118,DATA
2026-06-04,1.11,688480810,688480810,37400,18614,37400,18614,SGB CI
2026-06-04,-0.62,86625100,86625100,8840,9814,8840,9814,DATA
2026-06-04,5.03,54304320,54304320,2820,21546,2820,21546,DATA
2026-06-04,-1.7,84075755,84075755,29490,2830,29490,2830,Sonatel
2026-06-04,5.86,67119395,67119395,3070,21976,3070,21976,Onatel bf
2026-06-04,0.74,10561990,10561990,12995,816,12995,816,DATA
2026-06-04,0.0,2516995,2516995,1990,1265,1990,1265,DATA
2026-06-04,-4.09,37882325,37882325,4690,8068,4690,8068,BOA_MALI
2026-06-04,1.67,46466045,46466045,21860,2118,21860,2118,Sitab_ci
2026-06-04,1.6,324260,324260,4450,74,4450,74,DATA
2026-06-04,0.18,7510080,7510080,5590,1350,5590,1350,DATA
2026-06-04,-0.05,8180170,8180170,38980,209,38980,209,DATA
2026-06-05,0.8,16375790,16375790,1880,8740,1880,8740,DATA
2026-06-05,0.82,140625570,140625570,19150,7227,19150,7227,NSIA
2026-06-05,5.71,10748955,10748955,2960,3782,2960,3782,DATA
2026-06-05,0.14,3611340,3611340,3495,1051,3495,1051,DATA
2026-06-05,-0.13,10525545,10525545,3830,2745,3830,2745,LNBB
2026-06-05,-2.87,17321305,17321305,8305,2076,8305,2076,DATA
2026-06-05,0.34,55623480,55623480,16400,3403,16400,3403,DATA
2026-06-05,0.9,86208160,86208160,9000,9533,9000,9533,DATA
2026-06-05,0.35,5227500,5227500,2830,1856,2830,1856,DATA
2026-06-05,-5.37,19695015,19695015,2905,6608,2905,6608,DATA
2026-06-05,-1.2,68471600,68471600,2055,32866,2055,32866,DATA
2026-06-05,0.0,51847460,51847460,21860,2359,21860,2359,DATA
2026-06-05,-1.26,9001410,9001410,13330,677,13330,677,SMBC
2026-06-05,-2.18,23662310,23662310,16605,1408,16605,1408,DATA
2026-06-05,0.83,6579525,6579525,2430,2709,2430,2709,DATA
2026-06-05,0.0,51847460,51847460,21860,2359,21860,2359,Sitab_ci
2026-06-05,-4.92,6524480,6524480,2900,2187,2900,2187,DATA
2026-06-05,-0.94,90351755,90351755,3705,24317,3705,24317,DATA
2026-06-05,-0.17,9245850,9245850,8780,1054,8780,1054,BOA_BENIN
2026-06-05,-1.2,68471600,68471600,2055,32866,2055,32866,AGL
2026-06-05,0.0,19288930,19288930,5590,3452,5590,3452,BOA_BF
2026-06-05,1.58,12348980,12348980,13200,947,13200,947,DATA
2026-06-05,0.9,86208160,86208160,9000,9533,9000,9533,SIBC
2026-06-05,0.28,62386150,62386150,37505,1653,37505,1653,DATA
2026-06-05,-3.36,336610935,336610935,28500,11752,28500,11752,Sonatel
2026-06-05,-3.13,13531154,13531154,31,425356,31,425356,DATA
2026-06-05,1.22,14096725,14096725,2900,4863,2900,4863,DATA
2026-06-05,1.22,14096725,14096725,2900,4863,2900,4863,ORAGROUP_TOGO
2026-06-05,-1.93,5575540,5575540,2035,2700,2035,2700,Vivo energy
2026-06-05,7.47,32674690,32674690,5320,6263,5320,6263,CIE CI
2026-06-05,3.77,32299840,32299840,22000,1451,22000,1451,CORIS_BANK
2026-06-05,-0.23,1274035,1274035,4335,294,4335,294,DATA
2026-06-05,0.9,312620,312620,4490,70,4490,70,Sicor_ci
2026-06-05,0.14,3611340,3611340,3495,1051,3495,1051,Total senegal
2026-06-05,0.0,8217535,8217535,1650,4875,1650,4875,DATA
2026-06-05,0.0,8217535,8217535,1650,4875,1650,4875,Bernabe
2026-06-05,-0.23,1274035,1274035,4335,294,4335,294,Tractafric
2026-06-05,-0.4,32593145,32593145,7420,4398,7420,4398,DATA
2026-06-05,-2.63,65360925,65360925,3700,17656,3700,17656,SAFCA
2026-06-05,-1.93,5575540,5575540,2035,2700,2035,2700,DATA
2026-06-05,-2.63,65360925,65360925,3700,17656,3700,17656,DATA
2026-06-05,1.58,8931750,8931750,7720,1167,7720,1167,DATA
2026-06-05,0.64,4247640,4247640,1580,2693,1580,2693,Cfao
2026-06-05,-2.87,17321305,17321305,8305,2076,8305,2076,SOGB
2026-06-05,-0.13,10525545,10525545,3830,2745,3830,2745,DATA
2026-06-05,-1.23,9723785,9723785,38500,253,38500,253,DATA
2026-06-05,7.47,32674690,32674690,5320,6263,5320,6263,DATA
2026-06-05,-1.23,9723785,9723785,38500,253,38500,253,Solibra
2026-06-05,0.0,638000,638000,58000,11,58000,11,DATA
2026-06-05,0.82,140625570,140625570,19150,7227,19150,7227,DATA
2026-06-05,-0.94,90351755,90351755,3705,24317,3705,24317,BOA_NIGER
2026-06-05,0.0,20783090,20783090,28970,717,28970,717,BICC
2026-06-05,-0.32,26494615,26494615,4675,5664,4675,5664,BOA_MALI
2026-06-05,0.18,19032985,19032985,2785,6808,2785,6808,DATA
2026-06-05,0.0,14896605,14896605,2890,5222,2890,5222,Total ci
2026-06-05,0.0,19288930,19288930,5590,3452,5590,3452,DATA
2026-06-05,7.49,398782415,398782415,8255,52326,8255,52326,Palm ci
2026-06-05,0.25,11015190,11015190,1995,5535,1995,5535,NEI-CEDA
2026-06-05,0.25,11015190,11015190,1995,5535,1995,5535,DATA
2026-06-05,1.58,12348980,12348980,13200,947,13200,947,Nestle
2026-06-05,-3.13,13531154,13531154,31,425356,31,425356,ETIT
2026-06-05,0.9,312620,312620,4490,70,4490,70,DATA
2026-06-05,0.45,6952400,6952400,11100,628,11100,628,DATA
2026-06-05,-3.36,336610935,336610935,28500,11752,28500,11752,DATA
2026-06-05,0.28,62386150,62386150,37505,1653,37505,1653,SGB CI
2026-06-05,-0.17,9245850,9245850,8780,1054,8780,1054,DATA
2026-06-05,0.45,6952400,6952400,11100,628,11100,628,SODE CI
2026-06-05,-5.37,19695015,19695015,2905,6608,2905,6608,Onatel bf
2026-06-05,1.58,8931750,8931750,7720,1167,7720,1167,Saph
2026-06-05,0.45,88137420,88137420,8880,9964,8880,9964,DATA
2026-06-05,0.34,55623480,55623480,16400,3403,16400,3403,ECOBANK_CI
2026-06-05,0.18,19032985,19032985,2785,6808,2785,6808,Sucrivoire
2026-06-05,0.0,14896605,14896605,2890,5222,2890,5222,DATA
2026-06-05,0.8,16375790,16375790,1880,8740,1880,8740,Uniwax
2026-06-05,-1.26,9001410,9001410,13330,677,13330,677,DATA
2026-06-05,3.77,32299840,32299840,22000,1451,22000,1451,DATA
2026-06-05,-2.65,7358775,7358775,1650,4369,1650,4369,SEMC
2026-06-05,-2.18,23662310,23662310,16605,1408,16605,1408,Orange ci
2026-06-05,-0.4,32593145,32593145,7420,4398,7420,4398,BOA_SN
2026-06-05,0.0,638000,638000,58000,11,58000,11,Unilever
2026-06-05,0.45,88137420,88137420,8880,9964,8880,9964,BOA_CI
2026-06-05,7.49,398782415,398782415,8255,52326,8255,52326,DATA
2026-06-05,1.87,14609855,14609855,5455,2691,5455,2691,BICB
2026-06-05,0.0,20783090,20783090,28970,717,28970,717,DATA
2026-06-05,-4.92,6524480,6524480,2900,2187,2900,2187,Servair
2026-06-05,0.64,4247640,4247640,1580,2693,1580,2693,DATA
2026-06-05,-2.65,7358775,7358775,1650,4369,1650,4369,DATA
2026-06-05,7.43,13592115,13592115,3975,3480,3975,3480,Sicable
2026-06-05,7.43,13592115,13592115,3975,3480,3975,3480,DATA
2026-06-05,0.83,6579525,6579525,2430,2709,2430,2709,Filtisac
2026-06-05,5.71,10748955,10748955,2960,3782,2960,3782,Setao
2026-06-05,0.35,5227500,5227500,2830,1856,2830,1856,Erium ci
2026-06-05,1.87,14609855,14609855,5455,2691,5455,2691,DATA
2026-06-05,-0.32,26494615,26494615,4675,5664,4675,5664,DATA
2026-06-08,-1.72,12488980,12488980,2850,4338,2850,4338,ORAGROUP_TOGO
2026-06-08,0.52,23392740,23392740,19250,1219,19250,1219,NSIA
2026-06-08,2.93,11997895,11997895,2990,4102,2990,4102,DATA
2026-06-08,-3.64,45461590,45461590,16000,2807,16000,2807,DATA
2026-06-08,1.83,30212435,30212435,5555,5479,5555,5479,BICB
2026-06-08,-0.02,12960095,12960095,28965,448,28965,448,BICC
2026-06-08,0.62,34861810,34861810,21995,1588,21995,1588,Sitab_ci
2026-06-08,2.2,13363070,13363070,13490,1011,13490,1011,Nestle
2026-06-08,2.93,11997895,11997895,2990,4102,2990,4102,Onatel bf
2026-06-08,-1.72,12488980,12488980,2850,4338,2850,4338,DATA
2026-06-08,1.52,1198995,1198995,1675,739,1675,739,Bernabe
2026-06-08,0.52,23392740,23392740,19250,1219,19250,1219,DATA
2026-06-08,-4.23,85002175,85002175,5095,16722,5095,16722,CIE CI
2026-06-08,3.85,56677495,56677495,38950,1489,38950,1489,DATA
2026-06-08,0.0,141698030,141698030,28500,4966,28500,4966,DATA
2026-06-08,0.0,290000,290000,58000,5,58000,5,Unilever
2026-06-08,-1.82,11907525,11907525,1620,7413,1620,7413,DATA
2026-06-08,3.85,56677495,56677495,38950,1489,38950,1489,SGB CI
2026-06-08,0.35,6280995,6280995,2840,2193,2840,2193,Erium ci
2026-06-08,5.41,10864000,10864000,11700,961,11700,961,SODE CI
2026-06-08,0.0,192780,192780,4490,41,4490,41,DATA
2026-06-08,-0.06,73126785,73126785,8300,9017,8300,9017,SOGB
2026-06-08,-0.72,17335820,17335820,5550,3124,5550,3124,DATA
2026-06-08,0.13,12060335,12060335,3835,3147,3835,3147,DATA
2026-06-08,-1.25,9521280,9521280,38020,244,38020,244,DATA
2026-06-08,-0.91,37439545,37439545,8700,4279,8700,4279,DATA
2026-06-08,2.91,7484795,7484795,8495,890,8495,890,Palm ci
2026-06-08,-0.14,6095725,6095725,3490,1757,3490,1757,DATA
2026-06-08,6.45,26930256,26930256,33,853586,33,853586,ETIT
2026-06-08,-1.81,17242150,17242150,7580,2277,7580,2277,DATA
2026-06-08,1.52,1198995,1198995,1675,739,1675,739,DATA
2026-06-08,0.0,13253145,13253145,2900,4574,2900,4574,Servair
2026-06-08,0.54,41891985,41891985,2800,14990,2800,14990,Sucrivoire
2026-06-08,0.0,6263925,6263925,1995,3145,1995,3145,DATA
2026-06-08,-0.21,28243615,28243615,4665,6058,4665,6058,BOA_MALI
2026-06-08,0.23,64396085,64396085,8900,7247,8900,7247,DATA
2026-06-08,-1.81,17242150,17242150,7580,2277,7580,2277,Saph
2026-06-08,-5.56,11625455,11625455,2295,5119,2295,5119,Filtisac
2026-06-08,-0.63,3355600,3355600,1570,2137,1570,2137,DATA
2026-06-08,0.23,64396085,64396085,8900,7247,8900,7247,BOA_CI
2026-06-08,0.4,46125175,46125175,7450,6181,7450,6181,BOA_SN
2026-06-08,0.0,15919710,15919710,16400,971,16400,971,DATA
2026-06-08,1.83,30212435,30212435,5555,5479,5555,5479,DATA
2026-06-08,-2.25,18724970,18724970,2825,6584,2825,6584,DATA
2026-06-08,-1.96,2059150,2059150,4250,493,4250,493,Tractafric
2026-06-08,-2.03,13858805,13858805,2900,4828,2900,4828,DATA
2026-06-08,0.0,30168885,30168885,22000,1385,22000,1385,DATA
2026-06-08,0.0,30168885,30168885,22000,1385,22000,1385,CORIS_BANK
2026-06-08,0.0,290000,290000,58000,5,58000,5,DATA
2026-06-08,-1.25,9521280,9521280,38020,244,38020,244,Solibra
2026-06-08,0.53,12853915,12853915,1890,6821,1890,6821,DATA
2026-06-08,6.45,26930256,26930256,33,853586,33,853586,DATA
2026-06-08,0.27,20051875,20051875,3710,5422,3710,5422,SAFCA
2026-06-08,0.0,15919710,15919710,16400,971,16400,971,ECOBANK_CI
2026-06-08,-1.82,11907525,11907525,1620,7413,1620,7413,SEMC
2026-06-08,1.97,21503820,21503820,2075,10521,2075,10521,DATA
2026-06-08,0.0,13253145,13253145,2900,4574,2900,4574,DATA
2026-06-08,-0.02,12960095,12960095,28965,448,28965,448,DATA
2026-06-08,0.35,6280995,6280995,2840,2193,2840,2193,DATA
2026-06-08,3.14,5719040,5719040,4100,1406,4100,1406,DATA
2026-06-08,3.14,5719040,5719040,4100,1406,4100,1406,Sicable
2026-06-08,0.54,41891985,41891985,2800,14990,2800,14990,DATA
2026-06-08,-4.23,85002175,85002175,5095,16722,5095,16722,DATA
2026-06-08,-5.56,11625455,11625455,2295,5119,2295,5119,DATA
2026-06-08,-0.63,3355600,3355600,1570,2137,1570,2137,Cfao
2026-06-08,-2.25,18724970,18724970,2825,6584,2825,6584,Total ci
2026-06-08,-1.22,68602830,68602830,2030,33711,2030,33711,AGL
2026-06-08,0.62,34861810,34861810,21995,1588,21995,1588,DATA
2026-06-08,-0.13,103074425,103074425,3700,27802,3700,27802,BOA_NIGER
2026-06-08,-1.39,46881360,46881360,8875,5283,8875,5283,DATA
2026-06-08,0.0,192780,192780,4490,41,4490,41,Sicor_ci
2026-06-08,0.0,141698030,141698030,28500,4966,28500,4966,Sonatel
2026-06-08,-0.91,37439545,37439545,8700,4279,8700,4279,BOA_BENIN
2026-06-08,-0.14,6095725,6095725,3490,1757,3490,1757,Total senegal
2026-06-08,2.2,13363070,13363070,13490,1011,13490,1011,DATA
2026-06-08,-0.72,17335820,17335820,5550,3124,5550,3124,BOA_BF
2026-06-08,0.13,12060335,12060335,3835,3147,3835,3147,LNBB
2026-06-08,-1.22,68602830,68602830,2030,33711,2030,33711,DATA
2026-06-08,-1.39,46881360,46881360,8875,5283,8875,5283,SIBC
2026-06-08,-3.64,45461590,45461590,16000,2807,16000,2807,Orange ci
2026-06-08,-0.21,28243615,28243615,4665,6058,4665,6058,DATA
2026-06-08,0.0,6263925,6263925,1995,3145,1995,3145,NEI-CEDA
2026-06-08,-0.06,73126785,73126785,8300,9017,8300,9017,DATA
2026-06-08,5.41,10864000,10864000,11700,961,11700,961,DATA
2026-06-08,2.91,7484795,7484795,8495,890,8495,890,DATA
2026-06-08,-2.03,13858805,13858805,2900,4828,2900,4828,Setao
2026-06-08,7.46,54327865,54327865,14325,3832,14325,3832,DATA
2026-06-08,0.4,46125175,46125175,7450,6181,7450,6181,DATA
2026-06-08,0.53,12853915,12853915,1890,6821,1890,6821,Uniwax
2026-06-08,0.27,20051875,20051875,3710,5422,3710,5422,DATA
2026-06-08,1.97,21503820,21503820,2075,10521,2075,10521,Vivo energy
2026-06-08,-1.96,2059150,2059150,4250,493,4250,493,DATA
2026-06-08,7.46,54327865,54327865,14325,3832,14325,3832,SMBC
2026-06-08,-0.13,103074425,103074425,3700,27802,3700,27802,DATA
2026-06-09,0.18,3341285,3341285,2845,1185,2845,1185,DATA
2026-06-09,7.41,25662180,25662180,3115,8502,3115,8502,DATA
2026-06-09,-2.44,6136745,6136745,4000,1531,4000,1531,Sicable
2026-06-09,1.08,11020605,11020605,3740,2941,3740,2941,DATA
2026-06-09,-0.43,18773530,18773530,3475,5531,3475,5531,Total senegal
2026-06-09,-1.34,16159895,16159895,2950,5520,2950,5520,DATA
2026-06-09,1.79,73113950,73113950,2850,26202,2850,26202,DATA
2026-06-09,0.0,8305450,8305450,2075,4007,2075,4007,Vivo energy
2026-06-09,2.56,14353985,14353985,12000,1204,12000,1204,DATA
2026-06-09,-2.63,14761455,14761455,2775,5325,2775,5325,ORAGROUP_TOGO
2026-06-09,-0.88,62706925,62706925,5050,12402,5050,12402,DATA
2026-06-09,-0.31,15385360,15385360,15950,967,15950,967,DATA
2026-06-09,-0.87,4286450,4286450,2275,1872,2275,1872,DATA
2026-06-09,-2.69,2081940,2081940,1630,1289,1630,1289,Bernabe
2026-06-09,5.45,17510120,17510120,14225,1238,14225,1238,Nestle
2026-06-09,0.32,3564235,3564235,1575,2273,1575,2273,Cfao
2026-06-09,0.0,13609420,13609420,4250,3304,4250,3304,Tractafric
2026-06-09,2.24,58783775,58783775,8685,6964,8685,6964,DATA
2026-06-09,-0.71,25158495,25158495,2805,8839,2805,8839,DATA
2026-06-09,-2.67,89989360,89989360,37005,2379,37005,2379,Solibra
2026-06-09,0.79,12841785,12841785,1905,6758,1905,6758,DATA
2026-06-09,0.0,13609420,13609420,4250,3304,4250,3304,DATA
2026-06-09,0.0,17825000,17825000,33,552955,33,552955,DATA
2026-06-09,-0.88,62706925,62706925,5050,12402,5050,12402,CIE CI
2026-06-09,2.24,296200,296200,59300,5,59300,5,DATA
2026-06-09,-1.23,14091155,14091155,1600,8787,1600,8787,SEMC
2026-06-09,7.41,25662180,25662180,3115,8502,3115,8502,Setao
2026-06-09,-0.27,15544540,15544540,3700,4253,3700,4253,SAFCA
2026-06-09,-4.11,283519410,283519410,8510,33157,8510,33157,DATA
2026-06-09,-2.44,6136745,6136745,4000,1531,4000,1531,DATA
2026-06-09,-2.27,72934925,72934925,21500,3346,21500,3346,DATA
2026-06-09,2.44,102712600,102712600,16800,6278,16800,6278,DATA
2026-06-09,0.63,21435105,21435105,5590,3827,5590,3827,BICB
2026-06-09,0.0,8305450,8305450,2075,4007,2075,4007,DATA
2026-06-09,0.52,97148490,97148490,8745,11185,8745,11185,BOA_BENIN
2026-06-09,7.36,53724420,53724420,15380,3643,15380,3643,SMBC
2026-06-09,0.52,12168745,12168745,2915,4267,2915,4267,DATA
2026-06-09,7.36,53724420,53724420,15380,3643,15380,3643,DATA
2026-06-09,0.0,27811125,27811125,19250,1445,19250,1445,NSIA
2026-06-09,-2.27,72934925,72934925,21500,3346,21500,3346,CORIS_BANK
2026-06-09,-0.22,24847825,24847825,28900,860,28900,860,DATA
2026-06-09,-1.75,2679450,2679450,1960,1349,1960,1349,NEI-CEDA
2026-06-09,-0.11,113574525,113574525,8890,12844,8890,12844,BOA_CI
2026-06-09,-4.11,283519410,283519410,8510,33157,8510,33157,SIBC
2026-06-09,2.24,58783775,58783775,8685,6964,8685,6964,Palm ci
2026-06-09,-2.67,89989360,89989360,37005,2379,37005,2379,DATA
2026-06-09,-0.43,18773530,18773530,3475,5531,3475,5531,DATA
2026-06-09,0.0,413130,413130,4490,92,4490,92,Sicor_ci
2026-06-09,0.32,3564235,3564235,1575,2273,1575,2273,DATA
2026-06-09,0.0,17825000,17825000,33,552955,33,552955,ETIT
2026-06-09,0.0,13709270,13709270,3835,3576,3835,3576,LNBB
2026-06-09,-0.28,223704595,223704595,28420,7867,28420,7867,Sonatel
2026-06-09,-0.4,18935635,18935635,7550,2533,7550,2533,DATA
2026-06-09,-1.48,19069975,19069975,2000,9550,2000,9550,DATA
2026-06-09,0.52,12168745,12168745,2915,4267,2915,4267,Servair
2026-06-09,-0.67,74642180,74642180,7400,10052,7400,10052,DATA
2026-06-09,-1.75,2679450,2679450,1960,1349,1960,1349,DATA
2026-06-09,-0.75,13934570,13934570,4630,2993,4630,2993,BOA_MALI
2026-06-09,1.79,73113950,73113950,2850,26202,2850,26202,Sucrivoire
2026-06-09,-2.69,2081940,2081940,1630,1289,1630,1289,DATA
2026-06-09,-0.4,18935635,18935635,7550,2533,7550,2533,Saph
2026-06-09,-0.11,113574525,113574525,8890,12844,8890,12844,DATA
2026-06-09,2.29,105127235,105127235,8490,12539,8490,12539,DATA
2026-06-09,0.79,12841785,12841785,1905,6758,1905,6758,Uniwax
2026-06-09,-0.27,15544540,15544540,3700,4253,3700,4253,DATA
2026-06-09,-0.43,130581725,130581725,21900,5961,21900,5961,DATA
2026-06-09,-0.87,4286450,4286450,2275,1872,2275,1872,Filtisac
2026-06-09,-0.71,25158495,25158495,2805,8839,2805,8839,Total ci
2026-06-09,1.08,11020605,11020605,3740,2941,3740,2941,BOA_NIGER
2026-06-09,-1.34,16159895,16159895,2950,5520,2950,5520,Onatel bf
2026-06-09,-0.67,74642180,74642180,7400,10052,7400,10052,BOA_SN
2026-06-09,-0.28,223704595,223704595,28420,7867,28420,7867,DATA
2026-06-09,2.24,296200,296200,59300,5,59300,5,Unilever
2026-06-09,-0.31,15385360,15385360,15950,967,15950,967,Orange ci
2026-06-09,-1.23,14091155,14091155,1600,8787,1600,8787,DATA
2026-06-09,-0.43,130581725,130581725,21900,5961,21900,5961,Sitab_ci
2026-06-09,0.28,153398715,153398715,39060,3938,39060,3938,DATA
2026-06-09,0.28,153398715,153398715,39060,3938,39060,3938,SGB CI
2026-06-09,0.63,21435105,21435105,5590,3827,5590,3827,DATA
2026-06-09,0.0,27811125,27811125,19250,1445,19250,1445,DATA
2026-06-09,-0.75,13934570,13934570,4630,2993,4630,2993,DATA
2026-06-09,0.18,3341285,3341285,2845,1185,2845,1185,Erium ci
2026-06-09,2.56,14353985,14353985,12000,1204,12000,1204,SODE CI
2026-06-09,2.29,105127235,105127235,8490,12539,8490,12539,SOGB
2026-06-09,0.0,413130,413130,4490,92,4490,92,DATA
2026-06-09,0.81,28907430,28907430,5595,5173,5595,5173,DATA
2026-06-09,0.0,13709270,13709270,3835,3576,3835,3576,DATA
2026-06-09,5.45,17510120,17510120,14225,1238,14225,1238,DATA
2026-06-09,-1.48,19069975,19069975,2000,9550,2000,9550,AGL
2026-06-09,2.44,102712600,102712600,16800,6278,16800,6278,ECOBANK_CI
2026-06-09,-0.22,24847825,24847825,28900,860,28900,860,BICC
2026-06-09,-2.63,14761455,14761455,2775,5325,2775,5325,DATA
2026-06-09,0.81,28907430,28907430,5595,5173,5595,5173,BOA_BF
2026-06-09,0.52,97148490,97148490,8745,11185,8745,11185,DATA
2026-06-10,-1.01,2900430,2900430,3440,840,3440,840,DATA
2026-06-10,1.88,90700245,90700245,8670,10431,8670,10431,DATA
2026-06-10,7.36,7788030,7788030,1750,4468,1750,4468,DATA
2026-06-10,-1.18,1591800,1591800,4200,379,4200,379,DATA
2026-06-10,-0.6,16487395,16487395,16700,977,16700,977,DATA
2026-06-10,-1.01,2900430,2900430,3440,840,3440,840,Total senegal
2026-06-10,-1.3,47987365,47987365,19000,2514,19000,2514,DATA
2026-06-10,3.03,24930860,24930860,2890,8815,2890,8815,DATA
2026-06-10,1.75,19176980,19176980,2900,6647,2900,6647,Sucrivoire
2026-06-10,-0.96,116694865,116694865,8805,13171,8805,13171,DATA
2026-06-10,-0.02,30081740,30081740,21895,1374,21895,1374,DATA
2026-06-10,-0.47,36085680,36085680,8450,4435,8450,4435,DATA
2026-06-10,-0.68,72996050,72996050,7350,9896,7350,9896,DATA
2026-06-10,-0.6,143170390,143170390,28250,5058,28250,5058,Sonatel
2026-06-10,7.38,21315145,21315145,3130,6932,3130,6932,Servair
2026-06-10,-2.16,5988635,5988635,2715,2169,2715,2169,DATA
2026-06-10,-0.02,30081740,30081740,21895,1374,21895,1374,Sitab_ci
2026-06-10,-0.42,4521820,4521820,11950,377,11950,377,DATA
2026-06-10,5.66,34255915,34255915,16250,2132,16250,2132,DATA
2026-06-10,7.22,24269115,24269115,3340,7377,3340,7377,Setao
2026-06-10,-0.13,83551045,83551045,3735,22523,3735,22523,DATA
2026-06-10,7.36,7788030,7788030,1750,4468,1750,4468,Bernabe
2026-06-10,0.11,26943155,26943155,4635,5810,4635,5810,DATA
2026-06-10,2.33,1210105580,1210105580,5720,231666,5720,231666,DATA
2026-06-10,0.32,5342215,5342215,1580,3388,1580,3388,DATA
2026-06-10,0.0,12167085,12167085,2950,4153,2950,4153,Onatel bf
2026-06-10,0.47,10493650,10493650,21600,476,21600,476,DATA
2026-06-10,2.72,8338465,8338465,38010,214,38010,214,Solibra
2026-06-10,-1.56,13715705,13715705,1575,8848,1575,8848,SEMC
2026-06-10,-1.38,37140760,37140760,28500,1301,28500,1301,DATA
2026-06-10,2.33,1210105580,1210105580,5720,231666,5720,231666,BICB
2026-06-10,-0.63,5814295,5814295,3975,1441,3975,1441,DATA
2026-06-10,2.72,8338465,8338465,38010,214,38010,214,DATA
2026-06-10,-2.16,5988635,5988635,2715,2169,2715,2169,ORAGROUP_TOGO
2026-06-10,-1.98,42247870,42247870,4950,8510,4950,8510,DATA
2026-06-10,3.03,24930860,24930860,2890,8815,2890,8815,Total ci
2026-06-10,-1.66,23528465,23528465,8600,2705,8600,2705,DATA
2026-06-10,-0.67,265404725,265404725,38800,6805,38800,6805,SGB CI
2026-06-10,7.35,1181090,1181090,4820,262,4820,262,DATA
2026-06-10,-0.8,27403105,27403105,5550,4943,5550,4943,DATA
2026-06-10,1.75,19176980,19176980,2900,6647,2900,6647,DATA
2026-06-10,-0.6,143170390,143170390,28250,5058,28250,5058,DATA
2026-06-10,-0.47,36085680,36085680,8450,4435,8450,4435,SOGB
2026-06-10,0.66,6026715,6026715,2290,2636,2290,2636,DATA
2026-06-10,-0.31,46938230,46938230,15900,3048,15900,3048,Orange ci
2026-06-10,-1.18,1591800,1591800,4200,379,4200,379,Tractafric
2026-06-10,7.22,24269115,24269115,3340,7377,3340,7377,DATA
2026-06-10,-0.63,5814295,5814295,3975,1441,3975,1441,Sicable
2026-06-10,-0.68,72996050,72996050,7350,9896,7350,9896,BOA_SN
2026-06-10,-1.3,47987365,47987365,19000,2514,19000,2514,NSIA
2026-06-10,-0.8,27403105,27403105,5550,4943,5550,4943,BOA_BF
2026-06-10,6.85,29010425,29010425,15200,1987,15200,1987,DATA
2026-06-10,7.38,21315145,21315145,3130,6932,3130,6932,DATA
2026-06-10,-3.03,17180814,17180814,32,529090,32,529090,ETIT
2026-06-10,1.53,4383000,4383000,1990,2212,1990,2212,DATA
2026-06-10,-0.13,27575845,27575845,3830,7191,3830,7191,LNBB
2026-06-10,2.36,10818630,10818630,1950,5607,1950,5607,DATA
2026-06-10,-0.6,16487395,16487395,16700,977,16700,977,ECOBANK_CI
2026-06-10,-3.31,20096320,20096320,7300,2726,7300,2726,DATA
2026-06-10,7.35,1181090,1181090,4820,262,4820,262,Sicor_ci
2026-06-10,-0.96,6059130,6059130,2055,2916,2055,2916,DATA
2026-06-10,-1.98,42247870,42247870,4950,8510,4950,8510,CIE CI
2026-06-10,0.66,6026715,6026715,2290,2636,2290,2636,Filtisac
2026-06-10,0.0,89654385,89654385,3700,24069,3700,24069,SAFCA
2026-06-10,0.32,5342215,5342215,1580,3388,1580,3388,Cfao
2026-06-10,0.0,89654385,89654385,3700,24069,3700,24069,DATA
2026-06-10,-3.03,17180814,17180814,32,529090,32,529090,DATA
2026-06-10,-0.31,46938230,46938230,15900,3048,15900,3048,DATA
2026-06-10,0.06,35015165,35015165,8690,4038,8690,4038,Palm ci
2026-06-10,0.47,10493650,10493650,21600,476,21600,476,CORIS_BANK
2026-06-10,-0.13,27575845,27575845,3830,7191,3830,7191,DATA
2026-06-10,-0.42,4521820,4521820,11950,377,11950,377,SODE CI
2026-06-10,0.0,12167085,12167085,2950,4153,2950,4153,DATA
2026-06-10,1.88,90700245,90700245,8670,10431,8670,10431,SIBC
2026-06-10,-1.0,33203950,33203950,1980,16659,1980,16659,DATA
2026-06-10,5.66,34255915,34255915,16250,2132,16250,2132,SMBC
2026-06-10,-0.96,6059130,6059130,2055,2916,2055,2916,Vivo energy
2026-06-10,0.11,26943155,26943155,4635,5810,4635,5810,BOA_MALI
2026-06-10,-1.38,37140760,37140760,28500,1301,28500,1301,BICC
2026-06-10,-3.31,20096320,20096320,7300,2726,7300,2726,Saph
2026-06-10,1.53,4383000,4383000,1990,2212,1990,2212,NEI-CEDA
2026-06-10,-0.18,28020655,28020655,2840,10409,2840,10409,Erium ci
2026-06-10,-1.0,33203950,33203950,1980,16659,1980,16659,AGL
2026-06-10,-1.66,23528465,23528465,8600,2705,8600,2705,BOA_BENIN
2026-06-10,-0.13,83551045,83551045,3735,22523,3735,22523,BOA_NIGER
2026-06-10,0.06,35015165,35015165,8690,4038,8690,4038,DATA
2026-06-10,2.36,10818630,10818630,1950,5607,1950,5607,Uniwax
2026-06-10,-0.18,28020655,28020655,2840,10409,2840,10409,DATA
2026-06-10,-1.56,13715705,13715705,1575,8848,1575,8848,DATA
2026-06-10,0.08,1067470,1067470,59345,18,59345,18,Unilever
2026-06-10,6.85,29010425,29010425,15200,1987,15200,1987,Nestle
2026-06-10,0.08,1067470,1067470,59345,18,59345,18,DATA
2026-06-10,-0.67,265404725,265404725,38800,6805,38800,6805,DATA
2026-06-10,-0.96,116694865,116694865,8805,13171,8805,13171,BOA_CI
2026-06-11,1.27,12123125,12123125,1600,7616,1600,7616,DATA
2026-06-11,0.52,71930370,71930370,39000,1845,39000,1845,DATA
2026-06-11,2.74,25963910,25963910,7500,3547,7500,3547,DATA
2026-06-11,7.35,44652075,44652075,3360,13302,3360,13302,Servair
2026-06-11,3.13,20950879,20950879,33,658868,33,658868,ETIT
2026-06-11,-0.06,20801640,20801640,8685,2406,8685,2406,Palm ci
2026-06-11,-0.94,26339010,26339010,3700,7083,3700,7083,BOA_NIGER
2026-06-11,0.0,13012050,13012050,2950,4430,2950,4430,Onatel bf
2026-06-11,-0.18,7857940,7857940,28450,276,28450,276,BICC
2026-06-11,1.76,11124310,11124310,2025,5553,2025,5553,DATA
2026-06-11,1.29,30061745,30061745,38500,779,38500,779,DATA
2026-06-11,0.89,60580755,60580755,8525,7348,8525,7348,DATA
2026-06-11,6.03,35368305,35368305,3075,11727,3075,11727,Sucrivoire
2026-06-11,7.43,4688520,4688520,1880,2584,1880,2584,Bernabe
2026-06-11,2.63,38864660,38864660,19500,2008,19500,2008,DATA
2026-06-11,0.0,34183965,34183965,16250,2095,16250,2095,SMBC
2026-06-11,-0.94,26339010,26339010,3700,7083,3700,7083,DATA
2026-06-11,0.97,11117865,11117865,2075,5582,2075,5582,Vivo energy
2026-06-11,1.74,18828925,18828925,8750,2159,8750,2159,BOA_BENIN
2026-06-11,6.29,30643745,30643745,3550,8908,3550,8908,Setao
2026-06-11,-0.06,20801640,20801640,8685,2406,8685,2406,DATA
2026-06-11,0.0,34183965,34183965,16250,2095,16250,2095,DATA
2026-06-11,1.26,6258980,6258980,12100,522,12100,522,DATA
2026-06-11,0.82,24883320,24883320,15325,1660,15325,1660,Nestle
2026-06-11,1.76,11124310,11124310,2025,5553,2025,5553,NEI-CEDA
2026-06-11,-2.17,26041450,26041450,15555,1661,15555,1661,Orange ci
2026-06-11,-0.11,18070090,18070090,4630,3901,4630,3901,BOA_MALI
2026-06-11,0.0,19128410,19128410,5550,3449,5550,3449,BOA_BF
2026-06-11,-0.11,18070090,18070090,4630,3901,4630,3901,DATA
2026-06-11,0.82,24883320,24883320,15325,1660,15325,1660,DATA
2026-06-11,0.13,13177895,13177895,3835,3440,3835,3440,LNBB
2026-06-11,0.53,122737590,122737590,28400,4338,28400,4338,Sonatel
2026-06-11,-0.14,77203315,77203315,7340,10552,7340,10552,DATA
2026-06-11,0.0,1242410,1242410,4820,258,4820,258,Sicor_ci
2026-06-11,0.13,13177895,13177895,3835,3440,3835,3440,DATA
2026-06-11,0.0,81567745,81567745,3700,22045,3700,22045,DATA
2026-06-11,1.08,68379215,68379215,8900,7708,8900,7708,BOA_CI
2026-06-11,-3.06,18127850,18127850,2220,8198,2220,8198,Filtisac
2026-06-11,0.02,33925510,33925510,21900,1549,21900,1549,DATA
2026-06-11,1.03,8931515,8931515,1970,4571,1970,4571,Uniwax
2026-06-11,1.08,68379215,68379215,8900,7708,8900,7708,DATA
2026-06-11,2.39,10914010,10914010,2780,4000,2780,4000,DATA
2026-06-11,0.0,19128410,19128410,5550,3449,5550,3449,DATA
2026-06-11,-0.18,1944800,1944800,2835,691,2835,691,Erium ci
2026-06-11,0.95,7126945,7126945,1590,4508,1590,4508,SEMC
2026-06-11,-0.18,7857940,7857940,28450,276,28450,276,DATA
2026-06-11,0.63,7741015,7741015,4000,1923,4000,1923,DATA
2026-06-11,1.01,38753340,38753340,5000,7862,5000,7862,CIE CI
2026-06-11,0.51,19537440,19537440,1990,9855,1990,9855,AGL
2026-06-11,1.03,8931515,8931515,1970,4571,1970,4571,DATA
2026-06-11,1.29,30061745,30061745,38500,779,38500,779,Solibra
2026-06-11,2.2,28874035,28874035,22075,1306,22075,1306,DATA
2026-06-11,3.13,20950879,20950879,33,658868,33,658868,DATA
2026-06-11,2.63,38864660,38864660,19500,2008,19500,2008,NSIA
2026-06-11,-1.38,28425365,28425365,2850,9974,2850,9974,DATA
2026-06-11,6.29,30643745,30643745,3550,8908,3550,8908,DATA
2026-06-11,-1.19,2761655,2761655,4150,658,4150,658,Tractafric
2026-06-11,0.0,81567745,81567745,3700,22045,3700,22045,SAFCA
2026-06-11,2.2,28874035,28874035,22075,1306,22075,1306,CORIS_BANK
2026-06-11,-2.27,632025,632025,58000,11,58000,11,DATA
2026-06-11,1.5,87461815,87461815,8800,9985,8800,9985,DATA
2026-06-11,0.6,18011730,18011730,16800,1069,16800,1069,DATA
2026-06-11,-0.18,1944800,1944800,2835,691,2835,691,DATA
2026-06-11,-1.16,5554610,5554610,3400,1631,3400,1631,DATA
2026-06-11,0.89,60580755,60580755,8525,7348,8525,7348,SOGB
2026-06-11,2.74,25963910,25963910,7500,3547,7500,3547,Saph
2026-06-11,0.51,19537440,19537440,1990,9855,1990,9855,DATA
2026-06-11,7.43,4688520,4688520,1880,2584,1880,2584,DATA
2026-06-11,-1.16,5554610,5554610,3400,1631,3400,1631,Total senegal
2026-06-11,1.5,87461815,87461815,8800,9985,8800,9985,SIBC
2026-06-11,-1.19,2761655,2761655,4150,658,4150,658,DATA
2026-06-11,-3.76,49079390,49079390,5505,8819,5505,8819,DATA
2026-06-11,0.97,11117865,11117865,2075,5582,2075,5582,DATA
2026-06-11,0.02,33925510,33925510,21900,1549,21900,1549,Sitab_ci
2026-06-11,7.35,44652075,44652075,3360,13302,3360,13302,DATA
2026-06-11,1.74,18828925,18828925,8750,2159,8750,2159,DATA
2026-06-11,-2.27,632025,632025,58000,11,58000,11,Unilever
2026-06-11,-1.38,28425365,28425365,2850,9974,2850,9974,Total ci
2026-06-11,-3.76,49079390,49079390,5505,8819,5505,8819,BICB
2026-06-11,0.6,18011730,18011730,16800,1069,16800,1069,ECOBANK_CI
2026-06-11,1.27,12123125,12123125,1600,7616,1600,7616,Cfao
2026-06-11,1.01,38753340,38753340,5000,7862,5000,7862,DATA
2026-06-11,-2.17,26041450,26041450,15555,1661,15555,1661,DATA
2026-06-11,6.03,35368305,35368305,3075,11727,3075,11727,DATA
2026-06-11,0.0,13012050,13012050,2950,4430,2950,4430,DATA
2026-06-11,0.53,122737590,122737590,28400,4338,28400,4338,DATA
2026-06-11,-0.14,77203315,77203315,7340,10552,7340,10552,BOA_SN
2026-06-11,0.95,7126945,7126945,1590,4508,1590,4508,DATA
2026-06-11,0.52,71930370,71930370,39000,1845,39000,1845,SGB CI
2026-06-11,0.0,1242410,1242410,4820,258,4820,258,DATA
2026-06-11,0.63,7741015,7741015,4000,1923,4000,1923,Sicable
2026-06-11,1.26,6258980,6258980,12100,522,12100,522,SODE CI
2026-06-11,-3.06,18127850,18127850,2220,8198,2220,8198,DATA
2026-06-11,2.39,10914010,10914010,2780,4000,2780,4000,ORAGROUP_TOGO
2026-06-12,0.24,3963395,3963395,2080,1908,2080,1908,Vivo energy
2026-06-12,-0.35,13107725,13107725,8495,1551,8495,1551,SOGB
2026-06-12,0.74,6936555,6936555,3425,2019,3425,2019,Total senegal
2026-06-12,-0.01,218525935,218525935,38995,5604,38995,5604,SGB CI
2026-06-12,0.0,33266455,33266455,3550,9259,3550,9259,Setao
2026-06-12,0.0,9997925,9997925,16250,616,16250,616,SMBC
2026-06-12,0.0,956250,956250,58000,17,58000,17,Unilever
2026-06-12,0.23,80328300,80328300,8820,9109,8820,9109,SIBC
2026-06-12,2.47,36606515,36606515,7685,4855,7685,4855,Saph
2026-06-12,0.61,29438775,29438775,15650,1897,15650,1897,Orange ci
2026-06-12,0.7,5329765,5329765,2870,1859,2870,1859,Total ci
2026-06-12,-0.3,23943450,23943450,3350,6978,3350,6978,Servair
2026-06-12,-1.81,2777800,2777800,4075,670,4075,670,Tractafric
2026-06-12,1.3,9351765,9351765,39000,238,39000,238,Solibra
2026-06-12,-2.52,5834255,5834255,2710,2123,2710,2123,ORAGROUP_TOGO
2026-06-12,3.9,13730565,13730565,3195,4351,3195,4351,Sucrivoire
2026-06-12,0.0,155832765,155832765,28400,5490,28400,5490,Sonatel
2026-06-12,-0.5,63692655,63692655,1980,32057,1980,32057,AGL
2026-06-12,-1.26,18104605,18104605,1570,11482,1570,11482,SEMC
2026-06-12,0.0,294544220,294544220,21900,13423,21900,13423,Sitab_ci
2026-06-12,-7.05,156120,156120,4480,35,4480,35,Sicor_ci
2026-06-12,0.0,11820140,11820140,1970,5986,1970,5986,Uniwax
2026-06-12,0.0,4329910,4329910,4000,1078,4000,1078,Sicable
2026-06-12,0.0,141171485,141171485,3700,37997,3700,37997,SAFCA
2026-06-12,1.09,33757710,33757710,8780,3880,8780,3880,Palm ci
2026-06-12,0.79,4823680,4823680,12195,398,12195,398,SODE CI
2026-06-12,0.0,5587580,5587580,1880,2933,1880,2933,Bernabe
2026-06-12,-1.25,34089300,34089300,21800,1528,21800,1528,DATA
2026-06-12,0.79,4823680,4823680,12195,398,12195,398,DATA
2026-06-12,-1.25,34089300,34089300,21800,1528,21800,1528,CORIS_BANK
2026-06-12,0.0,9997925,9997925,16250,616,16250,616,DATA
2026-06-12,-0.5,63692655,63692655,1980,32057,1980,32057,DATA
2026-06-12,0.0,294544220,294544220,21900,13423,21900,13423,DATA
2026-06-12,-7.05,156120,156120,4480,35,4480,35,DATA
2026-06-12,-1.79,150239320,150239320,19150,7790,19150,7790,NSIA
2026-06-12,0.16,4844080,4844080,28495,170,28495,170,BICC
2026-06-12,0.64,20293155,20293155,5540,3666,5540,3666,BICB
2026-06-12,-0.35,13107725,13107725,8495,1551,8495,1551,DATA
2026-06-12,0.0,4329910,4329910,4000,1078,4000,1078,DATA
2026-06-12,0.23,80328300,80328300,8820,9109,8820,9109,DATA
2026-06-12,-0.01,218525935,218525935,38995,5604,38995,5604,DATA
2026-06-12,0.64,20293155,20293155,5540,3666,5540,3666,DATA
2026-06-12,0.16,4844080,4844080,28495,170,28495,170,DATA
2026-06-12,0.0,33266455,33266455,3550,9259,3550,9259,DATA
2026-06-12,-0.3,23943450,23943450,3350,6978,3350,6978,DATA
2026-06-12,-1.26,18104605,18104605,1570,11482,1570,11482,DATA
2026-06-12,0.34,62497735,62497735,8780,7122,8780,7122,DATA
2026-06-12,2.47,36606515,36606515,7685,4855,7685,4855,DATA
2026-06-12,0.0,5587580,5587580,1880,2933,1880,2933,DATA
2026-06-12,0.63,49606935,49606935,5585,8937,5585,8937,DATA
2026-06-12,-0.1,33479090,33479090,4995,6701,4995,6701,CIE CI
2026-06-12,0.0,155832765,155832765,28400,5490,28400,5490,DATA
2026-06-12,0.0,5156850,5156850,3835,1344,3835,1344,LNBB
2026-06-12,0.45,13183705,13183705,2230,5948,2230,5948,Filtisac
2026-06-12,0.34,62497735,62497735,8780,7122,8780,7122,BOA_BENIN
2026-06-12,-3.03,13441972,13441972,32,411535,32,411535,ETIT
2026-06-12,0.63,49606935,49606935,5585,8937,5585,8937,BOA_BF
2026-06-12,-0.18,7441585,7441585,2830,2645,2830,2645,Erium ci
2026-06-12,0.56,92224925,92224925,8950,10358,8950,10358,BOA_CI
2026-06-12,-0.03,7358335,7358335,16795,438,16795,438,ECOBANK_CI
2026-06-12,0.24,3963395,3963395,2080,1908,2080,1908,DATA
2026-06-12,1.3,9351765,9351765,39000,238,39000,238,DATA
2026-06-12,0.0,11820140,11820140,1970,5986,1970,5986,DATA
2026-06-12,0.0,956250,956250,58000,17,58000,17,DATA
2026-06-12,0.0,22341870,22341870,3700,6030,3700,6030,BOA_NIGER
2026-06-12,-1.81,2777800,2777800,4075,670,4075,670,DATA
2026-06-12,-2.12,29792920,29792920,15000,1981,15000,1981,Nestle
2026-06-12,0.74,6936555,6936555,3425,2019,3425,2019,DATA
2026-06-12,0.7,5329765,5329765,2870,1859,2870,1859,DATA
2026-06-12,-0.2,143045460,143045460,7325,19592,7325,19592,BOA_SN
2026-06-12,3.9,13730565,13730565,3195,4351,3195,4351,DATA
2026-06-12,0.0,5738495,5738495,1600,3584,1600,3584,Cfao
2026-06-12,0.0,21966480,21966480,4630,4744,4630,4744,BOA_MALI
2026-06-12,0.0,141171485,141171485,3700,37997,3700,37997,DATA
2026-06-12,4.44,8132680,8132680,2115,3956,2115,3956,NEI-CEDA
2026-06-12,-0.18,7441585,7441585,2830,2645,2830,2645,DATA
2026-06-12,-1.79,150239320,150239320,19150,7790,19150,7790,DATA
2026-06-12,0.56,92224925,92224925,8950,10358,8950,10358,DATA
2026-06-12,0.45,13183705,13183705,2230,5948,2230,5948,DATA
2026-06-12,-3.03,13441972,13441972,32,411535,32,411535,DATA
2026-06-12,-4.58,5146360,5146360,2815,1813,2815,1813,Onatel bf
2026-06-12,-0.1,33479090,33479090,4995,6701,4995,6701,DATA
2026-06-12,0.0,5738495,5738495,1600,3584,1600,3584,DATA
2026-06-12,0.0,5156850,5156850,3835,1344,3835,1344,DATA
2026-06-12,0.61,29438775,29438775,15650,1897,15650,1897,DATA
2026-06-12,-0.03,7358335,7358335,16795,438,16795,438,DATA
2026-06-12,4.44,8132680,8132680,2115,3956,2115,3956,DATA
2026-06-12,0.0,21966480,21966480,4630,4744,4630,4744,DATA
2026-06-12,1.09,33757710,33757710,8780,3880,8780,3880,DATA
2026-06-12,-0.2,143045460,143045460,7325,19592,7325,19592,DATA
2026-06-12,-4.58,5146360,5146360,2815,1813,2815,1813,DATA
2026-06-12,0.0,22341870,22341870,3700,6030,3700,6030,DATA
2026-06-12,-2.12,29792920,29792920,15000,1981,15000,1981,DATA
2026-06-12,-2.52,5834255,5834255,2710,2123,2710,2123,DATA
2026-06-15,-4.14,1230125,1230125,55600,22,55600,22,DATA
2026-06-15,0.14,21777515,21777515,3705,5867,3705,5867,BOA_NIGER
2026-06-15,0.0,488320,488320,4480,109,4480,109,Sicor_ci
2026-06-15,0.63,7146215,7146215,1610,4455,1610,4455,DATA
2026-06-15,-1.19,2343770,2343770,12050,194,12050,194,SODE CI
2026-06-15,0.61,1142120,1142120,4100,279,4100,279,DATA
2026-06-15,-4.14,1230125,1230125,55600,22,55600,22,Unilever
2026-06-15,0.39,14385050,14385050,3850,3759,3850,3759,DATA
2026-06-15,-2.19,9749615,9749615,3350,2872,3350,2872,DATA
2026-06-15,0.0,6717365,6717365,2870,2350,2870,2350,DATA
2026-06-15,-0.55,47392410,47392410,7285,6490,7285,6490,BOA_SN
2026-06-15,0.64,5762005,5762005,1580,3675,1580,3675,SEMC
2026-06-15,-0.55,47392410,47392410,7285,6490,7285,6490,DATA
2026-06-15,-1.11,45719945,45719945,7600,6301,7600,6301,Saph
2026-06-15,-0.67,11183205,11183205,2215,5040,2215,5040,DATA
2026-06-15,0.0,4139445,4139445,2080,1990,2080,1990,DATA
2026-06-15,0.51,12034450,12034450,1980,6086,1980,6086,DATA
2026-06-15,5.44,8695380,8695380,2230,3898,2230,3898,NEI-CEDA
2026-06-15,0.0,4139445,4139445,2080,1990,2080,1990,Vivo energy
2026-06-15,0.96,11133410,11133410,15800,707,15800,707,Orange ci
2026-06-15,-0.15,62359790,62359790,16770,3712,16770,3712,DATA
2026-06-15,0.39,14385050,14385050,3850,3759,3850,3759,LNBB
2026-06-15,-0.67,11183205,11183205,2215,5040,2215,5040,Filtisac
2026-06-15,-0.34,12216395,12216395,8750,1392,8750,1392,BOA_BENIN
2026-06-15,-0.12,26597310,26597310,8485,3173,8485,3173,SOGB
2026-06-15,-1.06,26071980,26071980,2800,9571,2800,9571,DATA
2026-06-15,-2.7,53795565,53795565,4505,12011,4505,12011,BOA_MALI
2026-06-15,0.0,9743557,9743557,32,300778,32,300778,ETIT
2026-06-15,-3.31,33042190,33042190,5400,6075,5400,6075,BOA_BF
2026-06-15,-0.26,8725620,8725620,38900,224,38900,224,Solibra
2026-06-15,-1.06,26071980,26071980,2800,9571,2800,9571,Erium ci
2026-06-15,-0.39,29228710,29228710,8915,3258,8915,3258,BOA_CI
2026-06-15,0.0,9743557,9743557,32,300778,32,300778,DATA
2026-06-15,-0.15,62359790,62359790,16770,3712,16770,3712,ECOBANK_CI
2026-06-15,0.51,12034450,12034450,1980,6086,1980,6086,Uniwax
2026-06-15,0.0,43277840,43277840,3700,11696,3700,11696,SAFCA
2026-06-15,0.0,22044310,22044310,4995,4417,4995,4417,DATA
2026-06-15,-0.06,21169865,21169865,8775,2427,8775,2427,Palm ci
2026-06-15,-1.41,18890115,18890115,3150,6092,3150,6092,DATA
2026-06-15,-0.26,8725620,8725620,38900,224,38900,224,DATA
2026-06-15,5.44,8695380,8695380,2230,3898,2230,3898,DATA
2026-06-15,0.0,9830855,9830855,1880,5230,1880,5230,DATA
2026-06-15,0.46,22790605,22790605,22000,1036,22000,1036,Sitab_ci
2026-06-15,0.18,11445370,11445370,2715,4232,2715,4232,DATA
2026-06-15,-0.23,42654055,42654055,8800,4834,8800,4834,DATA
2026-06-15,-0.24,270092895,270092895,38900,6909,38900,6909,DATA
2026-06-15,1.08,46448060,46448060,5600,8276,5600,8276,DATA
2026-06-15,-0.23,42654055,42654055,8800,4834,8800,4834,SIBC
2026-06-15,-0.7,13203045,13203045,28295,465,28295,465,DATA
2026-06-15,-0.39,29228710,29228710,8915,3258,8915,3258,DATA
2026-06-15,0.13,2867270,2867270,4005,717,4005,717,DATA
2026-06-15,0.0,6717365,6717365,2870,2350,2870,2350,Total ci
2026-06-15,-1.41,37138515,37138515,3500,10750,3500,10750,DATA
2026-06-15,4.48,36963560,36963560,3500,10632,3500,10632,DATA
2026-06-15,0.13,2867270,2867270,4005,717,4005,717,Sicable
2026-06-15,-0.06,21169865,21169865,8775,2427,8775,2427,DATA
2026-06-15,0.64,5762005,5762005,1580,3675,1580,3675,DATA
2026-06-15,-0.34,12216395,12216395,8750,1392,8750,1392,DATA
2026-06-15,-1.41,18890115,18890115,3150,6092,3150,6092,Sucrivoire
2026-06-15,-1.11,45719945,45719945,7600,6301,7600,6301,DATA
2026-06-15,-3.31,33042190,33042190,5400,6075,5400,6075,DATA
2026-06-15,0.96,11133410,11133410,15800,707,15800,707,DATA
2026-06-15,-2.7,53795565,53795565,4505,12011,4505,12011,DATA
2026-06-15,-0.24,270092895,270092895,38900,6909,38900,6909,SGB CI
2026-06-15,0.0,488320,488320,4480,109,4480,109,DATA
2026-06-15,0.0,563852915,563852915,28400,19827,28400,19827,DATA
2026-06-15,1.0,11384525,11384525,15150,752,15150,752,DATA
2026-06-15,0.0,43277840,43277840,3700,11696,3700,11696,DATA
2026-06-15,7.32,44736195,44736195,2125,21161,2125,21161,AGL
2026-06-15,0.0,22044310,22044310,4995,4417,4995,4417,CIE CI
2026-06-15,0.61,1142120,1142120,4100,279,4100,279,Tractafric
2026-06-15,4.48,36963560,36963560,3500,10632,3500,10632,Servair
2026-06-15,0.0,8708510,8708510,16250,531,16250,531,SMBC
2026-06-15,-0.12,26597310,26597310,8485,3173,8485,3173,DATA
2026-06-15,0.0,563852915,563852915,28400,19827,28400,19827,Sonatel
2026-06-15,-1.19,2343770,2343770,12050,194,12050,194,DATA
2026-06-15,1.31,35130190,35130190,22085,1579,22085,1579,CORIS_BANK
2026-06-15,-0.16,29124090,29124090,19120,1526,19120,1526,DATA
2026-06-15,-1.41,37138515,37138515,3500,10750,3500,10750,Setao
2026-06-15,0.0,8708510,8708510,16250,531,16250,531,DATA
2026-06-15,7.32,44736195,44736195,2125,21161,2125,21161,DATA
2026-06-15,0.0,9830855,9830855,1880,5230,1880,5230,Bernabe
2026-06-15,0.14,21777515,21777515,3705,5867,3705,5867,DATA
2026-06-15,0.46,22790605,22790605,22000,1036,22000,1036,DATA
2026-06-15,1.31,35130190,35130190,22085,1579,22085,1579,DATA
2026-06-15,1.24,7894865,7894865,2850,2857,2850,2857,DATA
2026-06-15,0.63,7146215,7146215,1610,4455,1610,4455,Cfao
2026-06-15,-2.19,9749615,9749615,3350,2872,3350,2872,Total senegal
2026-06-15,1.24,7894865,7894865,2850,2857,2850,2857,Onatel bf
2026-06-15,1.0,11384525,11384525,15150,752,15150,752,Nestle
2026-06-15,-0.16,29124090,29124090,19120,1526,19120,1526,NSIA
2026-06-15,0.18,11445370,11445370,2715,4232,2715,4232,ORAGROUP_TOGO
2026-06-15,1.08,46448060,46448060,5600,8276,5600,8276,BICB
2026-06-15,-0.7,13203045,13203045,28295,465,28295,465,BICC
2026-06-16,-0.14,10871495,10871495,3495,3111,3495,3111,DATA
2026-06-16,-0.69,210341135,210341135,28205,7434,28205,7434,DATA
2026-06-16,-0.18,6371230,6371230,2795,2314,2795,2314,DATA
2026-06-16,2.0,8022920,8022920,3570,2254,3570,2254,DATA
2026-06-16,2.17,6477620,6477620,1645,4017,1645,4017,Cfao
2026-06-16,0.63,8100980,8100980,1590,5270,1590,5270,SEMC
2026-06-16,-0.37,18743735,18743735,12005,1559,12005,1559,SODE CI
2026-06-16,3.13,6037195,6037195,33,184865,33,184865,ETIT
2026-06-16,-2.44,25713810,25713810,2800,9162,2800,9162,Total ci
2026-06-16,0.5,4728545,4728545,4025,1167,4025,1167,Sicable
2026-06-16,-1.85,27940595,27940595,5300,5240,5300,5240,BOA_BF
2026-06-16,0.63,8100980,8100980,1590,5270,1590,5270,DATA
2026-06-16,-0.57,60889085,60889085,8700,6970,8700,6970,BOA_BENIN
2026-06-16,-1.59,49222895,49222895,3100,16148,3100,16148,DATA
2026-06-16,2.17,6477620,6477620,1645,4017,1645,4017,DATA
2026-06-16,-0.57,60889085,60889085,8700,6970,8700,6970,DATA
2026-06-16,-0.13,3560540,3560540,7590,474,7590,474,DATA
2026-06-16,1.3,56793240,56793240,3900,14755,3900,14755,LNBB
2026-06-16,0.36,446300,446300,55800,8,55800,8,Unilever
2026-06-16,0.55,8805415,8805415,2730,3232,2730,3232,DATA
2026-06-16,0.62,68132000,68132000,8970,7589,8970,7589,DATA
2026-06-16,1.34,4977855,4977855,3395,1490,3395,1490,DATA
2026-06-16,0.32,52502315,52502315,15850,3321,15850,3321,DATA
2026-06-16,0.0,35821175,35821175,8775,4303,8775,4303,DATA
2026-06-16,-2.44,25713810,25713810,2800,9162,2800,9162,DATA
2026-06-16,-1.59,49222895,49222895,3100,16148,3100,16148,Sucrivoire
2026-06-16,-0.45,147180,147180,4460,33,4460,33,Sicor_ci
2026-06-16,-0.51,10372540,10372540,1970,5252,1970,5252,DATA
2026-06-16,-1.13,11249865,11249865,2190,5118,2190,5118,Filtisac
2026-06-16,6.62,19170090,19170090,3945,4922,3945,4922,DATA
2026-06-16,-1.85,27940595,27940595,5300,5240,5300,5240,DATA
2026-06-16,0.0,33108945,33108945,7285,4543,7285,4543,BOA_SN
2026-06-16,-1.61,109319620,109319620,16500,6616,16500,6616,DATA
2026-06-16,-1.93,23604105,23604105,27750,840,27750,840,DATA
2026-06-16,-0.26,105137895,105137895,38800,2704,38800,2704,SGB CI
2026-06-16,0.12,1933915,1933915,4105,469,4105,469,DATA
2026-06-16,2.0,8022920,8022920,3570,2254,3570,2254,Servair
2026-06-16,-0.45,147180,147180,4460,33,4460,33,DATA
2026-06-16,-0.24,33592895,33592895,19075,1760,19075,1760,NSIA
2026-06-16,-1.06,17794205,17794205,8395,2132,8395,2132,DATA
2026-06-16,0.62,68132000,68132000,8970,7589,8970,7589,BOA_CI
2026-06-16,0.43,122906160,122906160,22095,5587,22095,5587,DATA
2026-06-16,0.26,3094420,3094420,39000,80,39000,80,Solibra
2026-06-16,-1.61,109319620,109319620,16500,6616,16500,6616,ECOBANK_CI
2026-06-16,7.29,29726640,29726640,2280,13038,2280,13038,DATA
2026-06-16,-1.54,4948455,4948455,16000,304,16000,304,DATA
2026-06-16,-0.14,10871495,10871495,3495,3111,3495,3111,Setao
2026-06-16,0.0,56174820,56174820,4995,11408,4995,11408,DATA
2026-06-16,3.13,6037195,6037195,33,184865,33,184865,DATA
2026-06-16,-0.51,10372540,10372540,1970,5252,1970,5252,Uniwax
2026-06-16,-0.37,18743735,18743735,12005,1559,12005,1559,DATA
2026-06-16,0.26,3094420,3094420,39000,80,39000,80,DATA
2026-06-16,1.34,4977855,4977855,3395,1490,3395,1490,Total senegal
2026-06-16,0.0,39833250,39833250,5600,7109,5600,7109,BICB
2026-06-16,-1.13,11249865,11249865,2190,5118,2190,5118,DATA
2026-06-16,-1.92,9415570,9415570,2040,4606,2040,4606,DATA
2026-06-16,6.62,19170090,19170090,3945,4922,3945,4922,SAFCA
2026-06-16,0.0,35821175,35821175,8775,4303,8775,4303,Palm ci
2026-06-16,-1.58,4204155,4204155,2805,1476,2805,1476,Onatel bf
2026-06-16,-0.26,105137895,105137895,38800,2704,38800,2704,DATA
2026-06-16,0.12,1933915,1933915,4105,469,4105,469,Tractafric
2026-06-16,0.0,39833250,39833250,5600,7109,5600,7109,DATA
2026-06-16,-1.7,63300710,63300710,8650,7217,8650,7217,DATA
2026-06-16,0.55,8805415,8805415,2730,3232,2730,3232,ORAGROUP_TOGO
2026-06-16,1.06,12405505,12405505,1900,6418,1900,6418,DATA
2026-06-16,0.0,56174820,56174820,4995,11408,4995,11408,CIE CI
2026-06-16,-0.18,6371230,6371230,2795,2314,2795,2314,Erium ci
2026-06-16,0.5,4728545,4728545,4025,1167,4025,1167,DATA
2026-06-16,7.29,29726640,29726640,2280,13038,2280,13038,AGL
2026-06-16,-1.7,63300710,63300710,8650,7217,8650,7217,SIBC
2026-06-16,-0.38,47286270,47286270,22000,2137,22000,2137,CORIS_BANK
2026-06-16,-1.98,31801125,31801125,14850,2121,14850,2121,DATA
2026-06-16,0.32,52502315,52502315,15850,3321,15850,3321,Orange ci
2026-06-16,5.16,5028490,5028490,2345,2212,2345,2212,DATA
2026-06-16,0.43,122906160,122906160,22095,5587,22095,5587,Sitab_ci
2026-06-16,-1.06,17794205,17794205,8395,2132,8395,2132,SOGB
2026-06-16,1.06,12405505,12405505,1900,6418,1900,6418,Bernabe
2026-06-16,-1.58,4204155,4204155,2805,1476,2805,1476,DATA
2026-06-16,-0.69,210341135,210341135,28205,7434,28205,7434,Sonatel
2026-06-16,-1.92,9415570,9415570,2040,4606,2040,4606,Vivo energy
2026-06-16,0.0,33108945,33108945,7285,4543,7285,4543,DATA
2026-06-16,-1.55,37288155,37288155,4435,8367,4435,8367,DATA
2026-06-16,5.16,5028490,5028490,2345,2212,2345,2212,NEI-CEDA
2026-06-16,-0.24,33592895,33592895,19075,1760,19075,1760,DATA
2026-06-16,-1.93,23604105,23604105,27750,840,27750,840,BICC
2026-06-16,-1.98,31801125,31801125,14850,2121,14850,2121,Nestle
2026-06-16,-0.38,47286270,47286270,22000,2137,22000,2137,DATA
2026-06-16,0.0,29305095,29305095,3705,7893,3705,7893,DATA
2026-06-16,0.0,29305095,29305095,3705,7893,3705,7893,BOA_NIGER
2026-06-16,0.36,446300,446300,55800,8,55800,8,DATA
2026-06-16,-1.55,37288155,37288155,4435,8367,4435,8367,BOA_MALI
2026-06-16,1.3,56793240,56793240,3900,14755,3900,14755,DATA
2026-06-16,-0.13,3560540,3560540,7590,474,7590,474,Saph
2026-06-16,-1.54,4948455,4948455,16000,304,16000,304,SMBC
2026-06-17,0.34,48228825,48228825,4450,10860,4450,10860,DATA
2026-06-17,-2.1,10981450,10981450,3495,3096,3495,3096,DATA
2026-06-17,-0.66,36569175,36569175,18950,1925,18950,1925,DATA
2026-06-17,7.43,18409995,18409995,4410,4298,4410,4298,Tractafric
2026-06-17,0.0,9694720,9694720,2795,3492,2795,3492,DATA
2026-06-17,1.48,48920225,48920225,3760,13176,3760,13176,DATA
2026-06-17,-0.87,11035710,11035710,11900,922,11900,922,SODE CI
2026-06-17,0.0,68006500,68006500,39000,1748,39000,1748,Solibra
2026-06-17,7.29,4412410,4412410,1765,2533,1765,2533,Cfao
2026-06-17,-3.03,22447186,22447186,32,685244,32,685244,ETIT
2026-06-17,1.91,7150065,7150065,3460,2069,3460,2069,Total senegal
2026-06-17,-3.03,20883805,20883805,15515,1335,15515,1335,SMBC
2026-06-17,-2.1,10981450,10981450,3495,3096,3495,3096,Servair
2026-06-17,0.0,129340,129340,4460,29,4460,29,DATA
2026-06-17,-0.25,2391175,2391175,4015,596,4015,596,Sicable
2026-06-17,-1.35,13417050,13417050,14650,913,14650,913,DATA
2026-06-17,-1.37,34071975,34071975,8280,4138,8280,4138,SOGB
2026-06-17,7.29,4412410,4412410,1765,2533,1765,2533,DATA
2026-06-17,1.79,37043820,37043820,2850,12519,2850,12519,Total ci
2026-06-17,0.36,503200,503200,56000,9,56000,9,DATA
2026-06-17,0.52,370664930,370664930,39000,9510,39000,9510,SGB CI
2026-06-17,1.25,9368115,9368115,2840,3323,2840,3323,Onatel bf
2026-06-17,-1.47,11866770,11866770,2690,4400,2690,4400,ORAGROUP_TOGO
2026-06-17,3.66,176287930,176287930,5805,30164,5805,30164,DATA
2026-06-17,-0.13,23436480,23436480,3940,5964,3940,5964,SAFCA
2026-06-17,0.52,370664930,370664930,39000,9510,39000,9510,DATA
2026-06-17,3.16,5156480,5156480,1960,2621,1960,2621,DATA
2026-06-17,2.21,2091375,2091375,2085,1011,2085,1011,Vivo energy
2026-06-17,-1.71,9111855,9111855,8625,1051,8625,1051,Palm ci
2026-06-17,0.0,68006500,68006500,39000,1748,39000,1748,DATA
2026-06-17,2.21,2091375,2091375,2085,1011,2085,1011,DATA
2026-06-17,-4.8,53659690,53659690,4755,11099,4755,11099,CIE CI
2026-06-17,-0.68,12211160,12211160,2175,5592,2175,5592,DATA
2026-06-17,-0.02,433934665,433934665,28200,15431,28200,15431,Sonatel
2026-06-17,1.82,14017450,14017450,22400,634,22400,634,DATA
2026-06-17,-0.25,2391175,2391175,4015,596,4015,596,DATA
2026-06-17,0.0,278606010,278606010,8650,32068,8650,32068,SIBC
2026-06-17,3.16,5156480,5156480,1960,2621,1960,2621,Bernabe
2026-06-17,0.0,9694720,9694720,2795,3492,2795,3492,Erium ci
2026-06-17,1.62,12252625,12252625,28200,439,28200,439,DATA
2026-06-17,0.89,273804110,273804110,7350,37276,7350,37276,DATA
2026-06-17,-0.61,40184710,40184710,16400,2443,16400,2443,DATA
2026-06-17,-4.4,5425215,5425215,1520,3547,1520,3547,DATA
2026-06-17,1.51,19442910,19442910,5380,3649,5380,3649,BOA_BF
2026-06-17,-1.35,13417050,13417050,14650,913,14650,913,Nestle
2026-06-17,0.14,48996425,48996425,3500,14171,3500,14171,DATA
2026-06-17,-0.02,433934665,433934665,28200,15431,28200,15431,DATA
2026-06-17,2.18,9096850,9096850,3985,2264,3985,2264,DATA
2026-06-17,-3.55,32600915,32600915,2990,10864,2990,10864,DATA
2026-06-17,-0.66,36569175,36569175,18950,1925,18950,1925,NSIA
2026-06-17,-0.28,17115810,17115810,15805,1081,15805,1081,Orange ci
2026-06-17,-1.27,12162480,12162480,1945,6212,1945,6212,DATA
2026-06-17,2.3,149182400,149182400,8900,16978,8900,16978,BOA_BENIN
2026-06-17,1.32,75273960,75273960,2310,32581,2310,32581,AGL
2026-06-17,0.0,129340,129340,4460,29,4460,29,Sicor_ci
2026-06-17,1.79,37043820,37043820,2850,12519,2850,12519,DATA
2026-06-17,1.62,12252625,12252625,28200,439,28200,439,BICC
2026-06-17,-3.55,32600915,32600915,2990,10864,2990,10864,Sucrivoire
2026-06-17,-4.8,53659690,53659690,4755,11099,4755,11099,DATA
2026-06-17,0.0,9784115,9784115,7590,1294,7590,1294,Saph
2026-06-17,-1.71,9111855,9111855,8625,1051,8625,1051,DATA
2026-06-17,-3.03,20883805,20883805,15515,1335,15515,1335,DATA
2026-06-17,1.91,7150065,7150065,3460,2069,3460,2069,DATA
2026-06-17,-0.28,17115810,17115810,15805,1081,15805,1081,DATA
2026-06-17,1.71,4733225,4733225,2385,1998,2385,1998,NEI-CEDA
2026-06-17,0.14,48996425,48996425,3500,14171,3500,14171,Setao
2026-06-17,0.36,503200,503200,56000,9,56000,9,Unilever
2026-06-17,1.34,85257170,85257170,9090,9473,9090,9473,DATA
2026-06-17,1.83,84718730,84718730,22500,3769,22500,3769,Sitab_ci
2026-06-17,-3.03,22447186,22447186,32,685244,32,685244,DATA
2026-06-17,2.18,9096850,9096850,3985,2264,3985,2264,LNBB
2026-06-17,-1.27,12162480,12162480,1945,6212,1945,6212,Uniwax
2026-06-17,-1.47,11866770,11866770,2690,4400,2690,4400,DATA
2026-06-17,1.82,14017450,14017450,22400,634,22400,634,CORIS_BANK
2026-06-17,7.43,18409995,18409995,4410,4298,4410,4298,DATA
2026-06-17,1.32,75273960,75273960,2310,32581,2310,32581,DATA
2026-06-17,-0.87,11035710,11035710,11900,922,11900,922,DATA
2026-06-17,0.0,278606010,278606010,8650,32068,8650,32068,DATA
2026-06-17,1.71,4733225,4733225,2385,1998,2385,1998,DATA
2026-06-17,1.34,85257170,85257170,9090,9473,9090,9473,BOA_CI
2026-06-17,1.25,9368115,9368115,2840,3323,2840,3323,DATA
2026-06-17,1.48,48920225,48920225,3760,13176,3760,13176,BOA_NIGER
2026-06-17,1.51,19442910,19442910,5380,3649,5380,3649,DATA
2026-06-17,3.66,176287930,176287930,5805,30164,5805,30164,BICB
2026-06-17,0.0,9784115,9784115,7590,1294,7590,1294,DATA
2026-06-17,1.83,84718730,84718730,22500,3769,22500,3769,DATA
2026-06-17,0.89,273804110,273804110,7350,37276,7350,37276,BOA_SN
2026-06-17,0.34,48228825,48228825,4450,10860,4450,10860,BOA_MALI
2026-06-17,-4.4,5425215,5425215,1520,3547,1520,3547,SEMC
2026-06-17,2.3,149182400,149182400,8900,16978,8900,16978,DATA
2026-06-17,-0.13,23436480,23436480,3940,5964,3940,5964,DATA
2026-06-17,-1.37,34071975,34071975,8280,4138,8280,4138,DATA
2026-06-17,-0.61,40184710,40184710,16400,2443,16400,2443,ECOBANK_CI
2026-06-17,-0.68,12211160,12211160,2175,5592,2175,5592,Filtisac
2026-06-18,0.0,19867435,19867435,22400,879,22400,879,DATA
2026-06-18,0.24,63886585,63886585,8300,7866,8300,7866,SOGB
2026-06-18,-0.37,8393220,8393220,2680,3130,2680,3130,ORAGROUP_TOGO
2026-06-18,2.81,23768350,23768350,2015,12000,2015,12000,DATA
2026-06-18,-0.39,81349935,81349935,9055,8989,9055,8989,BOA_CI
2026-06-18,0.0,19867435,19867435,22400,879,22400,879,CORIS_BANK
2026-06-18,1.79,1127020,1127020,57000,20,57000,20,DATA
2026-06-18,0.24,63886585,63886585,8300,7866,8300,7866,DATA
2026-06-18,3.04,15765850,15765850,15095,1055,15095,1055,Nestle
2026-06-18,0.26,6539795,6539795,1950,3346,1950,3346,Uniwax
2026-06-18,5.05,57128665,57128665,4995,11545,4995,11545,CIE CI
2026-06-18,3.04,15765850,15765850,15095,1055,15095,1055,DATA
2026-06-18,0.0,294360,294360,4460,66,4460,66,DATA
2026-06-18,0.61,64087510,64087510,16500,3884,16500,3884,ECOBANK_CI
2026-06-18,-0.22,41633820,41633820,22450,1858,22450,1858,DATA
2026-06-18,-1.57,7627165,7627165,3440,2210,3440,2210,Servair
2026-06-18,-1.46,22107210,22107210,3705,5930,3705,5930,BOA_NIGER
2026-06-18,0.0,75802225,75802225,39000,1944,39000,1944,SGB CI
2026-06-18,0.0,52372835,52372835,2310,22556,2310,22556,DATA
2026-06-18,7.48,9280965,9280965,4740,1991,4740,1991,Tractafric
2026-06-18,2.81,23768350,23768350,2015,12000,2015,12000,Bernabe
2026-06-18,0.0,14811850,14811850,39000,380,39000,380,Solibra
2026-06-18,2.16,9093945,9093945,15850,578,15850,578,SMBC
2026-06-18,0.0,10685770,10685770,3500,3064,3500,3064,Setao
2026-06-18,-3.56,10838960,10838960,2300,4708,2300,4708,DATA
2026-06-18,0.47,20844690,20844690,19040,1098,19040,1098,NSIA
2026-06-18,0.0,9501725,9501725,2795,3406,2795,3406,Erium ci
2026-06-18,1.01,4060810,4060810,3495,1176,3495,1176,Total senegal
2026-06-18,0.0,52372835,52372835,2310,22556,2310,22556,AGL
2026-06-18,2.16,9093945,9093945,15850,578,15850,578,DATA
2026-06-18,-2.86,7692525,7692525,3900,1938,3900,1938,DATA
2026-06-18,-3.56,10838960,10838960,2300,4708,2300,4708,NEI-CEDA
2026-06-18,5.05,57128665,57128665,4995,11545,4995,11545,DATA
2026-06-18,0.76,8925105,8925105,11990,758,11990,758,DATA
2026-06-18,0.87,5348990,5348990,28445,189,28445,189,DATA
2026-06-18,0.76,8925105,8925105,11990,758,11990,758,SODE CI
2026-06-18,1.79,1127020,1127020,57000,20,57000,20,Unilever
2026-06-18,0.0,9501725,9501725,2795,3406,2795,3406,DATA
2026-06-18,0.6,10758800,10758800,15900,679,15900,679,DATA
2026-06-18,6.25,42107472,42107472,34,1284180,34,1284180,DATA
2026-06-18,-2.86,7692525,7692525,3900,1938,3900,1938,Sicable
2026-06-18,-0.2,11825855,11825855,7575,1563,7575,1563,Saph
2026-06-18,0.33,72137230,72137230,3000,24943,3000,24943,DATA
2026-06-18,0.51,29351040,29351040,8945,3290,8945,3290,DATA
2026-06-18,0.0,228220180,228220180,8650,26184,8650,26184,DATA
2026-06-18,2.63,4812205,4812205,1560,3060,1560,3060,DATA
2026-06-18,1.01,4060810,4060810,3495,1176,3495,1176,DATA
2026-06-18,2.89,16900265,16900265,4100,4195,4100,4195,DATA
2026-06-18,-3.17,6293760,6293760,2750,2282,2750,2282,DATA
2026-06-18,-0.2,11825855,11825855,7575,1563,7575,1563,DATA
2026-06-18,2.63,4812205,4812205,1560,3060,1560,3060,SEMC
2026-06-18,0.29,7174030,7174030,8650,825,8650,825,DATA
2026-06-18,0.28,11880930,11880930,5395,2204,5395,2204,DATA
2026-06-18,0.78,131694830,131694830,5850,22286,5850,22286,BICB
2026-06-18,1.24,29383415,29383415,4505,6559,4505,6559,BOA_MALI
2026-06-18,0.68,126362580,126362580,7400,17075,7400,17075,BOA_SN
2026-06-18,-3.45,28194725,28194725,2100,13292,2100,13292,Filtisac
2026-06-18,0.6,10758800,10758800,15900,679,15900,679,Orange ci
2026-06-18,3.93,7409240,7409240,4095,1837,4095,1837,DATA
2026-06-18,0.51,29351040,29351040,8945,3290,8945,3290,BOA_BENIN
2026-06-18,-0.18,11667285,11667285,2845,4111,2845,4111,DATA
2026-06-18,0.0,15463200,15463200,1765,8527,1765,8527,DATA
2026-06-18,0.26,6539795,6539795,1950,3346,1950,3346,DATA
2026-06-18,0.33,72137230,72137230,3000,24943,3000,24943,Sucrivoire
2026-06-18,0.0,15463200,15463200,1765,8527,1765,8527,Cfao
2026-06-18,0.0,294360,294360,4460,66,4460,66,Sicor_ci
2026-06-18,6.25,42107472,42107472,34,1284180,34,1284180,ETIT
2026-06-18,7.48,9280965,9280965,4740,1991,4740,1991,DATA
2026-06-18,0.0,14811850,14811850,39000,380,39000,380,DATA
2026-06-18,-0.37,8393220,8393220,2680,3130,2680,3130,DATA
2026-06-18,0.78,131694830,131694830,5850,22286,5850,22286,DATA
2026-06-18,-0.71,242100315,242100315,28000,8608,28000,8608,Sonatel
2026-06-18,3.93,7409240,7409240,4095,1837,4095,1837,SAFCA
2026-06-18,0.0,75802225,75802225,39000,1944,39000,1944,DATA
2026-06-18,0.29,7174030,7174030,8650,825,8650,825,Palm ci
2026-06-18,0.72,2669320,2669320,2100,1275,2100,1275,Vivo energy
2026-06-18,-3.45,28194725,28194725,2100,13292,2100,13292,DATA
2026-06-18,0.72,2669320,2669320,2100,1275,2100,1275,DATA
2026-06-18,0.87,5348990,5348990,28445,189,28445,189,BICC
2026-06-18,-0.39,81349935,81349935,9055,8989,9055,8989,DATA
2026-06-18,2.89,16900265,16900265,4100,4195,4100,4195,LNBB
2026-06-18,0.0,228220180,228220180,8650,26184,8650,26184,SIBC
2026-06-18,-0.18,11667285,11667285,2845,4111,2845,4111,Total ci
2026-06-18,-1.46,22107210,22107210,3705,5930,3705,5930,DATA
2026-06-18,0.68,126362580,126362580,7400,17075,7400,17075,DATA
2026-06-18,0.61,64087510,64087510,16500,3884,16500,3884,DATA
2026-06-18,0.28,11880930,11880930,5395,2204,5395,2204,BOA_BF
2026-06-18,-0.71,242100315,242100315,28000,8608,28000,8608,DATA
2026-06-18,-3.17,6293760,6293760,2750,2282,2750,2282,Onatel bf
2026-06-18,0.0,10685770,10685770,3500,3064,3500,3064,DATA
2026-06-18,0.47,20844690,20844690,19040,1098,19040,1098,DATA
2026-06-18,1.24,29383415,29383415,4505,6559,4505,6559,DATA
2026-06-18,-1.57,7627165,7627165,3440,2210,3440,2210,DATA
2026-06-18,-0.22,41633820,41633820,22450,1858,22450,1858,Sitab_ci
2026-06-19,-1.75,112000,112000,56000,2,56000,2,Unilever
2026-06-19,-0.84,8827645,8827645,4700,1879,4700,1879,DATA
2026-06-19,-4.02,7509740,7509740,21500,337,21500,337,CORIS_BANK
2026-06-19,0.14,5195690,5195690,3500,1490,3500,1490,DATA
2026-06-19,1.48,34446825,34446825,3760,9156,3760,9156,BOA_NIGER
2026-06-19,1.11,14990205,14990205,4555,3310,4555,3310,BOA_MALI
2026-06-19,0.0,13335840,13335840,4995,2672,4995,2672,CIE CI
2026-06-19,-0.84,8827645,8827645,4700,1879,4700,1879,Tractafric
2026-06-19,0.0,6564630,6564630,11990,582,11990,582,DATA
2026-06-19,-0.51,18625550,18625550,38800,479,38800,479,DATA
2026-06-19,7.45,170104130,170104130,4400,42847,4400,42847,SAFCA
2026-06-19,3.33,5741210,5741210,2170,2656,2170,2656,DATA
2026-06-19,-0.6,12538685,12538685,15005,839,15005,839,Nestle
2026-06-19,0.54,610935905,610935905,28150,21619,28150,21619,DATA
2026-06-19,-0.51,18625550,18625550,38800,479,38800,479,Solibra
2026-06-19,-1.82,19097570,19097570,2700,7084,2700,7084,Onatel bf
2026-06-19,-1.03,21829605,21829605,1930,11392,1930,11392,DATA
2026-06-19,-0.13,21579400,21579400,7565,2852,7565,2852,Saph
2026-06-19,3.4,6262520,6262520,1825,3458,1825,3458,Cfao
2026-06-19,-5.55,64341090,64341090,2640,24152,2640,24152,DATA
2026-06-19,-1.75,112000,112000,56000,2,56000,2,DATA
2026-06-19,1.92,2303195,2303195,1590,1457,1590,1457,SEMC
2026-06-19,-3.49,31794770,31794770,8010,3930,8010,3930,DATA
2026-06-19,0.61,63127625,63127625,7445,8517,7445,8517,BOA_SN
2026-06-19,1.93,7960760,7960760,2900,2795,2900,2795,DATA
2026-06-19,0.0,4863315,4863315,3440,1414,3440,1414,Servair
2026-06-19,3.33,39592305,39592305,3100,12650,3100,12650,DATA
2026-06-19,-3.49,31794770,31794770,8010,3930,8010,3930,SOGB
2026-06-19,-1.03,21829605,21829605,1930,11392,1930,11392,Uniwax
2026-06-19,1.93,7960760,7960760,2900,2795,2900,2795,Total ci
2026-06-19,-0.56,7387255,7387255,2665,2761,2665,2761,DATA
2026-06-19,0.0,12934395,12934395,3500,3706,3500,3706,DATA
2026-06-19,2.97,34612315,34612315,5555,6348,5555,6348,BOA_BF
2026-06-19,-0.09,10972150,10972150,28420,386,28420,386,DATA
2026-06-19,1.11,14990205,14990205,4555,3310,4555,3310,DATA
2026-06-19,2.25,93535920,93535920,8845,10633,8845,10633,SIBC
2026-06-19,2.86,8434125,8434125,2160,3957,2160,3957,DATA
2026-06-19,-1.56,93995365,93995365,22100,4192,22100,4192,Sitab_ci
2026-06-19,0.38,99281260,99281260,39150,2539,39150,2539,DATA
2026-06-19,0.35,5518115,5518115,8680,636,8680,636,Palm ci
2026-06-19,3.4,6262520,6262520,1825,3458,1825,3458,DATA
2026-06-19,-0.56,7387255,7387255,2665,2761,2665,2761,ORAGROUP_TOGO
2026-06-19,0.34,75008235,75008235,5870,12748,5870,12748,DATA
2026-06-19,0.0,8020070,8020070,4100,2005,4100,2005,DATA
2026-06-19,-0.09,10972150,10972150,28420,386,28420,386,BICC
2026-06-19,0.0,4863315,4863315,3440,1414,3440,1414,DATA
2026-06-19,0.0,38663820,38663820,34,1123589,34,1123589,ETIT
2026-06-19,1.48,6678520,6678520,16745,404,16745,404,DATA
2026-06-19,7.45,170104130,170104130,4400,42847,4400,42847,DATA
2026-06-19,3.33,39592305,39592305,3100,12650,3100,12650,Sucrivoire
2026-06-19,-1.06,53100745,53100745,8850,5974,8850,5974,BOA_BENIN
2026-06-19,2.86,8434125,8434125,2160,3957,2160,3957,Filtisac
2026-06-19,0.34,75008235,75008235,5870,12748,5870,12748,BICB
2026-06-19,2.97,34612315,34612315,5555,6348,5555,6348,DATA
2026-06-19,0.35,5518115,5518115,8680,636,8680,636,DATA
2026-06-19,5.0,34349315,34349315,16695,2105,16695,2105,Orange ci
2026-06-19,-0.13,21579400,21579400,7565,2852,7565,2852,DATA
2026-06-19,1.92,2303195,2303195,1590,1457,1590,1457,DATA
2026-06-19,-1.06,53100745,53100745,8850,5974,8850,5974,DATA
2026-06-19,2.56,11956560,11956560,4000,3060,4000,3060,Sicable
2026-06-19,0.0,38663820,38663820,34,1123589,34,1123589,DATA
2026-06-19,3.26,48221695,48221695,9350,5157,9350,5157,DATA
2026-06-19,0.0,8020070,8020070,4100,2005,4100,2005,LNBB
2026-06-19,0.0,6564630,6564630,11990,582,11990,582,SODE CI
2026-06-19,5.0,34349315,34349315,16695,2105,16695,2105,DATA
2026-06-19,-1.82,19097570,19097570,2700,7084,2700,7084,DATA
2026-06-19,3.14,77500,77500,4600,17,4600,17,Sicor_ci
2026-06-19,0.43,72673050,72673050,2320,31011,2320,31011,DATA
2026-06-19,3.26,48221695,48221695,9350,5157,9350,5157,BOA_CI
2026-06-19,-1.56,93995365,93995365,22100,4192,22100,4192,DATA
2026-06-19,3.26,4755810,4755810,2375,2053,2375,2053,NEI-CEDA
2026-06-19,-4.02,7509740,7509740,21500,337,21500,337,DATA
2026-06-19,0.0,13335840,13335840,4995,2672,4995,2672,DATA
2026-06-19,3.14,77500,77500,4600,17,4600,17,DATA
2026-06-19,0.61,63127625,63127625,7445,8517,7445,8517,DATA
2026-06-19,0.43,72673050,72673050,2320,31011,2320,31011,AGL
2026-06-19,-0.6,12538685,12538685,15005,839,15005,839,DATA
2026-06-19,0.63,8624680,8624680,15950,543,15950,543,SMBC
2026-06-19,0.54,610935905,610935905,28150,21619,28150,21619,Sonatel
2026-06-19,3.26,4755810,4755810,2375,2053,2375,2053,DATA
2026-06-19,4.22,13825490,13825490,2100,6491,2100,6491,Bernabe
2026-06-19,3.33,5741210,5741210,2170,2656,2170,2656,Vivo energy
2026-06-19,0.63,8624680,8624680,15950,543,15950,543,DATA
2026-06-19,0.0,12934395,12934395,3500,3706,3500,3706,Setao
2026-06-19,0.38,99281260,99281260,39150,2539,39150,2539,SGB CI
2026-06-19,0.6,22510335,22510335,19155,1179,19155,1179,DATA
2026-06-19,-5.55,64341090,64341090,2640,24152,2640,24152,Erium ci
2026-06-19,2.56,11956560,11956560,4000,3060,4000,3060,DATA
2026-06-19,0.6,22510335,22510335,19155,1179,19155,1179,NSIA
2026-06-19,4.22,13825490,13825490,2100,6491,2100,6491,DATA
2026-06-19,2.25,93535920,93535920,8845,10633,8845,10633,DATA
2026-06-19,1.48,34446825,34446825,3760,9156,3760,9156,DATA
2026-06-19,0.14,5195690,5195690,3500,1490,3500,1490,Total senegal
2026-06-19,1.48,6678520,6678520,16745,404,16745,404,ECOBANK_CI
2026-06-22,0.63,5611615,5611615,15100,373,15100,373,DATA
2026-06-22,0.63,16518875,16518875,8735,1900,8735,1900,DATA
2026-06-22,2.39,14082670,14082670,3850,3728,3850,3728,DATA
2026-06-22,2.39,14082670,14082670,3850,3728,3850,3728,BOA_NIGER
2026-06-22,-1.29,7560920,7560920,3455,2166,3455,2166,DATA
2026-06-22,0.51,169289175,169289175,5900,28947,5900,28947,BICB
2026-06-22,0.0,28020775,28020775,3100,9018,3100,9018,Sucrivoire
2026-06-22,-1.05,3069300,3069300,2350,1301,2350,1301,DATA
2026-06-22,0.31,8097235,8097235,16000,500,16000,500,SMBC
2026-06-22,0.03,46654100,46654100,16700,2794,16700,2794,DATA
2026-06-22,-1.6,377968890,377968890,9200,41181,9200,41181,DATA
2026-06-22,3.7,23111000,23111000,2800,8562,2800,8562,DATA
2026-06-22,-0.67,43580260,43580260,7395,5871,7395,5871,DATA
2026-06-22,-0.11,5877010,5877010,4695,1256,4695,1256,DATA
2026-06-22,1.07,67857430,67857430,28450,2392,28450,2392,Sonatel
2026-06-22,0.0,33795495,33795495,2665,12773,2665,12773,DATA
2026-06-22,-2.31,39806925,39806925,4450,8879,4450,8879,DATA
2026-06-22,0.76,20997810,20997810,19300,1094,19300,1094,DATA
2026-06-22,0.9,24226950,24226950,22300,1087,22300,1087,Sitab_ci
2026-06-22,1.12,17159025,17159025,7650,2261,7650,2261,Saph
2026-06-22,3.48,688400,688400,57950,12,57950,12,Unilever
2026-06-22,-2.44,7958115,7958115,4000,1972,4000,1972,DATA
2026-06-22,-7.39,28395785,28395785,2445,11613,2445,11613,DATA
2026-06-22,-7.12,12994930,12994930,1695,7477,1695,7477,DATA
2026-06-22,0.26,296519300,296519300,38900,7622,38900,7622,Solibra
2026-06-22,3.56,24371835,24371835,8295,3006,8295,3006,SOGB
2026-06-22,0.0,23514105,23514105,4995,4709,4995,4709,CIE CI
2026-06-22,0.5,5412940,5412940,4020,1354,4020,1354,DATA
2026-06-22,-5.24,9624330,9624330,1990,4752,1990,4752,DATA
2026-06-22,0.13,317077755,317077755,39200,8088,39200,8088,SGB CI
2026-06-22,-1.29,7560920,7560920,3455,2166,3455,2166,Total senegal
2026-06-22,-1.89,6041335,6041335,3375,1778,3375,1778,Servair
2026-06-22,0.22,104095635,104095635,2325,43691,2325,43691,AGL
2026-06-22,0.26,296519300,296519300,38900,7622,38900,7622,DATA
2026-06-22,-3.04,1012985,1012985,4460,227,4460,227,DATA
2026-06-22,-0.11,5877010,5877010,4695,1256,4695,1256,Tractafric
2026-06-22,0.9,24226950,24226950,22300,1087,22300,1087,DATA
2026-06-22,3.56,24371835,24371835,8295,3006,8295,3006,DATA
2026-06-22,0.76,20997810,20997810,19300,1094,19300,1094,NSIA
2026-06-22,0.22,104095635,104095635,2325,43691,2325,43691,DATA
2026-06-22,-0.33,7787750,7787750,11950,652,11950,652,DATA
2026-06-22,2.94,130572272,130572272,35,3722814,35,3722814,DATA
2026-06-22,0.31,8097235,8097235,16000,500,16000,500,DATA
2026-06-22,2.33,25573230,25573230,22000,1178,22000,1178,CORIS_BANK
2026-06-22,0.0,23514105,23514105,4995,4709,4995,4709,DATA
2026-06-22,-3.04,1012985,1012985,4460,227,4460,227,Sicor_ci
2026-06-22,-0.46,7661010,7661010,2150,3573,2150,3573,DATA
2026-06-22,0.0,33795495,33795495,2665,12773,2665,12773,ORAGROUP_TOGO
2026-06-22,2.27,32788490,32788490,4500,7311,4500,7311,DATA
2026-06-22,0.0,30715810,30715810,2900,10671,2900,10671,DATA
2026-06-22,-0.67,43580260,43580260,7395,5871,7395,5871,BOA_SN
2026-06-22,-2.2,7066590,7066590,1555,4654,1555,4654,SEMC
2026-06-22,0.72,40852715,40852715,5595,7292,5595,7292,DATA
2026-06-22,1.12,17159025,17159025,7650,2261,7650,2261,DATA
2026-06-22,-2.2,7066590,7066590,1555,4654,1555,4654,DATA
2026-06-22,1.13,30822035,30822035,8950,3452,8950,3452,DATA
2026-06-22,0.0,28020775,28020775,3100,9018,3100,9018,DATA
2026-06-22,0.51,169289175,169289175,5900,28947,5900,28947,DATA
2026-06-22,0.5,5412940,5412940,4020,1354,4020,1354,Sicable
2026-06-22,-7.12,12994930,12994930,1695,7477,1695,7477,Cfao
2026-06-22,-1.89,6041335,6041335,3375,1778,3375,1778,DATA
2026-06-22,0.0,30715810,30715810,2900,10671,2900,10671,Total ci
2026-06-22,3.7,23111000,23111000,2800,8562,2800,8562,Onatel bf
2026-06-22,-1.14,5290965,5290965,3460,1544,3460,1544,DATA
2026-06-22,1.07,67857430,67857430,28450,2392,28450,2392,DATA
2026-06-22,0.28,8788220,8788220,28500,309,28500,309,DATA
2026-06-22,-0.06,85262660,85262660,8840,9635,8840,9635,SIBC
2026-06-22,0.13,317077755,317077755,39200,8088,39200,8088,DATA
2026-06-22,-0.33,7787750,7787750,11950,652,11950,652,SODE CI
2026-06-22,-0.06,85262660,85262660,8840,9635,8840,9635,DATA
2026-06-22,-1.14,5290965,5290965,3460,1544,3460,1544,Setao
2026-06-22,-1.6,377968890,377968890,9200,41181,9200,41181,BOA_CI
2026-06-22,-0.46,7661010,7661010,2150,3573,2150,3573,Filtisac
2026-06-22,0.28,8788220,8788220,28500,309,28500,309,BICC
2026-06-22,-2.31,39806925,39806925,4450,8879,4450,8879,BOA_MALI
2026-06-22,2.27,32788490,32788490,4500,7311,4500,7311,SAFCA
2026-06-22,0.0,5841055,5841055,2170,2680,2170,2680,DATA
2026-06-22,0.72,40852715,40852715,5595,7292,5595,7292,BOA_BF
2026-06-22,0.52,10433405,10433405,1940,5398,1940,5398,Uniwax
2026-06-22,2.33,25573230,25573230,22000,1178,22000,1178,DATA
2026-06-22,0.0,5841055,5841055,2170,2680,2170,2680,Vivo energy
2026-06-22,1.13,30822035,30822035,8950,3452,8950,3452,BOA_BENIN
2026-06-22,1.52,95990800,95990800,17000,5651,17000,5651,ECOBANK_CI
2026-06-22,0.03,46654100,46654100,16700,2794,16700,2794,Orange ci
2026-06-22,0.52,10433405,10433405,1940,5398,1940,5398,DATA
2026-06-22,0.63,16518875,16518875,8735,1900,8735,1900,Palm ci
2026-06-22,2.94,130572272,130572272,35,3722814,35,3722814,ETIT
2026-06-22,-2.44,7958115,7958115,4000,1972,4000,1972,LNBB
2026-06-22,1.52,95990800,95990800,17000,5651,17000,5651,DATA
2026-06-22,0.63,5611615,5611615,15100,373,15100,373,Nestle
2026-06-22,3.48,688400,688400,57950,12,57950,12,DATA
2026-06-22,-7.39,28395785,28395785,2445,11613,2445,11613,Erium ci
2026-06-22,-1.05,3069300,3069300,2350,1301,2350,1301,NEI-CEDA
2026-06-22,-5.24,9624330,9624330,1990,4752,1990,4752,Bernabe
2026-06-23,-1.53,92734875,92734875,5810,15952,5810,15952,DATA
2026-06-23,-0.34,58616515,58616515,8920,6583,8920,6583,BOA_BENIN
2026-06-23,-2.06,11713260,11713260,2610,4449,2610,4449,ORAGROUP_TOGO
2026-06-23,-0.98,24132025,24132025,21785,1106,21785,1106,CORIS_BANK
2026-06-23,0.0,8412530,8412530,1990,4227,1990,4227,DATA
2026-06-23,0.52,18572905,18572905,19400,959,19400,959,NSIA
2026-06-23,-0.98,24132025,24132025,21785,1106,21785,1106,DATA
2026-06-23,0.0,7423450,7423450,4000,1856,4000,1856,LNBB
2026-06-23,-0.17,20047865,20047865,2895,6940,2895,6940,DATA
2026-06-23,-0.46,6834515,6834515,2160,3168,2160,3168,Vivo energy
2026-06-23,-1.18,7515280,7515280,1675,4477,1675,4477,Cfao
2026-06-23,0.19,134334475,134334475,28505,4703,28505,4703,Sonatel
2026-06-23,-0.03,14081385,14081385,16695,844,16695,844,Orange ci
2026-06-23,2.25,6582180,6582180,1590,4194,1590,4194,SEMC
2026-06-23,-0.54,13954315,13954315,5565,2498,5565,2498,BOA_BF
2026-06-23,-1.35,716221460,716221460,22000,32517,22000,32517,Sitab_ci
2026-06-23,-0.14,3335295,3335295,3450,971,3450,971,Total senegal
2026-06-23,1.42,30528205,30528205,12120,2697,12120,2697,SODE CI
2026-06-23,4.95,134908265,134908265,2440,57716,2440,57716,DATA
2026-06-23,-2.02,5435145,5435145,4600,1165,4600,1165,Tractafric
2026-06-23,6.78,28564715,28564715,4805,6060,4805,6060,DATA
2026-06-23,-0.43,701540,701540,2340,300,2340,300,DATA
2026-06-23,0.52,18572905,18572905,19400,959,19400,959,DATA
2026-06-23,3.51,102200690,102200690,3985,26431,3985,26431,DATA
2026-06-23,-3.26,39402995,39402995,2080,18815,2080,18815,DATA
2026-06-23,0.59,1939635,1939635,3395,572,3395,572,DATA
2026-06-23,-0.12,1978915,1978915,4015,522,4015,522,DATA
2026-06-23,0.0,19613060,19613060,4995,3924,4995,3924,DATA
2026-06-23,0.0,61093416,61093416,35,1721065,35,1721065,DATA
2026-06-23,-2.94,194913145,194913145,16500,11571,16500,11571,ECOBANK_CI
2026-06-23,0.0,8366405,8366405,2800,3027,2800,3027,Onatel bf
2026-06-23,0.9,458920,458920,4500,102,4500,102,DATA
2026-06-23,-0.14,3335295,3335295,3450,971,3450,971,DATA
2026-06-23,2.25,6582180,6582180,1590,4194,1590,4194,DATA
2026-06-23,0.87,11619295,11619295,3490,3387,3490,3387,DATA
2026-06-23,-0.07,5257260,5257260,7645,688,7645,688,DATA
2026-06-23,7.36,61547190,61547190,2625,25768,2625,25768,Erium ci
2026-06-23,-0.56,18836200,18836200,4425,4247,4425,4247,DATA
2026-06-23,-0.46,6834515,6834515,2160,3168,2160,3168,DATA
2026-06-23,0.19,134334475,134334475,28505,4703,28505,4703,DATA
2026-06-23,0.59,1939635,1939635,3395,572,3395,572,Servair
2026-06-23,0.0,8366405,8366405,2800,3027,2800,3027,DATA
2026-06-23,0.0,61093416,61093416,35,1721065,35,1721065,ETIT
2026-06-23,0.0,405645,405645,57950,7,57950,7,Unilever
2026-06-23,0.9,458920,458920,4500,102,4500,102,Sicor_ci
2026-06-23,-2.02,5435145,5435145,4600,1165,4600,1165,DATA
2026-06-23,-2.06,11713260,11713260,2610,4449,2610,4449,DATA
2026-06-23,0.0,7423450,7423450,4000,1856,4000,1856,DATA
2026-06-23,-2.94,194913145,194913145,16500,11571,16500,11571,DATA
2026-06-23,-1.18,7515280,7515280,1675,4477,1675,4477,DATA
2026-06-23,0.0,19613060,19613060,4995,3924,4995,3924,CIE CI
2026-06-23,-0.51,119669830,119669830,39000,3067,39000,3067,DATA
2026-06-23,-1.53,92734875,92734875,5810,15952,5810,15952,BICB
2026-06-23,0.0,14001240,14001240,15100,932,15100,932,DATA
2026-06-23,-0.34,58616515,58616515,8920,6583,8920,6583,DATA
2026-06-23,-1.35,716221460,716221460,22000,32517,22000,32517,DATA
2026-06-23,1.25,7989080,7989080,16200,497,16200,497,DATA
2026-06-23,-0.14,10138730,10138730,28460,356,28460,356,BICC
2026-06-23,1.42,30528205,30528205,12120,2697,12120,2697,DATA
2026-06-23,-3.26,39402995,39402995,2080,18815,2080,18815,Filtisac
2026-06-23,0.06,12132495,12132495,8740,1388,8740,1388,DATA
2026-06-23,-1.61,30944060,30944060,3050,10037,3050,10037,Sucrivoire
2026-06-23,0.0,8412530,8412530,1990,4227,1990,4227,Bernabe
2026-06-23,0.87,11619295,11619295,3490,3387,3490,3387,Setao
2026-06-23,-0.51,119669830,119669830,39000,3067,39000,3067,SGB CI
2026-06-23,0.0,405645,405645,57950,7,57950,7,DATA
2026-06-23,0.26,23792825,23792825,1945,12327,1945,12327,DATA
2026-06-23,3.51,102200690,102200690,3985,26431,3985,26431,BOA_NIGER
2026-06-23,-1.61,30944060,30944060,3050,10037,3050,10037,DATA
2026-06-23,-0.43,701540,701540,2340,300,2340,300,NEI-CEDA
2026-06-23,-0.24,5852300,5852300,8275,708,8275,708,SOGB
2026-06-23,0.06,12132495,12132495,8740,1388,8740,1388,Palm ci
2026-06-23,-1.22,87263555,87263555,7305,11842,7305,11842,BOA_SN
2026-06-23,-0.12,1978915,1978915,4015,522,4015,522,Sicable
2026-06-23,-1.22,87263555,87263555,7305,11842,7305,11842,DATA
2026-06-23,0.26,23792825,23792825,1945,12327,1945,12327,Uniwax
2026-06-23,0.06,182734945,182734945,8845,20643,8845,20643,SIBC
2026-06-23,-2.06,17720440,17720440,38100,458,38100,458,Solibra
2026-06-23,-0.03,14081385,14081385,16695,844,16695,844,DATA
2026-06-23,-0.24,5852300,5852300,8275,708,8275,708,DATA
2026-06-23,0.06,182734945,182734945,8845,20643,8845,20643,DATA
2026-06-23,-0.54,13954315,13954315,5565,2498,5565,2498,DATA
2026-06-23,-0.14,10138730,10138730,28460,356,28460,356,DATA
2026-06-23,7.36,61547190,61547190,2625,25768,2625,25768,DATA
2026-06-23,6.78,28564715,28564715,4805,6060,4805,6060,SAFCA
2026-06-23,-0.17,20047865,20047865,2895,6940,2895,6940,Total ci
2026-06-23,-0.56,18836200,18836200,4425,4247,4425,4247,BOA_MALI
2026-06-23,0.54,138324550,138324550,9250,15167,9250,15167,BOA_CI
2026-06-23,0.54,138324550,138324550,9250,15167,9250,15167,DATA
2026-06-23,0.0,14001240,14001240,15100,932,15100,932,Nestle
2026-06-23,1.25,7989080,7989080,16200,497,16200,497,SMBC
2026-06-23,-0.07,5257260,5257260,7645,688,7645,688,Saph
2026-06-23,4.95,134908265,134908265,2440,57716,2440,57716,AGL
2026-06-23,-2.06,17720440,17720440,38100,458,38100,458,DATA
2026-06-24,1.15,7025165,7025165,2640,2671,2640,2671,DATA
2026-06-24,0.0,6213945,6213945,2160,2884,2160,2884,DATA
2026-06-24,1.36,238347390,238347390,22300,10830,22300,10830,Sitab_ci
2026-06-24,0.04,187844245,187844245,28515,6582,28515,6582,DATA
2026-06-24,-1.38,12150495,12150495,2855,4282,2855,4282,DATA
2026-06-24,-2.65,5865075,5865075,3305,1749,3305,1749,DATA
2026-06-24,0.41,151996760,151996760,2450,59754,2450,59754,DATA
2026-06-24,-2.2,9974180,9974180,1555,6382,1555,6382,DATA
2026-06-24,1.31,53641740,53641740,3090,17281,3090,17281,DATA
2026-06-24,2.1,18086305,18086305,5100,3599,5100,3599,DATA
2026-06-24,1.31,53641740,53641740,3090,17281,3090,17281,Sucrivoire
2026-06-24,-0.34,150226770,150226770,5790,26104,5790,26104,BICB
2026-06-24,0.0,42613885,42613885,8740,4895,8740,4895,DATA
2026-06-24,0.34,46668025,46668025,8950,5231,8950,5231,DATA
2026-06-24,0.0,108551575,108551575,16500,6518,16500,6518,DATA
2026-06-24,-1.71,2131800,2131800,2300,921,2300,921,DATA
2026-06-24,-0.37,4357100,4357100,4000,1119,4000,1119,Sicable
2026-06-24,0.0,144754590,144754590,8845,16346,8845,16346,DATA
2026-06-24,-1.62,44319215,44319215,9100,4823,9100,4823,DATA
2026-06-24,-0.07,86088330,86088330,7300,11789,7300,11789,BOA_SN
2026-06-24,-3.29,21556900,21556900,16145,1330,16145,1330,DATA
2026-06-24,0.0,3676955,3676955,4600,829,4600,829,Tractafric
2026-06-24,-7.46,9726560,9726560,1550,6154,1550,6154,Cfao
2026-06-24,-2.2,9974180,9974180,1555,6382,1555,6382,SEMC
2026-06-24,0.0,5260320,5260320,4000,1307,4000,1307,LNBB
2026-06-24,-1.62,44319215,44319215,9100,4823,9100,4823,BOA_CI
2026-06-24,-2.46,23625110,23625110,27760,833,27760,833,BICC
2026-06-24,5.71,52560642,52560642,37,1425329,37,1425329,ETIT
2026-06-24,0.0,463500,463500,4500,103,4500,103,Sicor_ci
2026-06-24,7.46,38795620,38795620,4755,8164,4755,8164,DATA
2026-06-24,-6.01,24671870,24671870,1955,12530,1955,12530,DATA
2026-06-24,0.0,463500,463500,4500,103,4500,103,DATA
2026-06-24,0.06,7278135,7278135,8280,879,8280,879,DATA
2026-06-24,7.46,38795620,38795620,4755,8164,4755,8164,BOA_MALI
2026-06-24,0.0,8181710,8181710,2800,2950,2800,2950,DATA
2026-06-24,0.0,22897750,22897750,19400,1180,19400,1180,NSIA
2026-06-24,0.0,8181710,8181710,2800,2950,2800,2950,Onatel bf
2026-06-24,-0.07,86088330,86088330,7300,11789,7300,11789,DATA
2026-06-24,1.04,12505465,12505465,38495,326,38495,326,Solibra
2026-06-24,0.0,1087125,1087125,3450,315,3450,315,Total senegal
2026-06-24,0.0,3676955,3676955,4600,829,4600,829,DATA
2026-06-24,1.03,17347200,17347200,1965,8885,1965,8885,Uniwax
2026-06-24,0.63,10520620,10520620,5600,1881,5600,1881,DATA
2026-06-24,-2.65,5865075,5865075,3305,1749,3305,1749,Servair
2026-06-24,0.04,187844245,187844245,28515,6582,28515,6582,Sonatel
2026-06-24,0.0,144754590,144754590,8845,16346,8845,16346,SIBC
2026-06-24,0.0,6213945,6213945,2160,2884,2160,2884,Vivo energy
2026-06-24,0.0,108551575,108551575,16500,6518,16500,6518,ECOBANK_CI
2026-06-24,0.63,10520620,10520620,5600,1881,5600,1881,BOA_BF
2026-06-24,-1.26,2983675,2983675,1965,1504,1965,1504,DATA
2026-06-24,1.36,238347390,238347390,22300,10830,22300,10830,DATA
2026-06-24,0.0,25629175,25629175,21785,1176,21785,1176,CORIS_BANK
2026-06-24,-2.19,39223025,39223025,4700,8183,4700,8183,SAFCA
2026-06-24,4.0,11044665,11044665,2730,4008,2730,4008,DATA
2026-06-24,4.89,29695325,29695325,4180,7334,4180,7334,BOA_NIGER
2026-06-24,-6.01,24671870,24671870,1955,12530,1955,12530,Filtisac
2026-06-24,-1.64,1426905,1426905,57000,25,57000,25,DATA
2026-06-24,-0.32,97162235,97162235,38875,2496,38875,2496,DATA
2026-06-24,4.3,28242910,28242910,3640,8028,3640,8028,Setao
2026-06-24,0.06,7278135,7278135,8280,879,8280,879,SOGB
2026-06-24,1.85,12056340,12056340,16500,731,16500,731,SMBC
2026-06-24,-0.32,97162235,97162235,38875,2496,38875,2496,SGB CI
2026-06-24,1.85,12056340,12056340,16500,731,16500,731,DATA
2026-06-24,2.1,18086305,18086305,5100,3599,5100,3599,CIE CI
2026-06-24,0.0,25629175,25629175,21785,1176,21785,1176,DATA
2026-06-24,-2.46,23625110,23625110,27760,833,27760,833,DATA
2026-06-24,0.0,14183900,14183900,7645,1856,7645,1856,Saph
2026-06-24,-0.66,93204145,93204145,15000,6230,15000,6230,Nestle
2026-06-24,-0.66,93204145,93204145,15000,6230,15000,6230,DATA
2026-06-24,0.0,22897750,22897750,19400,1180,19400,1180,DATA
2026-06-24,-1.26,2983675,2983675,1965,1504,1965,1504,Bernabe
2026-06-24,-2.19,39223025,39223025,4700,8183,4700,8183,DATA
2026-06-24,-0.34,150226770,150226770,5790,26104,5790,26104,DATA
2026-06-24,0.0,42613885,42613885,8740,4895,8740,4895,Palm ci
2026-06-24,0.34,46668025,46668025,8950,5231,8950,5231,BOA_BENIN
2026-06-24,-3.29,21556900,21556900,16145,1330,16145,1330,Orange ci
2026-06-24,4.89,29695325,29695325,4180,7334,4180,7334,DATA
2026-06-24,4.3,28242910,28242910,3640,8028,3640,8028,DATA
2026-06-24,5.71,52560642,52560642,37,1425329,37,1425329,DATA
2026-06-24,-1.71,2131800,2131800,2300,921,2300,921,NEI-CEDA
2026-06-24,0.41,151996760,151996760,2450,59754,2450,59754,AGL
2026-06-24,1.04,12505465,12505465,38495,326,38495,326,DATA
2026-06-24,-0.37,4357100,4357100,4000,1119,4000,1119,DATA
2026-06-24,1.15,7025165,7025165,2640,2671,2640,2671,ORAGROUP_TOGO
2026-06-24,0.0,1087125,1087125,3450,315,3450,315,DATA
2026-06-24,1.03,17347200,17347200,1965,8885,1965,8885,DATA
2026-06-24,0.0,7134800,7134800,12120,588,12120,588,SODE CI
2026-06-24,0.0,7134800,7134800,12120,588,12120,588,DATA
2026-06-24,-1.38,12150495,12150495,2855,4282,2855,4282,Total ci
2026-06-24,0.0,14183900,14183900,7645,1856,7645,1856,DATA
2026-06-24,-7.46,9726560,9726560,1550,6154,1550,6154,DATA
2026-06-24,4.0,11044665,11044665,2730,4008,2730,4008,Erium ci
2026-06-24,-1.64,1426905,1426905,57000,25,57000,25,Unilever
2026-06-24,0.0,5260320,5260320,4000,1307,4000,1307,DATA
2026-06-25,-0.99,4402205,4402205,12000,365,12000,365,SODE CI
2026-06-25,0.0,150876135,150876135,9100,16671,9100,16671,BOA_CI
2026-06-25,0.3,42733350,42733350,28600,1483,28600,1483,DATA
2026-06-25,-0.59,14658030,14658030,7600,1944,7600,1944,DATA
2026-06-25,0.0,17667780,17667780,1955,9086,1955,9086,Filtisac
2026-06-25,0.49,21564445,21564445,3105,6903,3105,6903,Sucrivoire
2026-06-25,0.0,34596215,34596215,8950,3870,8950,3870,BOA_BENIN
2026-06-25,0.0,150876135,150876135,9100,16671,9100,16671,DATA
2026-06-25,0.23,5090075,5090075,2165,2364,2165,2364,DATA
2026-06-25,-4.68,33539820,33539820,4480,7452,4480,7452,DATA
2026-06-25,0.0,31848115,31848115,5600,5688,5600,5688,DATA
2026-06-25,0.0,1342700,1342700,4500,292,4500,292,Sicor_ci
2026-06-25,4.11,12967710,12967710,28900,456,28900,456,BICC
2026-06-25,0.04,7839950,7839950,22310,352,22310,352,DATA
2026-06-25,1.82,3896440,3896440,16800,234,16800,234,ECOBANK_CI
2026-06-25,-4.68,33539820,33539820,4480,7452,4480,7452,SAFCA
2026-06-25,0.01,10571625,10571625,38500,274,38500,274,Solibra
2026-06-25,-0.15,9576155,9576155,3300,3068,3300,3068,Servair
2026-06-25,1.76,27346850,27346850,5190,5366,5190,5366,CIE CI
2026-06-25,0.43,1876910,1876910,4620,410,4620,410,Tractafric
2026-06-25,0.96,19563740,19563740,21995,891,21995,891,DATA
2026-06-25,0.01,10571625,10571625,38500,274,38500,274,DATA
2026-06-25,0.0,2662850,2662850,1555,1717,1555,1717,DATA
2026-06-25,7.42,2253835,2253835,1665,1408,1665,1408,Cfao
2026-06-25,7.42,2253835,2253835,1665,1408,1665,1408,DATA
2026-06-25,0.52,13327800,13327800,19500,686,19500,686,NSIA
2026-06-25,-0.27,5745705,5745705,3630,1579,3630,1579,DATA
2026-06-25,0.76,15694810,15694810,1980,7959,1980,7959,Uniwax
2026-06-25,0.3,42733350,42733350,28600,1483,28600,1483,Sonatel
2026-06-25,0.23,5090075,5090075,2165,2364,2165,2364,Vivo energy
2026-06-25,0.52,13327800,13327800,19500,686,19500,686,DATA
2026-06-25,-2.93,15513500,15513500,2650,5894,2650,5894,Erium ci
2026-06-25,-3.23,37328125,37328125,4045,9079,4045,9079,DATA
2026-06-25,0.96,19563740,19563740,21995,891,21995,891,CORIS_BANK
2026-06-25,0.43,1876910,1876910,4620,410,4620,410,DATA
2026-06-25,0.0,31848115,31848115,5600,5688,5600,5688,BOA_BF
2026-06-25,0.14,5888725,5888725,3455,1705,3455,1705,DATA
2026-06-25,0.0,16690250,16690250,8740,1911,8740,1911,Palm ci
2026-06-25,-2.5,2844310,2844310,3900,717,3900,717,DATA
2026-06-25,1.27,1294460,1294460,1990,652,1990,652,Bernabe
2026-06-25,0.18,13046925,13046925,2805,4628,2805,4628,DATA
2026-06-25,3.41,21723325,21723325,16695,1309,16695,1309,Orange ci
2026-06-25,5.0,47170940,47170940,4200,11508,4200,11508,DATA
2026-06-25,0.76,15694810,15694810,1980,7959,1980,7959,DATA
2026-06-25,-0.99,4402205,4402205,12000,365,12000,365,DATA
2026-06-25,0.14,5888725,5888725,3455,1705,3455,1705,Total senegal
2026-06-25,0.18,13046925,13046925,2805,4628,2805,4628,Onatel bf
2026-06-25,-0.65,14852175,14852175,2285,6286,2285,6286,NEI-CEDA
2026-06-25,0.51,48051125,48051125,8890,5429,8890,5429,SIBC
2026-06-25,0.62,53656565,53656565,7345,7347,7345,7347,DATA
2026-06-25,-0.57,8760350,8760350,2625,3328,2625,3328,ORAGROUP_TOGO
2026-06-25,0.31,85681050,85681050,38995,2203,38995,2203,SGB CI
2026-06-25,0.31,85681050,85681050,38995,2203,38995,2203,DATA
2026-06-25,-3.23,37328125,37328125,4045,9079,4045,9079,BOA_NIGER
2026-06-25,-2.93,15513500,15513500,2650,5894,2650,5894,DATA
2026-06-25,-0.65,14852175,14852175,2285,6286,2285,6286,DATA
2026-06-25,-0.27,5745705,5745705,3630,1579,3630,1579,Setao
2026-06-25,-0.03,11171450,11171450,14995,745,14995,745,DATA
2026-06-25,0.0,5657805,5657805,16500,345,16500,345,DATA
2026-06-25,4.11,12967710,12967710,28900,456,28900,456,DATA
2026-06-25,1.27,1294460,1294460,1990,652,1990,652,DATA
2026-06-25,-0.59,14658030,14658030,7600,1944,7600,1944,Saph
2026-06-25,0.0,5657805,5657805,16500,345,16500,345,SMBC
2026-06-25,0.66,32587205,32587205,8335,3941,8335,3941,SOGB
2026-06-25,-0.57,8760350,8760350,2625,3328,2625,3328,DATA
2026-06-25,0.0,1342700,1342700,4500,292,4500,292,DATA
2026-06-25,-2.63,17061560,17061560,2780,6066,2780,6066,Total ci
2026-06-25,0.0,34596215,34596215,8950,3870,8950,3870,DATA
2026-06-25,2.04,40057770,40057770,2500,16109,2500,16109,DATA
2026-06-25,-0.03,11171450,11171450,14995,745,14995,745,Nestle
2026-06-25,2.04,40057770,40057770,2500,16109,2500,16109,AGL
2026-06-25,0.66,32587205,32587205,8335,3941,8335,3941,DATA
2026-06-25,7.47,52224185,52224185,5110,10230,5110,10230,DATA
2026-06-25,3.41,21723325,21723325,16695,1309,16695,1309,DATA
2026-06-25,0.0,17667780,17667780,1955,9086,1955,9086,DATA
2026-06-25,-0.15,9576155,9576155,3300,3068,3300,3068,DATA
2026-06-25,-2.5,2844310,2844310,3900,717,3900,717,Sicable
2026-06-25,5.0,47170940,47170940,4200,11508,4200,11508,LNBB
2026-06-25,0.0,40595157,40595157,37,1080462,37,1080462,DATA
2026-06-25,0.51,48051125,48051125,8890,5429,8890,5429,DATA
2026-06-25,0.0,2662850,2662850,1555,1717,1555,1717,SEMC
2026-06-25,0.62,53656565,53656565,7345,7347,7345,7347,BOA_SN
2026-06-25,-1.55,65830430,65830430,5700,11470,5700,11470,DATA
2026-06-25,1.76,27346850,27346850,5190,5366,5190,5366,DATA
2026-06-25,0.0,40595157,40595157,37,1080462,37,1080462,ETIT
2026-06-25,0.0,16690250,16690250,8740,1911,8740,1911,DATA
2026-06-25,-1.55,65830430,65830430,5700,11470,5700,11470,BICB
2026-06-25,0.04,7839950,7839950,22310,352,22310,352,Sitab_ci
2026-06-25,7.47,52224185,52224185,5110,10230,5110,10230,BOA_MALI
2026-06-25,1.82,3896440,3896440,16800,234,16800,234,DATA
2026-06-25,0.49,21564445,21564445,3105,6903,3105,6903,DATA
2026-06-25,-2.63,17061560,17061560,2780,6066,2780,6066,DATA
2026-06-26,-0.54,1941045,1941045,4595,422,4595,422,Tractafric
2026-06-26,0.35,10549400,10549400,29000,368,29000,368,DATA
2026-06-26,0.01,43497090,43497090,39000,1117,39000,1117,DATA
2026-06-26,0.92,26134225,26134225,7670,3408,7670,3408,DATA
2026-06-26,0.0,34980220,34980220,8890,3940,8890,3940,SIBC
2026-06-26,0.0,17981620,17981620,3900,4443,3900,4443,Sicable
2026-06-26,0.78,23054325,23054325,8400,2729,8400,2729,DATA
2026-06-26,-0.14,4368570,4368570,3625,1211,3625,1211,Setao
2026-06-26,0.35,10549400,10549400,29000,368,29000,368,BICC
2026-06-26,0.53,2689675,2689675,2820,954,2820,954,Onatel bf
2026-06-26,-0.32,9731370,9731370,1550,6274,1550,6274,DATA
2026-06-26,-0.83,10097100,10097100,11900,843,11900,843,DATA
2026-06-26,2.7,24264890,24264890,2855,8664,2855,8664,Total ci
2026-06-26,-0.39,10140090,10140090,38350,263,38350,263,DATA
2026-06-26,-0.14,4368570,4368570,3625,1211,3625,1211,DATA
2026-06-26,0.0,59875467,59875467,37,1590444,37,1590444,ETIT
2026-06-26,-0.83,10097100,10097100,11900,843,11900,843,SODE CI
2026-06-26,1.7,61109715,61109715,5695,10840,5695,10840,BOA_BF
2026-06-26,0.69,5601010,5601010,8800,635,8800,635,Palm ci
2026-06-26,0.02,30688015,30688015,22000,1382,22000,1382,CORIS_BANK
2026-06-26,0.0,59875467,59875467,37,1590444,37,1590444,DATA
2026-06-26,-0.76,2478445,2478445,3275,755,3275,755,DATA
2026-06-26,2.0,27253735,27253735,2550,10833,2550,10833,DATA
2026-06-26,0.25,14657345,14657345,1985,7371,1985,7371,Uniwax
2026-06-26,2.08,5857650,5857650,17150,341,17150,341,DATA
2026-06-26,2.0,27253735,27253735,2550,10833,2550,10833,AGL
2026-06-26,-0.76,2478445,2478445,3275,755,3275,755,Servair
2026-06-26,0.95,14382880,14382880,2650,5430,2650,5430,ORAGROUP_TOGO
2026-06-26,0.84,82447250,82447250,9025,9221,9025,9221,DATA
2026-06-26,-0.61,5078800,5078800,16400,308,16400,308,DATA
2026-06-26,2.08,5857650,5857650,17150,341,17150,341,ECOBANK_CI
2026-06-26,5.03,976405,976405,2400,414,2400,414,DATA
2026-06-26,1.7,61109715,61109715,5695,10840,5695,10840,DATA
2026-06-26,0.03,23232820,23232820,16700,1424,16700,1424,Orange ci
2026-06-26,-2.38,10415685,10415685,4100,2515,4100,2515,DATA
2026-06-26,0.95,14382880,14382880,2650,5430,2650,5430,DATA
2026-06-26,-1.3,34429655,34429655,14800,2300,14800,2300,Nestle
2026-06-26,2.7,24264890,24264890,2855,8664,2855,8664,DATA
2026-06-26,-2.67,53015,53015,4380,12,4380,12,DATA
2026-06-26,7.49,90548920,90548920,23980,3989,23980,3989,Sitab_ci
2026-06-26,-0.68,39609765,39609765,7295,5419,7295,5419,BOA_SN
2026-06-26,-4.99,106865970,106865970,4855,21107,4855,21107,BOA_MALI
2026-06-26,0.51,18652055,18652055,1965,9459,1965,9459,DATA
2026-06-26,-4.99,106865970,106865970,4855,21107,4855,21107,DATA
2026-06-26,0.0,199459380,199459380,9100,22017,9100,22017,BOA_CI
2026-06-26,-0.32,9731370,9731370,1550,6274,1550,6274,SEMC
2026-06-26,-2.38,10415685,10415685,4100,2515,4100,2515,LNBB
2026-06-26,-1.26,3300695,3300695,1965,1662,1965,1662,Bernabe
2026-06-26,0.03,23232820,23232820,16700,1424,16700,1424,DATA
2026-06-26,0.02,30688015,30688015,22000,1382,22000,1382,DATA
2026-06-26,0.88,98254580,98254580,5750,17272,5750,17272,BICB
2026-06-26,0.0,34980220,34980220,8890,3940,8890,3940,DATA
2026-06-26,0.53,2689675,2689675,2820,954,2820,954,DATA
2026-06-26,0.19,10624460,10624460,5200,2043,5200,2043,DATA
2026-06-26,0.0,17981620,17981620,3900,4443,3900,4443,DATA
2026-06-26,0.25,14657345,14657345,1985,7371,1985,7371,DATA
2026-06-26,0.01,43497090,43497090,39000,1117,39000,1117,SGB CI
2026-06-26,-0.68,39609765,39609765,7295,5419,7295,5419,DATA
2026-06-26,1.73,20177870,20177870,4115,4944,4115,4944,BOA_NIGER
2026-06-26,0.0,285000,285000,57000,5,57000,5,DATA
2026-06-26,0.78,23054325,23054325,8400,2729,8400,2729,SOGB
2026-06-26,-1.3,34429655,34429655,14800,2300,14800,2300,DATA
2026-06-26,5.03,976405,976405,2400,414,2400,414,NEI-CEDA
2026-06-26,-0.94,6078420,6078420,2625,2305,2625,2305,Erium ci
2026-06-26,-1.26,3300695,3300695,1965,1662,1965,1662,DATA
2026-06-26,0.92,26134225,26134225,7670,3408,7670,3408,Saph
2026-06-26,-0.61,5078800,5078800,16400,308,16400,308,SMBC
2026-06-26,1.3,41783075,41783075,3500,11973,3500,11973,Total senegal
2026-06-26,-0.94,6078420,6078420,2625,2305,2625,2305,DATA
2026-06-26,-0.54,1941045,1941045,4595,422,4595,422,DATA
2026-06-26,1.4,41730495,41730495,29000,1441,29000,1441,Sonatel
2026-06-26,-2.77,6863645,6863645,2105,3188,2105,3188,Vivo energy
2026-06-26,1.28,18418605,18418605,19750,940,19750,940,DATA
2026-06-26,0.0,285000,285000,57000,5,57000,5,Unilever
2026-06-26,1.73,20177870,20177870,4115,4944,4115,4944,DATA
2026-06-26,1.3,41783075,41783075,3500,11973,3500,11973,DATA
2026-06-26,0.69,5601010,5601010,8800,635,8800,635,DATA
2026-06-26,6.61,10789455,10789455,1775,6056,1775,6056,DATA
2026-06-26,0.67,11872910,11872910,4510,2637,4510,2637,DATA
2026-06-26,6.61,10789455,10789455,1775,6056,1775,6056,Cfao
2026-06-26,1.4,41730495,41730495,29000,1441,29000,1441,DATA
2026-06-26,-2.77,6863645,6863645,2105,3188,2105,3188,DATA
2026-06-26,0.19,10624460,10624460,5200,2043,5200,2043,CIE CI
2026-06-26,0.0,199459380,199459380,9100,22017,9100,22017,DATA
2026-06-26,2.09,32632405,32632405,3170,10406,3170,10406,Sucrivoire
2026-06-26,1.28,18418605,18418605,19750,940,19750,940,NSIA
2026-06-26,0.67,11872910,11872910,4510,2637,4510,2637,SAFCA
2026-06-26,0.88,98254580,98254580,5750,17272,5750,17272,DATA
2026-06-26,-0.39,10140090,10140090,38350,263,38350,263,Solibra
2026-06-26,0.51,18652055,18652055,1965,9459,1965,9459,Filtisac
2026-06-26,0.84,82447250,82447250,9025,9221,9025,9221,BOA_BENIN
2026-06-26,7.49,90548920,90548920,23980,3989,23980,3989,DATA
2026-06-26,-2.67,53015,53015,4380,12,4380,12,Sicor_ci
2026-06-26,2.09,32632405,32632405,3170,10406,3170,10406,DATA
2026-06-29,-2.41,202399550,202399550,28300,7093,28300,7093,Sonatel
2026-06-29,-1.14,124483240,124483240,8700,14296,8700,14296,Palm ci
2026-06-29,1.16,14227545,14227545,38795,367,38795,367,Solibra
2026-06-29,0.84,71736660,71736660,12000,6430,12000,6430,SODE CI
2026-06-29,1.2,3722135,3722135,4650,802,4650,802,DATA
2026-06-29,-0.76,13143990,13143990,1970,6705,1970,6705,Uniwax
2026-06-29,-0.51,10216760,10216760,19650,518,19650,518,DATA
2026-06-29,2.17,176635490,176635490,24500,7247,24500,7247,DATA
2026-06-29,-1.37,25391720,25391720,2515,10122,2515,10122,AGL
2026-06-29,-1.72,616020,616020,56020,11,56020,11,Unilever
2026-06-29,0.89,12097785,12097785,22195,548,22195,548,CORIS_BANK
2026-06-29,1.7,33241090,33241090,4185,7983,4185,7983,DATA
2026-06-29,-0.76,13143990,13143990,1970,6705,1970,6705,DATA
2026-06-29,0.09,54201370,54201370,5700,9520,5700,9520,BOA_BF
2026-06-29,1.16,14227545,14227545,38795,367,38795,367,DATA
2026-06-29,7.14,4063405,4063405,3750,1124,3750,1124,DATA
2026-06-29,2.26,122721765,122721765,5880,20927,5880,20927,DATA
2026-06-29,0.0,44307035,44307035,29000,1529,29000,1529,BICC
2026-06-29,3.99,27698550,27698550,4690,5906,4690,5906,DATA
2026-06-29,-1.41,15372935,15372935,1750,8797,1750,8797,Cfao
2026-06-29,7.14,4063405,4063405,3750,1124,3750,1124,Total senegal
2026-06-29,0.25,17676755,17676755,1970,8950,1970,8950,Filtisac
2026-06-29,-1.72,616020,616020,56020,11,56020,11,DATA
2026-06-29,-2.08,4316095,4316095,2350,1834,2350,1834,DATA
2026-06-29,0.06,48551410,48551410,8895,5464,8895,5464,SIBC
2026-06-29,-0.51,10216760,10216760,19650,518,19650,518,NSIA
2026-06-29,0.75,45528420,45528420,7350,6224,7350,6224,DATA
2026-06-29,1.7,33241090,33241090,4185,7983,4185,7983,BOA_NIGER
2026-06-29,0.2,15208375,15208375,7685,1993,7685,1993,DATA
2026-06-29,0.0,166267715,166267715,39000,4263,39000,4263,SGB CI
2026-06-29,-1.9,21045080,21045080,2575,8096,2575,8096,Erium ci
2026-06-29,3.99,27698550,27698550,4690,5906,4690,5906,SAFCA
2026-06-29,-0.27,14165795,14165795,14760,957,14760,957,DATA
2026-06-29,-3.72,14301705,14301705,3490,4024,3490,4024,Setao
2026-06-29,0.0,166267715,166267715,39000,4263,39000,4263,DATA
2026-06-29,-1.83,8866290,8866290,3215,2755,3215,2755,Servair
2026-06-29,-2.08,4316095,4316095,2350,1834,2350,1834,NEI-CEDA
2026-06-29,0.0,44307035,44307035,29000,1529,29000,1529,DATA
2026-06-29,-0.27,14165795,14165795,14760,957,14760,957,Nestle
2026-06-29,0.2,15208375,15208375,7685,1993,7685,1993,Saph
2026-06-29,1.92,31402360,31402360,5300,6018,5300,6018,CIE CI
2026-06-29,0.0,21845460,21845460,8400,2607,8400,2607,SOGB
2026-06-29,-0.71,5741610,5741610,2800,2043,2800,2043,Onatel bf
2026-06-29,0.0,5946600,5946600,16700,360,16700,360,Orange ci
2026-06-29,1.32,13813770,13813770,2685,5132,2685,5132,ORAGROUP_TOGO
2026-06-29,0.64,12614550,12614550,16505,765,16505,765,SMBC
2026-06-29,0.64,12614550,12614550,16505,765,16505,765,DATA
2026-06-29,7.44,15066070,15066070,4190,3626,4190,3626,DATA
2026-06-29,0.75,45528420,45528420,7350,6224,7350,6224,BOA_SN
2026-06-29,-3.72,14301705,14301705,3490,4024,3490,4024,DATA
2026-06-29,-1.9,21045080,21045080,2575,8096,2575,8096,DATA
2026-06-29,0.83,9798050,9798050,9100,1085,9100,1085,BOA_BENIN
2026-06-29,2.99,40577070,40577070,5000,8047,5000,8047,DATA
2026-06-29,3.24,344605375,344605375,9395,37061,9395,37061,BOA_CI
2026-06-29,1.02,3197200,3197200,1985,1602,1985,1602,DATA
2026-06-29,0.89,12097785,12097785,22195,548,22195,548,DATA
2026-06-29,-0.65,6466780,6466780,1540,4243,1540,4243,SEMC
2026-06-29,0.83,9798050,9798050,9100,1085,9100,1085,DATA
2026-06-29,7.32,16663665,16663665,4400,3961,4400,3961,LNBB
2026-06-29,1.02,3197200,3197200,1985,1602,1985,1602,Bernabe
2026-06-29,-1.83,8866290,8866290,3215,2755,3215,2755,DATA
2026-06-29,0.0,21845460,21845460,8400,2607,8400,2607,DATA
2026-06-29,0.0,5946600,5946600,16700,360,16700,360,DATA
2026-06-29,0.23,17047540,17047540,17190,1006,17190,1006,ECOBANK_CI
2026-06-29,7.44,15066070,15066070,4190,3626,4190,3626,Sicable
2026-06-29,2.26,122721765,122721765,5880,20927,5880,20927,BICB
2026-06-29,1.2,3722135,3722135,4650,802,4650,802,Tractafric
2026-06-29,3.47,25464325,25464325,3280,7850,3280,7850,Sucrivoire
2026-06-29,0.06,48551410,48551410,8895,5464,8895,5464,DATA
2026-06-29,1.92,31402360,31402360,5300,6018,5300,6018,DATA
2026-06-29,3.47,25464325,25464325,3280,7850,3280,7850,DATA
2026-06-29,-1.14,124483240,124483240,8700,14296,8700,14296,DATA
2026-06-29,-1.41,15372935,15372935,1750,8797,1750,8797,DATA
2026-06-29,0.23,17047540,17047540,17190,1006,17190,1006,DATA
2026-06-29,-1.37,25391720,25391720,2515,10122,2515,10122,DATA
2026-06-29,3.09,11518055,11518055,2170,5380,2170,5380,DATA
2026-06-29,-2.41,202399550,202399550,28300,7093,28300,7093,DATA
2026-06-29,-0.65,6466780,6466780,1540,4243,1540,4243,DATA
2026-06-29,2.7,43947800,43947800,38,1188403,38,1188403,DATA
2026-06-29,-2.1,40872065,40872065,2795,14389,2795,14389,Total ci
2026-06-29,-2.1,40872065,40872065,2795,14389,2795,14389,DATA
2026-06-29,0.0,691900,691900,4380,160,4380,160,DATA
2026-06-29,2.7,43947800,43947800,38,1188403,38,1188403,ETIT
2026-06-29,7.32,16663665,16663665,4400,3961,4400,3961,DATA
2026-06-29,1.32,13813770,13813770,2685,5132,2685,5132,DATA
2026-06-29,0.25,17676755,17676755,1970,8950,1970,8950,DATA
2026-06-29,2.17,176635490,176635490,24500,7247,24500,7247,Sitab_ci
2026-06-29,0.09,54201370,54201370,5700,9520,5700,9520,DATA
2026-06-29,3.09,11518055,11518055,2170,5380,2170,5380,Vivo energy
2026-06-29,3.24,344605375,344605375,9395,37061,9395,37061,DATA
2026-06-29,0.0,691900,691900,4380,160,4380,160,Sicor_ci
2026-06-29,-0.71,5741610,5741610,2800,2043,2800,2043,DATA
2026-06-29,2.99,40577070,40577070,5000,8047,5000,8047,BOA_MALI
2026-06-29,0.84,71736660,71736660,12000,6430,12000,6430,DATA
2026-06-30,-0.26,38271825,38271825,5865,6588,5865,6588,DATA
2026-06-30,1.52,21901385,21901385,2000,11281,2000,11281,DATA
2026-06-30,-2.91,17064360,17064360,2500,6817,2500,6817,Erium ci
2026-06-30,2.04,68256605,68256605,25000,2761,25000,2761,DATA
2026-06-30,-2.78,44917660,44917660,2445,18493,2445,18493,DATA
2026-06-30,-0.06,73859950,73859950,8890,8326,8890,8326,SIBC
2026-06-30,0.28,17547580,17547580,5315,3311,5315,3311,DATA
2026-06-30,-3.43,20531655,20531655,16600,1217,16600,1217,ECOBANK_CI
2026-06-30,0.0,6878835,6878835,1985,3477,1985,3477,DATA
2026-06-30,-0.06,73859950,73859950,8890,8326,8890,8326,DATA
2026-06-30,0.59,185007965,185007965,9450,19595,9450,19595,BOA_CI
2026-06-30,0.0,11877480,11877480,2800,4149,2800,4149,Onatel bf
2026-06-30,3.87,8661805,8661805,3895,2280,3895,2280,Total senegal
2026-06-30,7.45,4140540,4140540,17735,239,17735,239,DATA
2026-06-30,5.88,44483195,44483195,23500,1983,23500,1983,DATA
2026-06-30,5.02,113500,113500,4600,25,4600,25,DATA
2026-06-30,7.4,6373995,6373995,4500,1445,4500,1445,DATA
2026-06-30,0.21,16169325,16169325,4700,3428,4700,3428,SAFCA
2026-06-30,-2.91,17064360,17064360,2500,6817,2500,6817,DATA
2026-06-30,2.04,68256605,68256605,25000,2761,25000,2761,Sitab_ci
2026-06-30,0.91,12438780,12438780,4440,2840,4440,2840,DATA
2026-06-30,-0.4,75333565,75333565,4980,15079,4980,15079,DATA
2026-06-30,-0.26,38271825,38271825,5865,6588,5865,6588,BICB
2026-06-30,-0.32,4758770,4758770,1535,3112,1535,3112,SEMC
2026-06-30,0.3,50160625,50160625,16750,3014,16750,3014,DATA
2026-06-30,0.91,12438780,12438780,4440,2840,4440,2840,LNBB
2026-06-30,0.3,8966100,8966100,3290,2724,3290,2724,Sucrivoire
2026-06-30,0.57,4339160,4339160,1760,2476,1760,2476,DATA
2026-06-30,0.0,85421870,85421870,8700,9896,8700,9896,DATA
2026-06-30,0.57,4339160,4339160,1760,2476,1760,2476,Cfao
2026-06-30,0.0,85421870,85421870,8700,9896,8700,9896,Palm ci
2026-06-30,0.3,8966100,8966100,3290,2724,3290,2724,DATA
2026-06-30,-0.82,25247510,25247510,9025,2801,9025,2801,BOA_BENIN
2026-06-30,-0.23,20340390,20340390,2165,9371,2165,9371,DATA
2026-06-30,5.02,113500,113500,4600,25,4600,25,Sicor_ci
2026-06-30,0.71,54444080,54444080,28500,1891,28500,1891,DATA
2026-06-30,0.59,185007965,185007965,9450,19595,9450,19595,DATA
2026-06-30,-2.78,44917660,44917660,2445,18493,2445,18493,AGL
2026-06-30,-0.4,75333565,75333565,4980,15079,4980,15079,BOA_MALI
2026-06-30,1.22,20449075,20449075,7440,2766,7440,2766,BOA_SN
2026-06-30,2.68,28442880,28442880,2870,9833,2870,9833,DATA
2026-06-30,0.19,6317350,6317350,2690,2345,2690,2345,DATA
2026-06-30,-0.75,334860,334860,55600,6,55600,6,DATA
2026-06-30,1.22,20449075,20449075,7440,2766,7440,2766,DATA
2026-06-30,-0.85,1220945,1220945,2330,522,2330,522,DATA
2026-06-30,0.24,32034250,32034250,4195,7661,4195,7661,BOA_NIGER
2026-06-30,4.98,12901125,12901125,15495,847,15495,847,DATA
2026-06-30,-0.85,1220945,1220945,2330,522,2330,522,NEI-CEDA
2026-06-30,-0.13,7343200,7343200,7675,957,7675,957,Saph
2026-06-30,-0.06,4649915,4649915,8395,554,8395,554,SOGB
2026-06-30,7.45,4140540,4140540,17735,239,17735,239,SMBC
2026-06-30,0.4,8064830,8064830,38950,207,38950,207,Solibra
2026-06-30,0.71,54444080,54444080,28500,1891,28500,1891,Sonatel
2026-06-30,0.0,27458535,27458535,19650,1403,19650,1403,DATA
2026-06-30,0.0,9990250,9990250,29000,344,29000,344,BICC
2026-06-30,-0.75,334860,334860,55600,6,55600,6,Unilever
2026-06-30,-7.36,17025925,17025925,1825,9324,1825,9324,DATA
2026-06-30,3.87,8661805,8661805,3895,2280,3895,2280,DATA
2026-06-30,0.24,32034250,32034250,4195,7661,4195,7661,DATA
2026-06-30,0.3,50160625,50160625,16750,3014,16750,3014,Orange ci
2026-06-30,0.0,11877480,11877480,2800,4149,2800,4149,DATA
2026-06-30,-0.23,20340390,20340390,2165,9371,2165,9371,Vivo energy
2026-06-30,1.08,5871170,5871170,4700,1263,4700,1263,DATA
2026-06-30,0.21,16169325,16169325,4700,3428,4700,3428,DATA
2026-06-30,-0.09,72642190,72642190,38965,1863,38965,1863,SGB CI
2026-06-30,1.52,21901385,21901385,2000,11281,2000,11281,Filtisac
2026-06-30,-0.06,4649915,4649915,8395,554,8395,554,DATA
2026-06-30,-0.82,25247510,25247510,9025,2801,9025,2801,DATA
2026-06-30,2.02,2822490,2822490,3280,862,3280,862,DATA
2026-06-30,0.28,17547580,17547580,5315,3311,5315,3311,CIE CI
2026-06-30,5.26,41742025,41742025,40,1076706,40,1076706,ETIT
2026-06-30,2.68,28442880,28442880,2870,9833,2870,9833,Total ci
2026-06-30,0.0,8970725,8970725,12000,760,12000,760,DATA
2026-06-30,2.63,39859360,39859360,5850,6849,5850,6849,BOA_BF
2026-06-30,7.4,6373995,6373995,4500,1445,4500,1445,Sicable
2026-06-30,1.72,4641970,4641970,3550,1332,3550,1332,DATA
2026-06-30,5.88,44483195,44483195,23500,1983,23500,1983,CORIS_BANK
2026-06-30,-7.36,17025925,17025925,1825,9324,1825,9324,Uniwax
2026-06-30,0.0,27458535,27458535,19650,1403,19650,1403,NSIA
2026-06-30,0.19,6317350,6317350,2690,2345,2690,2345,ORAGROUP_TOGO
2026-06-30,0.0,6878835,6878835,1985,3477,1985,3477,Bernabe
2026-06-30,0.0,9990250,9990250,29000,344,29000,344,DATA
2026-06-30,-0.09,72642190,72642190,38965,1863,38965,1863,DATA
2026-06-30,1.72,4641970,4641970,3550,1332,3550,1332,Setao
2026-06-30,4.98,12901125,12901125,15495,847,15495,847,Nestle
2026-06-30,1.08,5871170,5871170,4700,1263,4700,1263,Tractafric
2026-06-30,5.26,41742025,41742025,40,1076706,40,1076706,DATA
2026-06-30,-3.43,20531655,20531655,16600,1217,16600,1217,DATA
2026-06-30,2.02,2822490,2822490,3280,862,3280,862,Servair
2026-06-30,-0.13,7343200,7343200,7675,957,7675,957,DATA
2026-06-30,-0.32,4758770,4758770,1535,3112,1535,3112,DATA
2026-06-30,2.63,39859360,39859360,5850,6849,5850,6849,DATA
2026-06-30,0.0,8970725,8970725,12000,760,12000,760,SODE CI
2026-06-30,0.4,8064830,8064830,38950,207,38950,207,DATA
2026-07-01,-2.82,6491595,6491595,3450,1873,3450,1873,DATA
2026-07-01,2.17,54700,54700,4700,12,4700,12,Sicor_ci
2026-07-01,0.26,36793795,36793795,5880,6287,5880,6287,DATA
2026-07-01,1.76,11463340,11463340,19995,578,19995,578,DATA
2026-07-01,1.69,10613940,10613940,29490,363,29490,363,DATA
2026-07-01,2.23,10916060,10916060,2750,3998,2750,3998,ORAGROUP_TOGO
2026-07-01,2.81,50725285,50725285,29300,1736,29300,1736,Sonatel
2026-07-01,-1.1,15613335,15613335,17540,881,17540,881,SMBC
2026-07-01,0.85,175159150,175159150,5900,30402,5900,30402,DATA
2026-07-01,0.0,3260680,3260680,55600,56,55600,56,DATA
2026-07-01,-0.58,203542370,203542370,9395,22017,9395,22017,DATA
2026-07-01,-2.36,4891800,4891800,2275,2178,2275,2178,NEI-CEDA
2026-07-01,0.09,113532165,113532165,39000,2929,39000,2929,DATA
2026-07-01,3.19,16723540,16723540,15990,1095,15990,1095,DATA
2026-07-01,-2.36,4891800,4891800,2275,2178,2275,2178,DATA
2026-07-01,0.0,7862170,7862170,2000,3930,2000,3930,Filtisac
2026-07-01,-1.8,14956965,14956965,2455,6010,2455,6010,Erium ci
2026-07-01,0.0,6735340,6735340,2800,2393,2800,2393,Onatel bf
2026-07-01,0.0,38924815,38924815,7440,5262,7440,5262,DATA
2026-07-01,1.41,31144025,31144025,9015,3484,9015,3484,SIBC
2026-07-01,-2.13,14574020,14574020,4600,3118,4600,3118,DATA
2026-07-01,4.17,13700420,13700420,7995,1761,7995,1761,DATA
2026-07-01,-0.12,21497825,21497825,4190,5161,4190,5161,DATA
2026-07-01,0.85,175159150,175159150,5900,30402,5900,30402,BOA_BF
2026-07-01,0.28,2805875,2805875,1765,1590,1765,1590,DATA
2026-07-01,3.19,23620395,23620395,3395,7146,3395,7146,Sucrivoire
2026-07-01,-3.15,3557170,3557170,4300,820,4300,820,LNBB
2026-07-01,0.34,68947865,68947865,8730,7989,8730,7989,DATA
2026-07-01,-0.3,153082875,153082875,16700,9546,16700,9546,DATA
2026-07-01,-6.89,9212790,9212790,4190,2155,4190,2155,Sicable
2026-07-01,-0.98,4391530,4391530,1520,2884,1520,2884,DATA
2026-07-01,0.26,36793795,36793795,5880,6287,5880,6287,BICB
2026-07-01,-1.84,56436990,56436990,2400,24280,2400,24280,AGL
2026-07-01,-0.2,20046500,20046500,4970,4022,4970,4022,DATA
2026-07-01,0.0,173874235,173874235,9025,19914,9025,19914,DATA
2026-07-01,-3.15,3557170,3557170,4300,820,4300,820,DATA
2026-07-01,-0.3,153082875,153082875,16700,9546,16700,9546,Orange ci
2026-07-01,2.13,34841865,34841865,24000,1464,24000,1464,DATA
2026-07-01,-2.2,88932675,88932675,24450,3596,24450,3596,Sitab_ci
2026-07-01,7.5,33598482,33598482,43,803964,43,803964,ETIT
2026-07-01,1.15,4704030,4704030,2190,2147,2190,2147,Vivo energy
2026-07-01,-2.11,52032335,52032335,16250,3155,16250,3155,DATA
2026-07-01,2.79,10374120,10374120,2950,3683,2950,3683,Total ci
2026-07-01,2.23,10916060,10916060,2750,3998,2750,3998,DATA
2026-07-01,0.0,173874235,173874235,9025,19914,9025,19914,BOA_BENIN
2026-07-01,0.0,7862170,7862170,2000,3930,2000,3930,DATA
2026-07-01,-6.89,9212790,9212790,4190,2155,4190,2155,DATA
2026-07-01,0.83,19137260,19137260,12100,1667,12100,1667,SODE CI
2026-07-01,0.0,6735340,6735340,2800,2393,2800,2393,DATA
2026-07-01,0.15,3695675,3695675,3285,1120,3285,1120,DATA
2026-07-01,0.34,68947865,68947865,8730,7989,8730,7989,Palm ci
2026-07-01,1.41,31144025,31144025,9015,3484,9015,3484,DATA
2026-07-01,1.15,4704030,4704030,2190,2147,2190,2147,DATA
2026-07-01,0.0,3260680,3260680,55600,56,55600,56,Unilever
2026-07-01,0.83,19137260,19137260,12100,1667,12100,1667,DATA
2026-07-01,0.0,38924815,38924815,7440,5262,7440,5262,BOA_SN
2026-07-01,2.79,10374120,10374120,2950,3683,2950,3683,DATA
2026-07-01,0.09,113532165,113532165,39000,2929,39000,2929,SGB CI
2026-07-01,-0.2,20046500,20046500,4970,4022,4970,4022,BOA_MALI
2026-07-01,7.5,33598482,33598482,43,803964,43,803964,DATA
2026-07-01,-0.98,4391530,4391530,1520,2884,1520,2884,SEMC
2026-07-01,0.0,5261950,5261950,8395,627,8395,627,DATA
2026-07-01,-2.13,1454090,1454090,4600,312,4600,312,Tractafric
2026-07-01,0.28,2805875,2805875,1765,1590,1765,1590,Cfao
2026-07-01,3.19,23620395,23620395,3395,7146,3395,7146,DATA
2026-07-01,-0.13,36818405,36818405,38900,951,38900,951,DATA
2026-07-01,-1.8,14956965,14956965,2455,6010,2455,6010,DATA
2026-07-01,0.15,3695675,3695675,3285,1120,3285,1120,Servair
2026-07-01,2.81,50725285,50725285,29300,1736,29300,1736,DATA
2026-07-01,2.17,54700,54700,4700,12,4700,12,DATA
2026-07-01,0.0,1878710,1878710,1985,945,1985,945,DATA
2026-07-01,-0.58,203542370,203542370,9395,22017,9395,22017,BOA_CI
2026-07-01,-0.13,36818405,36818405,38900,951,38900,951,Solibra
2026-07-01,-2.13,14574020,14574020,4600,3118,4600,3118,SAFCA
2026-07-01,2.7,13076130,13076130,4000,3398,4000,3398,Total senegal
2026-07-01,-2.2,88932675,88932675,24450,3596,24450,3596,DATA
2026-07-01,-0.28,42923840,42923840,5300,7945,5300,7945,CIE CI
2026-07-01,-2.13,1454090,1454090,4600,312,4600,312,DATA
2026-07-01,2.7,13076130,13076130,4000,3398,4000,3398,DATA
2026-07-01,0.0,1878710,1878710,1985,945,1985,945,Bernabe
2026-07-01,-2.82,6491595,6491595,3450,1873,3450,1873,Setao
2026-07-01,4.17,13700420,13700420,7995,1761,7995,1761,Saph
2026-07-01,-0.28,42923840,42923840,5300,7945,5300,7945,DATA
2026-07-01,1.76,11463340,11463340,19995,578,19995,578,NSIA
2026-07-01,-1.84,56436990,56436990,2400,24280,2400,24280,DATA
2026-07-01,0.0,5261950,5261950,8395,627,8395,627,SOGB
2026-07-01,3.19,16723540,16723540,15990,1095,15990,1095,Nestle
2026-07-01,-7.4,17147080,17147080,1690,10132,1690,10132,DATA
2026-07-01,-0.12,21497825,21497825,4190,5161,4190,5161,BOA_NIGER
2026-07-01,-2.11,52032335,52032335,16250,3155,16250,3155,ECOBANK_CI
2026-07-01,2.13,34841865,34841865,24000,1464,24000,1464,CORIS_BANK
2026-07-01,1.69,10613940,10613940,29490,363,29490,363,BICC
2026-07-01,-7.4,17147080,17147080,1690,10132,1690,10132,Uniwax
2026-07-01,-1.1,15613335,15613335,17540,881,17540,881,DATA
2026-07-02,1.45,12013395,12013395,3500,3476,3500,3476,Setao
2026-07-02,-0.45,7678700,7678700,12045,643,12045,643,SODE CI
2026-07-02,-0.44,10273480,10273480,7960,1288,7960,1288,DATA
2026-07-02,0.68,29670530,29670530,5940,5034,5940,5034,DATA
2026-07-02,2.5,8741625,8741625,2050,4211,2050,4211,Filtisac
2026-07-02,1.09,9726915,9726915,4650,2126,4650,2126,SAFCA
2026-07-02,-0.74,19291375,19291375,8665,2240,8665,2240,Palm ci
2026-07-02,-0.17,103841585,103841585,9000,11531,9000,11531,SIBC
2026-07-02,0.0,5913515,5913515,3285,1794,3285,1794,Servair
2026-07-02,0.0,35867120,35867120,24000,1490,24000,1490,CORIS_BANK
2026-07-02,-1.74,1700100,1700100,4520,375,4520,375,Tractafric
2026-07-02,-0.99,6350175,6350175,1505,4202,1505,4202,DATA
2026-07-02,1.45,12013395,12013395,3500,3476,3500,3476,DATA
2026-07-02,-0.45,7678700,7678700,12045,643,12045,643,DATA
2026-07-02,0.68,29670530,29670530,5940,5034,5940,5034,BOA_BF
2026-07-02,1.09,9336605,9336605,2780,3385,2780,3385,ORAGROUP_TOGO
2026-07-02,-0.03,13185775,13185775,19990,660,19990,660,NSIA
2026-07-02,-0.17,26389870,26389870,2945,9103,2945,9103,Total ci
2026-07-02,0.26,30451660,30451660,39000,769,39000,769,DATA
2026-07-02,6.98,253499123,253499123,46,5631591,46,5631591,DATA
2026-07-02,0.18,45124030,45124030,2805,16177,2805,16177,Onatel bf
2026-07-02,1.94,25321770,25321770,9200,2837,9200,2837,DATA
2026-07-02,3.13,28710460,28710460,16490,1777,16490,1777,Nestle
2026-07-02,0.66,9310285,9310285,8450,1109,8450,1109,DATA
2026-07-02,7.4,3261965,3261965,4500,733,4500,733,Sicable
2026-07-02,-0.03,117313780,117313780,38990,3046,38990,3046,DATA
2026-07-02,0.0,5913515,5913515,3285,1794,3285,1794,DATA
2026-07-02,-7.4,30443810,30443810,1565,19449,1565,19449,Uniwax
2026-07-02,-0.03,117313780,117313780,38990,3046,38990,3046,SGB CI
2026-07-02,1.09,9726915,9726915,4650,2126,4650,2126,DATA
2026-07-02,-1.81,55477145,55477145,7305,7563,7305,7563,BOA_SN
2026-07-02,1.09,9336605,9336605,2780,3385,2780,3385,DATA
2026-07-02,-0.08,500095,500095,55555,9,55555,9,Unilever
2026-07-02,0.18,45124030,45124030,2805,16177,2805,16177,DATA
2026-07-02,0.24,45607025,45607025,4200,10864,4200,10864,DATA
2026-07-02,1.25,14903805,14903805,4050,3784,4050,3784,DATA
2026-07-02,-0.81,34838775,34838775,29250,1255,29250,1255,BICC
2026-07-02,-7.4,30443810,30443810,1565,19449,1565,19449,DATA
2026-07-02,0.3,6716190,6716190,16750,401,16750,401,Orange ci
2026-07-02,-0.03,13185775,13185775,19990,660,19990,660,DATA
2026-07-02,-1.74,1700100,1700100,4520,375,4520,375,DATA
2026-07-02,0.67,74349580,74349580,29495,2523,29495,2523,Sonatel
2026-07-02,1.03,11883445,11883445,17720,675,17720,675,SMBC
2026-07-02,0.66,9310285,9310285,8450,1109,8450,1109,SOGB
2026-07-02,0.0,6127160,6127160,1985,3107,1985,3107,Bernabe
2026-07-02,-0.22,3692625,3692625,2270,1636,2270,1636,NEI-CEDA
2026-07-02,-0.44,10273480,10273480,7960,1288,7960,1288,Saph
2026-07-02,3.13,28710460,28710460,16490,1777,16490,1777,DATA
2026-07-02,-0.22,3692625,3692625,2270,1636,2270,1636,DATA
2026-07-02,-1.81,55477145,55477145,7305,7563,7305,7563,DATA
2026-07-02,0.24,45607025,45607025,4200,10864,4200,10864,BOA_NIGER
2026-07-02,-0.17,26389870,26389870,2945,9103,2945,9103,DATA
2026-07-02,0.0,35687280,35687280,5300,6747,5300,6747,CIE CI
2026-07-02,0.46,4842125,4842125,2200,2207,2200,2207,Vivo energy
2026-07-02,1.86,17087930,17087930,4380,4112,4380,4112,DATA
2026-07-02,-1.01,230568345,230568345,9300,25493,9300,25493,DATA
2026-07-02,0.67,74349580,74349580,29495,2523,29495,2523,DATA
2026-07-02,7.45,130050,130050,5050,26,5050,26,Sicor_ci
2026-07-02,0.26,30451660,30451660,39000,769,39000,769,Solibra
2026-07-02,1.03,11883445,11883445,17720,675,17720,675,DATA
2026-07-02,0.46,4842125,4842125,2200,2207,2200,2207,DATA
2026-07-02,1.94,25321770,25321770,9200,2837,9200,2837,BOA_BENIN
2026-07-02,-1.02,16889485,16889485,2430,6980,2430,6980,DATA
2026-07-02,1.54,25687560,25687560,16500,1537,16500,1537,DATA
2026-07-02,3.09,44651850,44651850,3500,12840,3500,12840,DATA
2026-07-02,0.85,13950610,13950610,1780,7824,1780,7824,Cfao
2026-07-02,-0.74,19291375,19291375,8665,2240,8665,2240,DATA
2026-07-02,0.85,13950610,13950610,1780,7824,1780,7824,DATA
2026-07-02,3.09,44651850,44651850,3500,12840,3500,12840,Sucrivoire
2026-07-02,1.86,17087930,17087930,4380,4112,4380,4112,LNBB
2026-07-02,0.3,6716190,6716190,16750,401,16750,401,DATA
2026-07-02,-0.1,19953700,19953700,4965,4008,4965,4008,BOA_MALI
2026-07-02,-0.99,6350175,6350175,1505,4202,1505,4202,SEMC
2026-07-02,1.28,38600565,38600565,5955,6544,5955,6544,BICB
2026-07-02,-0.21,30342905,30342905,2395,12740,2395,12740,AGL
2026-07-02,-0.1,19953700,19953700,4965,4008,4965,4008,DATA
2026-07-02,0.41,76801985,76801985,24550,3141,24550,3141,Sitab_ci
2026-07-02,-0.81,34838775,34838775,29250,1255,29250,1255,DATA
2026-07-02,-0.08,500095,500095,55555,9,55555,9,DATA
2026-07-02,2.5,8741625,8741625,2050,4211,2050,4211,DATA
2026-07-02,1.28,38600565,38600565,5955,6544,5955,6544,DATA
2026-07-02,-1.02,16889485,16889485,2430,6980,2430,6980,Erium ci
2026-07-02,6.98,253499123,253499123,46,5631591,46,5631591,ETIT
2026-07-02,-1.01,230568345,230568345,9300,25493,9300,25493,BOA_CI
2026-07-02,-0.17,103841585,103841585,9000,11531,9000,11531,DATA
2026-07-02,0.0,6127160,6127160,1985,3107,1985,3107,DATA
2026-07-02,-0.21,30342905,30342905,2395,12740,2395,12740,DATA
2026-07-02,1.54,25687560,25687560,16500,1537,16500,1537,ECOBANK_CI
2026-07-02,0.0,35687280,35687280,5300,6747,5300,6747,DATA
2026-07-02,1.25,14903805,14903805,4050,3784,4050,3784,Total senegal
2026-07-02,7.4,3261965,3261965,4500,733,4500,733,DATA
2026-07-02,0.0,35867120,35867120,24000,1490,24000,1490,DATA
2026-07-02,7.45,130050,130050,5050,26,5050,26,DATA
2026-07-02,0.41,76801985,76801985,24550,3141,24550,3141,DATA
2026-07-03,5.37,41055605,41055605,6275,6580,6275,6580,DATA
2026-07-03,0.08,20227660,20227660,5945,3395,5945,3395,BOA_BF
2026-07-03,-3.58,20621730,20621730,7675,2645,7675,2645,DATA
2026-07-03,-1.92,164782400,164782400,1535,111753,1535,111753,DATA
2026-07-03,0.0,5757875,5757875,12045,479,12045,479,DATA
2026-07-03,-1.08,59514945,59514945,9200,6435,9200,6435,BOA_CI
2026-07-03,-1.46,6669670,6669670,2020,3246,2020,3246,DATA
2026-07-03,-3.58,20621730,20621730,7675,2645,7675,2645,Saph
2026-07-03,0.76,2337615,2337615,2000,1176,2000,1176,Bernabe
2026-07-03,-0.38,27908550,27908550,23910,1163,23910,1163,DATA
2026-07-03,3.14,41778960,41778960,3610,11655,3610,11655,DATA
2026-07-03,0.08,20227660,20227660,5945,3395,5945,3395,DATA
2026-07-03,-1.71,8511540,8511540,3440,2462,3440,2462,DATA
2026-07-03,-1.92,164782400,164782400,1535,111753,1535,111753,Uniwax
2026-07-03,-0.81,38279690,38279690,24350,1570,24350,1570,DATA
2026-07-03,0.0,5757875,5757875,12045,479,12045,479,SODE CI
2026-07-03,-2.59,10204635,10204635,3200,3159,3200,3159,Servair
2026-07-03,-0.12,19346665,19346665,4045,4785,4045,4785,DATA
2026-07-03,-1.46,6669670,6669670,2020,3246,2020,3246,Filtisac
2026-07-03,4.67,23828100,23828100,17270,1411,17270,1411,DATA
2026-07-03,0.06,14021540,14021540,16500,864,16500,864,Nestle
2026-07-03,0.9,10904800,10904800,16900,649,16900,649,Orange ci
2026-07-03,2.97,637480,637480,5200,126,5200,126,Sicor_ci
2026-07-03,-0.81,38279690,38279690,24350,1570,24350,1570,Sitab_ci
2026-07-03,-0.44,4247445,4247445,4500,940,4500,940,DATA
2026-07-03,3.14,41778960,41778960,3610,11655,3610,11655,Sucrivoire
2026-07-03,0.02,93064145,93064145,29500,3155,29500,3155,Sonatel
2026-07-03,0.0,18871380,18871380,8450,2238,8450,2238,DATA
2026-07-03,1.67,39863985,39863985,2435,16554,2435,16554,AGL
2026-07-03,-0.11,3954440,3954440,4495,879,4495,879,Sicable
2026-07-03,0.1,16949425,16949425,4970,3413,4970,3413,DATA
2026-07-03,-1.56,98361220,98361220,8860,10995,8860,10995,DATA
2026-07-03,0.0,18871380,18871380,8450,2238,8450,2238,SOGB
2026-07-03,-0.18,13128680,13128680,2800,4760,2800,4760,Onatel bf
2026-07-03,0.08,7144395,7144395,17735,403,17735,403,SMBC
2026-07-03,-0.84,1891580,1891580,1765,1071,1765,1071,DATA
2026-07-03,-0.12,19346665,19346665,4045,4785,4045,4785,Total senegal
2026-07-03,1.96,66396395,66396395,8835,7689,8835,7689,DATA
2026-07-03,-0.84,1891580,1891580,1765,1071,1765,1071,Cfao
2026-07-03,-2.59,10204635,10204635,3200,3159,3200,3159,DATA
2026-07-03,-0.44,4247445,4247445,4500,940,4500,940,Tractafric
2026-07-03,2.17,184695362,184695362,47,3915461,47,3915461,DATA
2026-07-03,0.05,9644920,9644920,20000,484,20000,484,DATA
2026-07-03,0.0,1921505,1921505,2270,851,2270,851,NEI-CEDA
2026-07-03,0.62,79112655,79112655,7350,10809,7350,10809,BOA_SN
2026-07-03,0.51,3519075,3519075,39200,88,39200,88,DATA
2026-07-03,0.05,9644920,9644920,20000,484,20000,484,NSIA
2026-07-03,-0.33,12172625,12172625,1500,8097,1500,8097,DATA
2026-07-03,-2.52,14724130,14724130,2710,5328,2710,5328,ORAGROUP_TOGO
2026-07-03,0.06,14021540,14021540,16500,864,16500,864,DATA
2026-07-03,-0.68,1797710,1797710,4350,432,4350,432,LNBB
2026-07-03,-0.11,3954440,3954440,4495,879,4495,879,DATA
2026-07-03,-0.68,6520545,6520545,2925,2230,2925,2230,Total ci
2026-07-03,-0.38,27908550,27908550,23910,1163,23910,1163,CORIS_BANK
2026-07-03,-1.09,70773540,70773540,9100,8139,9100,8139,DATA
2026-07-03,-0.33,12172625,12172625,1500,8097,1500,8097,SEMC
2026-07-03,-5.1,199229350,199229350,37000,5299,37000,5299,DATA
2026-07-03,0.0,26098270,26098270,5300,4872,5300,4872,CIE CI
2026-07-03,-1.71,8511540,8511540,3440,2462,3440,2462,Setao
2026-07-03,-0.68,6520545,6520545,2925,2230,2925,2230,DATA
2026-07-03,0.62,79112655,79112655,7350,10809,7350,10809,DATA
2026-07-03,0.95,75262080,75262080,4240,18123,4240,18123,DATA
2026-07-03,1.67,39863985,39863985,2435,16554,2435,16554,DATA
2026-07-03,-5.1,199229350,199229350,37000,5299,37000,5299,SGB CI
2026-07-03,-1.51,10405130,10405130,4580,2269,4580,2269,DATA
2026-07-03,0.44,9138130,9138130,29380,312,29380,312,DATA
2026-07-03,1.96,66396395,66396395,8835,7689,8835,7689,Palm ci
2026-07-03,2.17,184695362,184695362,47,3915461,47,3915461,ETIT
2026-07-03,0.95,75262080,75262080,4240,18123,4240,18123,BOA_NIGER
2026-07-03,-0.68,1797710,1797710,4350,432,4350,432,DATA
2026-07-03,4.67,23828100,23828100,17270,1411,17270,1411,ECOBANK_CI
2026-07-03,-1.08,59514945,59514945,9200,6435,9200,6435,DATA
2026-07-03,5.37,41055605,41055605,6275,6580,6275,6580,BICB
2026-07-03,0.0,26098270,26098270,5300,4872,5300,4872,DATA
2026-07-03,-0.23,3691435,3691435,2195,1670,2195,1670,Vivo energy
2026-07-03,-1.09,70773540,70773540,9100,8139,9100,8139,BOA_BENIN
2026-07-03,0.44,9138130,9138130,29380,312,29380,312,BICC
2026-07-03,-3.09,11618645,11618645,2355,4866,2355,4866,DATA
2026-07-03,0.9,10904800,10904800,16900,649,16900,649,DATA
2026-07-03,0.1,16949425,16949425,4970,3413,4970,3413,BOA_MALI
2026-07-03,0.76,2337615,2337615,2000,1176,2000,1176,DATA
2026-07-03,0.02,93064145,93064145,29500,3155,29500,3155,DATA
2026-07-03,0.51,3519075,3519075,39200,88,39200,88,Solibra
2026-07-03,-1.56,98361220,98361220,8860,10995,8860,10995,SIBC
2026-07-03,2.97,637480,637480,5200,126,5200,126,DATA
2026-07-03,0.0,1921505,1921505,2270,851,2270,851,DATA
2026-07-03,-3.09,11618645,11618645,2355,4866,2355,4866,Erium ci
2026-07-03,-0.23,3691435,3691435,2195,1670,2195,1670,DATA
2026-07-03,-2.52,14724130,14724130,2710,5328,2710,5328,DATA
2026-07-03,-7.49,10746665,10746665,51395,209,51395,209,DATA
2026-07-03,-7.49,10746665,10746665,51395,209,51395,209,Unilever
2026-07-03,-1.51,10405130,10405130,4580,2269,4580,2269,SAFCA
2026-07-03,0.08,7144395,7144395,17735,403,17735,403,DATA
2026-07-03,-0.18,13128680,13128680,2800,4760,2800,4760,DATA
2026-07-06,1.93,30757360,30757360,20385,1545,20385,1545,NSIA
2026-07-06,-2.27,17733410,17733410,1725,10498,1725,10498,Cfao
2026-07-06,0.0,58531535,58531535,9200,6366,9200,6366,DATA
2026-07-06,1.35,41247550,41247550,6360,6422,6360,6422,BICB
2026-07-06,0.0,189944695,189944695,29500,6452,29500,6452,DATA
2026-07-06,-4.32,15799585,15799585,28110,562,28110,562,BICC
2026-07-06,0.17,34316020,34316020,8850,3942,8850,3942,DATA
2026-07-06,1.58,73550900,73550900,9000,8302,9000,8302,DATA
2026-07-06,-0.11,5297180,5297180,4490,1227,4490,1227,Sicable
2026-07-06,4.56,34017185,34017185,25000,1409,25000,1409,DATA
2026-07-06,1.85,26759970,26759970,2480,10894,2480,10894,AGL
2026-07-06,0.0,3267995,3267995,4500,723,4500,723,DATA
2026-07-06,1.78,24957385,24957385,8600,2947,8600,2947,DATA
2026-07-06,0.96,5250,5250,5250,1,5250,1,Sicor_ci
2026-07-06,1.78,24957385,24957385,8600,2947,8600,2947,SOGB
2026-07-06,0.0,3267995,3267995,4500,723,4500,723,Tractafric
2026-07-06,3.83,10520100,10520100,4200,2537,4200,2537,DATA
2026-07-06,1.93,30757360,30757360,20385,1545,20385,1545,DATA
2026-07-06,1.61,25563810,25563810,2845,9306,2845,9306,DATA
2026-07-06,-0.5,1339900,1339900,1990,675,1990,675,DATA
2026-07-06,-1.56,7253335,7253335,3150,2287,3150,2287,Servair
2026-07-06,0.51,7947285,7947285,2940,2728,2940,2728,DATA
2026-07-06,-0.85,22911690,22911690,2335,9970,2335,9970,DATA
2026-07-06,-1.73,10002025,10002025,1985,5008,1985,5008,Filtisac
2026-07-06,-0.04,8354215,8354215,12040,696,12040,696,SODE CI
2026-07-06,0.0,7967715,7967715,4580,1731,4580,1731,SAFCA
2026-07-06,-0.85,22911690,22911690,2335,9970,2335,9970,Erium ci
2026-07-06,0.93,13751185,13751185,6000,2296,6000,2296,DATA
2026-07-06,1.8,27201795,27201795,3675,7474,3675,7474,DATA
2026-07-06,-1.73,10002025,10002025,1985,5008,1985,5008,DATA
2026-07-06,0.74,8817140,8817140,2730,3239,2730,3239,DATA
2026-07-06,0.23,8413375,8413375,2200,3698,2200,3698,Vivo energy
2026-07-06,-2.71,2748825,2748825,50000,54,50000,54,Unilever
2026-07-06,0.24,44407695,44407695,4250,10520,4250,10520,DATA
2026-07-06,0.0,58531535,58531535,9200,6366,9200,6366,BOA_CI
2026-07-06,-3.55,117175550,117175550,16300,6971,16300,6971,Orange ci
2026-07-06,0.0,13830925,13830925,24350,568,24350,568,Sitab_ci
2026-07-06,-2.67,8058530,8058530,1460,5477,1460,5477,DATA
2026-07-06,3.52,13644945,13644945,7945,1738,7945,1738,DATA
2026-07-06,-3.91,73472310,73472310,1475,48842,1475,48842,DATA
2026-07-06,0.0,12834905,12834905,9100,1413,9100,1413,BOA_BENIN
2026-07-06,1.79,22386095,22386095,39900,572,39900,572,DATA
2026-07-06,-0.68,64871475,64871475,7300,8926,7300,8926,BOA_SN
2026-07-06,0.23,8413375,8413375,2200,3698,2200,3698,DATA
2026-07-06,3.49,22609885,22609885,5485,4205,5485,4205,CIE CI
2026-07-06,0.0,7967715,7967715,4580,1731,4580,1731,DATA
2026-07-06,-0.23,3300290,3300290,4340,760,4340,760,DATA
2026-07-06,6.38,51532915,51532915,50,1031650,50,1031650,ETIT
2026-07-06,6.38,51532915,51532915,50,1031650,50,1031650,DATA
2026-07-06,1.85,26759970,26759970,2480,10894,2480,10894,DATA
2026-07-06,-3.74,3572615,3572615,2185,1633,2185,1633,NEI-CEDA
2026-07-06,0.17,34316020,34316020,8850,3942,8850,3942,Palm ci
2026-07-06,3.11,24720735,24720735,38150,645,38150,645,SGB CI
2026-07-06,-4.46,88386105,88386105,16500,5176,16500,5176,DATA
2026-07-06,3.11,24720735,24720735,38150,645,38150,645,DATA
2026-07-06,-0.23,3300290,3300290,4340,760,4340,760,LNBB
2026-07-06,0.93,13751185,13751185,6000,2296,6000,2296,BOA_BF
2026-07-06,0.74,8817140,8817140,2730,3239,2730,3239,ORAGROUP_TOGO
2026-07-06,-0.68,64871475,64871475,7300,8926,7300,8926,DATA
2026-07-06,3.49,22609885,22609885,5485,4205,5485,4205,DATA
2026-07-06,0.51,7947285,7947285,2940,2728,2940,2728,Total ci
2026-07-06,-1.6,14825000,14825000,3385,4421,3385,4421,Setao
2026-07-06,-3.91,73472310,73472310,1475,48842,1475,48842,Uniwax
2026-07-06,1.35,41247550,41247550,6360,6422,6360,6422,DATA
2026-07-06,0.0,13830925,13830925,24350,568,24350,568,DATA
2026-07-06,-3.55,117175550,117175550,16300,6971,16300,6971,DATA
2026-07-06,-3.74,3572615,3572615,2185,1633,2185,1633,DATA
2026-07-06,3.52,13644945,13644945,7945,1738,7945,1738,Saph
2026-07-06,-1.6,14825000,14825000,3385,4421,3385,4421,DATA
2026-07-06,-0.04,8354215,8354215,12040,696,12040,696,DATA
2026-07-06,1.79,22386095,22386095,39900,572,39900,572,Solibra
2026-07-06,0.0,12834905,12834905,9100,1413,9100,1413,DATA
2026-07-06,-0.5,1339900,1339900,1990,675,1990,675,Bernabe
2026-07-06,4.56,34017185,34017185,25000,1409,25000,1409,CORIS_BANK
2026-07-06,-0.12,11121905,11121905,16480,678,16480,678,DATA
2026-07-06,0.24,44407695,44407695,4250,10520,4250,10520,BOA_NIGER
2026-07-06,-0.8,47552680,47552680,4930,9650,4930,9650,BOA_MALI
2026-07-06,-0.12,11121905,11121905,16480,678,16480,678,Nestle
2026-07-06,0.96,5250,5250,5250,1,5250,1,DATA
2026-07-06,-1.56,7253335,7253335,3150,2287,3150,2287,DATA
2026-07-06,-4.32,15799585,15799585,28110,562,28110,562,DATA
2026-07-06,-2.67,8058530,8058530,1460,5477,1460,5477,SEMC
2026-07-06,-2.71,2748825,2748825,50000,54,50000,54,DATA
2026-07-06,-4.46,88386105,88386105,16500,5176,16500,5176,ECOBANK_CI
2026-07-06,-0.8,47552680,47552680,4930,9650,4930,9650,DATA
2026-07-06,1.8,27201795,27201795,3675,7474,3675,7474,Sucrivoire
2026-07-06,0.0,189944695,189944695,29500,6452,29500,6452,Sonatel
2026-07-06,-0.2,7194460,7194460,17700,406,17700,406,SMBC
2026-07-06,-0.2,7194460,7194460,17700,406,17700,406,DATA
2026-07-06,1.61,25563810,25563810,2845,9306,2845,9306,Onatel bf
2026-07-06,-0.11,5297180,5297180,4490,1227,4490,1227,DATA
2026-07-06,-2.27,17733410,17733410,1725,10498,1725,10498,DATA
2026-07-06,3.83,10520100,10520100,4200,2537,4200,2537,Total senegal
2026-07-06,1.58,73550900,73550900,9000,8302,9000,8302,SIBC
2026-07-07,7.14,24788650,24788650,4500,5744,4500,5744,DATA
2026-07-07,-2.51,12237650,12237650,3300,3750,3300,3750,Setao
2026-07-07,-0.95,645145,645145,5200,123,5200,123,Sicor_ci
2026-07-07,-0.57,17535110,17535110,7900,2277,7900,2277,DATA
2026-07-07,7.47,1917520,1917520,53735,37,53735,37,DATA
2026-07-07,0.0,8923515,8923515,2940,3072,2940,3072,DATA
2026-07-07,2.23,68446765,68446765,39000,1758,39000,1758,SGB CI
2026-07-07,0.0,8333340,8333340,17700,470,17700,470,DATA
2026-07-07,-0.11,36571335,36571335,8840,4227,8840,4227,Palm ci
2026-07-07,-0.61,11405815,11405815,16380,696,16380,696,DATA
2026-07-07,3.45,132301250,132301250,5100,26476,5100,26476,BOA_MALI
2026-07-07,-0.7,7233815,7233815,2825,2572,2825,2572,DATA
2026-07-07,-7.49,25288315,25288315,2160,11552,2160,11552,Erium ci
2026-07-07,-0.55,40774375,40774375,9050,4544,9050,4544,BOA_BENIN
2026-07-07,-1.03,3988195,3988195,1445,2748,1445,2748,SEMC
2026-07-07,0.0,5658105,5658105,12040,470,12040,470,SODE CI
2026-07-07,2.95,20006870,20006870,2265,9066,2265,9066,DATA
2026-07-07,2.95,20006870,20006870,2265,9066,2265,9066,Vivo energy
2026-07-07,1.36,81865715,81865715,29900,2772,29900,2772,DATA
2026-07-07,-3.06,233848430,233848430,4120,57617,4120,57617,BOA_NIGER
2026-07-07,-1.34,89066545,89066545,6275,14123,6275,14123,BICB
2026-07-07,0.85,1590670700,1590670700,16640,102038,16640,102038,ECOBANK_CI
2026-07-07,-1.75,13136640,13136640,4500,2900,4500,2900,DATA
2026-07-07,-0.4,18678940,18678940,2470,7494,2470,7494,DATA
2026-07-07,-0.37,14607160,14607160,2720,5374,2720,5374,DATA
2026-07-07,-3.06,233848430,233848430,4120,57617,4120,57617,DATA
2026-07-07,-0.4,18678940,18678940,2470,7494,2470,7494,AGL
2026-07-07,0.0,100060235,100060235,9000,11143,9000,11143,SIBC
2026-07-07,7.47,1917520,1917520,53735,37,53735,37,Unilever
2026-07-07,0.32,10568290,10568290,28200,374,28200,374,DATA
2026-07-07,0.0,24094575,24094575,5485,4385,5485,4385,CIE CI
2026-07-07,-0.95,645145,645145,5200,123,5200,123,DATA
2026-07-07,-1.34,89066545,89066545,6275,14123,6275,14123,DATA
2026-07-07,0.54,46644005,46644005,9250,5047,9250,5047,DATA
2026-07-07,2.23,68446765,68446765,39000,1758,39000,1758,DATA
2026-07-07,-0.55,51705910,51705910,7260,7095,7260,7095,DATA
2026-07-07,2.8,14990270,14990270,25700,588,25700,588,DATA
2026-07-07,0.0,24094575,24094575,5485,4385,5485,4385,DATA
2026-07-07,-1.84,107984890,107984890,16000,6704,16000,6704,DATA
2026-07-07,-1.75,13136640,13136640,4500,2900,4500,2900,SAFCA
2026-07-07,0.54,46644005,46644005,9250,5047,9250,5047,BOA_CI
2026-07-07,6.0,141762893,141762893,53,2675346,53,2675346,ETIT
2026-07-07,-0.55,40774375,40774375,9050,4544,9050,4544,DATA
2026-07-07,-1.22,31285170,31285170,8495,3718,8495,3718,DATA
2026-07-07,-0.61,11405815,11405815,16380,696,16380,696,Nestle
2026-07-07,-1.03,3988195,3988195,1445,2748,1445,2748,DATA
2026-07-07,0.0,8923515,8923515,2940,3072,2940,3072,Total ci
2026-07-07,2.8,14990270,14990270,25700,588,25700,588,CORIS_BANK
2026-07-07,4.01,21348100,21348100,41500,539,41500,539,DATA
2026-07-07,0.0,3412400,3412400,4500,757,4500,757,DATA
2026-07-07,-6.1,53123965,53123965,1385,37170,1385,37170,DATA
2026-07-07,-7.46,15851470,15851470,4155,3760,4155,3760,Sicable
2026-07-07,0.0,4827230,4827230,3150,1531,3150,1531,Servair
2026-07-07,-0.55,51705910,51705910,7260,7095,7260,7095,BOA_SN
2026-07-07,-0.68,43570255,43570255,3650,11791,3650,11791,Sucrivoire
2026-07-07,3.45,132301250,132301250,5100,26476,5100,26476,DATA
2026-07-07,-1.22,31285170,31285170,8495,3718,8495,3718,SOGB
2026-07-07,-0.46,10539495,10539495,2175,5012,2175,5012,NEI-CEDA
2026-07-07,0.56,10981415,10981415,20500,539,20500,539,DATA
2026-07-07,6.0,141762893,141762893,53,2675346,53,2675346,DATA
2026-07-07,-7.25,7081525,7081525,1600,4303,1600,4303,DATA
2026-07-07,0.0,3412400,3412400,4500,757,4500,757,Tractafric
2026-07-07,-0.37,14607160,14607160,2720,5374,2720,5374,ORAGROUP_TOGO
2026-07-07,0.0,4827230,4827230,3150,1531,3150,1531,DATA
2026-07-07,0.56,10981415,10981415,20500,539,20500,539,NSIA
2026-07-07,-0.11,36571335,36571335,8840,4227,8840,4227,DATA
2026-07-07,-1.51,2984375,2984375,1960,1522,1960,1522,Bernabe
2026-07-07,7.14,24788650,24788650,4500,5744,4500,5744,Total senegal
2026-07-07,0.0,100060235,100060235,9000,11143,9000,11143,DATA
2026-07-07,0.82,174094045,174094045,24550,7134,24550,7134,Sitab_ci
2026-07-07,1.36,81865715,81865715,29900,2772,29900,2772,Sonatel
2026-07-07,0.85,1590670700,1590670700,16640,102038,16640,102038,DATA
2026-07-07,-1.51,2984375,2984375,1960,1522,1960,1522,DATA
2026-07-07,-7.49,25288315,25288315,2160,11552,2160,11552,DATA
2026-07-07,4.01,21348100,21348100,41500,539,41500,539,Solibra
2026-07-07,0.0,9714970,9714970,1985,4877,1985,4877,Filtisac
2026-07-07,-7.46,15851470,15851470,4155,3760,4155,3760,DATA
2026-07-07,-0.68,43570255,43570255,3650,11791,3650,11791,DATA
2026-07-07,0.0,5658105,5658105,12040,470,12040,470,DATA
2026-07-07,-2.51,12237650,12237650,3300,3750,3300,3750,DATA
2026-07-07,0.0,10022690,10022690,4340,2440,4340,2440,LNBB
2026-07-07,-0.92,49951130,49951130,5945,8387,5945,8387,BOA_BF
2026-07-07,0.0,8333340,8333340,17700,470,17700,470,SMBC
2026-07-07,-7.25,7081525,7081525,1600,4303,1600,4303,Cfao
2026-07-07,-0.57,17535110,17535110,7900,2277,7900,2277,Saph
2026-07-07,0.0,9714970,9714970,1985,4877,1985,4877,DATA
2026-07-07,0.0,10022690,10022690,4340,2440,4340,2440,DATA
2026-07-07,-0.46,10539495,10539495,2175,5012,2175,5012,DATA
2026-07-07,-0.7,7233815,7233815,2825,2572,2825,2572,Onatel bf
2026-07-07,0.82,174094045,174094045,24550,7134,24550,7134,DATA
2026-07-07,-1.84,107984890,107984890,16000,6704,16000,6704,Orange ci
2026-07-07,-0.92,49951130,49951130,5945,8387,5945,8387,DATA
2026-07-07,0.32,10568290,10568290,28200,374,28200,374,BICC
2026-07-07,-6.1,53123965,53123965,1385,37170,1385,37170,Uniwax
2026-07-08,0.0,49335880,49335880,8840,5673,8840,5673,DATA
2026-07-08,-2.87,9988345,9988345,2200,4455,2200,4455,Vivo energy
2026-07-08,-6.45,2974560,2974560,4060,727,4060,727,DATA
2026-07-08,-2.74,23998330,23998330,3550,6623,3550,6623,Sucrivoire
2026-07-08,0.0,52025,52025,5200,10,5200,10,DATA
2026-07-08,1.25,9837425,9837425,1620,5978,1620,5978,Cfao
2026-07-08,-4.66,56480765,56480765,2355,23681,2355,23681,AGL
2026-07-08,-2.87,9988345,9988345,2200,4455,2200,4455,DATA
2026-07-08,-2.74,23998330,23998330,3550,6623,3550,6623,DATA
2026-07-08,-1.99,83546790,83546790,8870,9420,8870,9420,BOA_BENIN
2026-07-08,-3.06,194047680,194047680,2850,69260,2850,69260,DATA
2026-07-08,5.78,62502005,62502005,5395,11802,5395,11802,BOA_MALI
2026-07-08,2.16,28403745,28403745,17000,1701,17000,1701,DATA
2026-07-08,-6.45,2974560,2974560,4060,727,4060,727,LNBB
2026-07-08,-3.73,11877515,11877515,4000,2929,4000,2929,DATA
2026-07-08,2.5,92221515,92221515,16400,5645,16400,5645,DATA
2026-07-08,-2.02,199115610,199115610,24055,8232,24055,8232,Sitab_ci
2026-07-08,-6.57,11765605,11765605,1350,8669,1350,8669,SEMC
2026-07-08,0.18,11100350,11100350,28250,393,28250,393,BICC
2026-07-08,-0.51,6192605,6192605,1950,3166,1950,3166,Bernabe
2026-07-08,1.25,9837425,9837425,1620,5978,1620,5978,DATA
2026-07-08,2.59,85507450,85507450,9490,9123,9490,9123,BOA_CI
2026-07-08,5.78,62502005,62502005,5395,11802,5395,11802,DATA
2026-07-08,-3.86,5263095,5263095,39900,130,39900,130,Solibra
2026-07-08,-3.37,30953350,30953350,5300,5695,5300,5695,CIE CI
2026-07-08,-1.06,6768540,6768540,2795,2415,2795,2415,Onatel bf
2026-07-08,0.42,26316435,26316435,5970,4420,5970,4420,BOA_BF
2026-07-08,0.0,52025,52025,5200,10,5200,10,Sicor_ci
2026-07-08,-0.26,56214900,56214900,38900,1447,38900,1447,SGB CI
2026-07-08,-3.73,11877515,11877515,4000,2929,4000,2929,Sicable
2026-07-08,0.0,721650,721650,4500,161,4500,161,DATA
2026-07-08,-7.42,13564415,13564415,3055,4433,3055,4433,Setao
2026-07-08,-1.24,10469245,10469245,8390,1233,8390,1233,DATA
2026-07-08,-3.37,30953350,30953350,5300,5695,5300,5695,DATA
2026-07-08,7.07,37192960,37192960,21950,1783,21950,1783,DATA
2026-07-08,0.0,721650,721650,4500,161,4500,161,Tractafric
2026-07-08,-1.29,17370140,17370140,2685,6425,2685,6425,ORAGROUP_TOGO
2026-07-08,0.41,65760745,65760745,7290,9012,7290,9012,BOA_SN
2026-07-08,-0.26,56214900,56214900,38900,1447,38900,1447,DATA
2026-07-08,-3.86,5263095,5263095,39900,130,39900,130,DATA
2026-07-08,0.41,65760745,65760745,7290,9012,7290,9012,DATA
2026-07-08,-7.22,36429620,36429620,1285,28170,1285,28170,Uniwax
2026-07-08,-0.28,30130760,30130760,8975,3353,8975,3353,DATA
2026-07-08,-1.99,83546790,83546790,8870,9420,8870,9420,DATA
2026-07-08,-2.02,199115610,199115610,24055,8232,24055,8232,DATA
2026-07-08,7.49,14848625,14848625,27625,548,27625,548,CORIS_BANK
2026-07-08,-0.33,33586655,33586655,12000,2961,12000,2961,DATA
2026-07-08,-2.53,3290475,3290475,2120,1526,2120,1526,DATA
2026-07-08,-5.0,12610720,12610720,7505,1626,7505,1626,Saph
2026-07-08,-2.53,3290475,3290475,2120,1526,2120,1526,NEI-CEDA
2026-07-08,0.0,49335880,49335880,8840,5673,8840,5673,Palm ci
2026-07-08,-0.32,10096415,10096415,3140,3242,3140,3242,DATA
2026-07-08,-3.06,194047680,194047680,2850,69260,2850,69260,Total ci
2026-07-08,-3.95,17814155,17814155,17000,1013,17000,1013,SMBC
2026-07-08,0.43,26601400,26601400,16450,1621,16450,1621,DATA
2026-07-08,3.68,215267340,215267340,31000,7124,31000,7124,Sonatel
2026-07-08,5.66,188355223,188355223,56,3366385,56,3366385,DATA
2026-07-08,-7.22,36429620,36429620,1285,28170,1285,28170,DATA
2026-07-08,0.43,26601400,26601400,16450,1621,16450,1621,Nestle
2026-07-08,5.66,188355223,188355223,56,3366385,56,3366385,ETIT
2026-07-08,-6.57,11765605,11765605,1350,8669,1350,8669,DATA
2026-07-08,7.07,37192960,37192960,21950,1783,21950,1783,NSIA
2026-07-08,2.5,92221515,92221515,16400,5645,16400,5645,Orange ci
2026-07-08,5.34,44164675,44164675,4340,10454,4340,10454,BOA_NIGER
2026-07-08,1.59,54867990,54867990,6375,8461,6375,8461,DATA
2026-07-08,-5.11,30413505,30413505,4270,7032,4270,7032,DATA
2026-07-08,5.34,44164675,44164675,4340,10454,4340,10454,DATA
2026-07-08,0.0,1982880,1982880,53735,39,53735,39,Unilever
2026-07-08,-1.24,10469245,10469245,8390,1233,8390,1233,SOGB
2026-07-08,0.18,11100350,11100350,28250,393,28250,393,DATA
2026-07-08,0.0,1982880,1982880,53735,39,53735,39,DATA
2026-07-08,-1.29,17370140,17370140,2685,6425,2685,6425,DATA
2026-07-08,2.59,85507450,85507450,9490,9123,9490,9123,DATA
2026-07-08,-3.95,17814155,17814155,17000,1013,17000,1013,DATA
2026-07-08,3.68,215267340,215267340,31000,7124,31000,7124,DATA
2026-07-08,-7.41,12021920,12021920,2000,6010,2000,6010,Erium ci
2026-07-08,1.59,54867990,54867990,6375,8461,6375,8461,BICB
2026-07-08,-0.28,30130760,30130760,8975,3353,8975,3353,SIBC
2026-07-08,-5.11,30413505,30413505,4270,7032,4270,7032,SAFCA
2026-07-08,-0.32,10096415,10096415,3140,3242,3140,3242,Servair
2026-07-08,-4.44,20437470,20437470,4300,4585,4300,4585,Total senegal
2026-07-08,7.49,14848625,14848625,27625,548,27625,548,DATA
2026-07-08,-7.41,12021920,12021920,2000,6010,2000,6010,DATA
2026-07-08,-4.66,56480765,56480765,2355,23681,2355,23681,DATA
2026-07-08,0.25,5091170,5091170,1990,2554,1990,2554,DATA
2026-07-08,0.42,26316435,26316435,5970,4420,5970,4420,DATA
2026-07-08,-4.44,20437470,20437470,4300,4585,4300,4585,DATA
2026-07-08,0.25,5091170,5091170,1990,2554,1990,2554,Filtisac
2026-07-08,-7.42,13564415,13564415,3055,4433,3055,4433,DATA
2026-07-08,-0.51,6192605,6192605,1950,3166,1950,3166,DATA
2026-07-08,-5.0,12610720,12610720,7505,1626,7505,1626,DATA
2026-07-08,2.16,28403745,28403745,17000,1701,17000,1701,ECOBANK_CI
2026-07-08,-0.33,33586655,33586655,12000,2961,12000,2961,SODE CI
2026-07-08,-1.06,6768540,6768540,2795,2415,2795,2415,DATA
2026-07-09,3.69,31227285,31227285,4500,7001,4500,7001,BOA_NIGER
2026-07-09,-0.33,24266130,24266130,16395,1479,16395,1479,DATA
2026-07-09,4.6,13518215,13518215,7850,1778,7850,1778,Saph
2026-07-09,0.56,49250330,49250330,5425,9120,5425,9120,DATA
2026-07-09,0.14,95560995,95560995,7300,13097,7300,13097,DATA
2026-07-09,0.0,1529800,1529800,5200,294,5200,294,DATA
2026-07-09,0.26,121778570,121778570,39000,3122,39000,3122,SGB CI
2026-07-09,0.0,376145,376145,53735,7,53735,7,DATA
2026-07-09,-4.0,43039440,43039440,1920,22833,1920,22833,Erium ci
2026-07-09,-1.18,6070840,6070840,2095,2979,2095,2979,DATA
2026-07-09,-0.33,24266130,24266130,16395,1479,16395,1479,Nestle
2026-07-09,-0.37,8828010,8828010,2675,3301,2675,3301,DATA
2026-07-09,0.16,95172210,95172210,6385,14821,6385,14821,BICB
2026-07-09,0.0,376145,376145,53735,7,53735,7,Unilever
2026-07-09,3.69,31227285,31227285,4500,7001,4500,7001,DATA
2026-07-09,2.5,52506495,52506495,8600,6283,8600,6283,SOGB
2026-07-09,-1.16,32017150,32017150,4250,7352,4250,7352,DATA
2026-07-09,-0.18,3529615,3529615,2790,1275,2790,1275,DATA
2026-07-09,0.5,7120840,7120840,2000,3581,2000,3581,DATA
2026-07-09,2.46,9074135,9074135,2920,3113,2920,3113,DATA
2026-07-09,-1.16,32017150,32017150,4250,7352,4250,7352,Total senegal
2026-07-09,-2.78,4216825,4216825,1575,2620,1575,2620,DATA
2026-07-09,-2.44,51583395,51583395,16000,3212,16000,3212,Orange ci
2026-07-09,1.02,112091200,112091200,24300,4657,24300,4657,Sitab_ci
2026-07-09,-1.14,30742775,30742775,21700,1439,21700,1439,DATA
2026-07-09,-0.18,3529615,3529615,2790,1275,2790,1275,Onatel bf
2026-07-09,-2.44,2024890,2024890,4390,472,4390,472,DATA
2026-07-09,-0.79,95985450,95985450,8800,11158,8800,11158,BOA_BENIN
2026-07-09,0.0,16368945,16368945,2200,7403,2200,7403,Vivo energy
2026-07-09,2.59,8851670,8851670,1385,6501,1385,6501,SEMC
2026-07-09,-2.72,60591065,60591065,1250,49795,1250,49795,DATA
2026-07-09,0.0,439897440,439897440,31000,14206,31000,14206,Sonatel
2026-07-09,2.06,181842660,181842660,17350,10515,17350,10515,SMBC
2026-07-09,0.14,95560995,95560995,7300,13097,7300,13097,BOA_SN
2026-07-09,-1.18,6070840,6070840,2095,2979,2095,2979,NEI-CEDA
2026-07-09,-1.76,10823440,10823440,16700,639,16700,639,DATA
2026-07-09,-7.44,2245455,2245455,1805,1228,1805,1228,Bernabe
2026-07-09,-6.9,56851240,56851240,3305,17068,3305,17068,DATA
2026-07-09,0.28,91667930,91667930,9000,10267,9000,10267,DATA
2026-07-09,2.5,52506495,52506495,8600,6283,8600,6283,DATA
2026-07-09,-0.79,95985450,95985450,8800,11158,8800,11158,DATA
2026-07-09,0.0,439897440,439897440,31000,14206,31000,14206,DATA
2026-07-09,7.14,92943079,92943079,60,1553051,60,1553051,DATA
2026-07-09,-0.68,74514525,74514525,9425,7878,9425,7878,DATA
2026-07-09,0.0,1529800,1529800,5200,294,5200,294,Sicor_ci
2026-07-09,0.0,30921405,30921405,5970,5175,5970,5175,BOA_BF
2026-07-09,2.46,9074135,9074135,2920,3113,2920,3113,Total ci
2026-07-09,-0.68,74514525,74514525,9425,7878,9425,7878,BOA_CI
2026-07-09,0.32,2283545,2283545,3150,722,3150,722,DATA
2026-07-09,0.0,16368945,16368945,2200,7403,2200,7403,DATA
2026-07-09,1.02,112091200,112091200,24300,4657,24300,4657,DATA
2026-07-09,-0.29,50252370,50252370,27545,1770,27545,1770,CORIS_BANK
2026-07-09,0.47,21405115,21405115,5325,4051,5325,4051,DATA
2026-07-09,0.5,7120840,7120840,2000,3581,2000,3581,Filtisac
2026-07-09,-0.16,21440510,21440510,3050,7393,3050,7393,DATA
2026-07-09,0.0,10669725,10669725,4000,2647,4000,2647,Sicable
2026-07-09,-2.44,2024890,2024890,4390,472,4390,472,Tractafric
2026-07-09,0.0,30921405,30921405,5970,5175,5970,5175,DATA
2026-07-09,0.0,76717135,76717135,12000,6443,12000,6443,SODE CI
2026-07-09,0.32,2283545,2283545,3150,722,3150,722,Servair
2026-07-09,-7.44,2245455,2245455,1805,1228,1805,1228,DATA
2026-07-09,-4.0,43039440,43039440,1920,22833,1920,22833,DATA
2026-07-09,-3.4,45087320,45087320,4125,11264,4125,11264,SAFCA
2026-07-09,-2.72,60591065,60591065,1250,49795,1250,49795,Uniwax
2026-07-09,-1.14,30742775,30742775,21700,1439,21700,1439,NSIA
2026-07-09,0.16,95172210,95172210,6385,14821,6385,14821,DATA
2026-07-09,0.47,21405115,21405115,5325,4051,5325,4051,CIE CI
2026-07-09,1.23,2037425,2037425,4110,492,4110,492,DATA
2026-07-09,0.5,842619200,842619200,40100,21062,40100,21062,DATA
2026-07-09,-0.37,8828010,8828010,2675,3301,2675,3301,ORAGROUP_TOGO
2026-07-09,-3.4,45087320,45087320,4125,11264,4125,11264,DATA
2026-07-09,2.59,8851670,8851670,1385,6501,1385,6501,DATA
2026-07-09,1.23,2037425,2037425,4110,492,4110,492,LNBB
2026-07-09,4.6,13518215,13518215,7850,1778,7850,1778,DATA
2026-07-09,0.0,76717135,76717135,12000,6443,12000,6443,DATA
2026-07-09,2.06,181842660,181842660,17350,10515,17350,10515,DATA
2026-07-09,0.35,7229910,7229910,28350,255,28350,255,DATA
2026-07-09,-2.44,51583395,51583395,16000,3212,16000,3212,DATA
2026-07-09,0.35,7229910,7229910,28350,255,28350,255,BICC
2026-07-09,0.5,842619200,842619200,40100,21062,40100,21062,Solibra
2026-07-09,-2.76,47927915,47927915,2290,20887,2290,20887,AGL
2026-07-09,0.28,91667930,91667930,9000,10267,9000,10267,SIBC
2026-07-09,-1.76,10823440,10823440,16700,639,16700,639,ECOBANK_CI
2026-07-09,-2.76,47927915,47927915,2290,20887,2290,20887,DATA
2026-07-09,-6.9,56851240,56851240,3305,17068,3305,17068,Sucrivoire
2026-07-09,-0.29,50252370,50252370,27545,1770,27545,1770,DATA
2026-07-09,0.56,49250330,49250330,5425,9120,5425,9120,BOA_MALI
2026-07-09,0.26,121778570,121778570,39000,3122,39000,3122,DATA
2026-07-09,-0.16,21440510,21440510,3050,7393,3050,7393,Setao
2026-07-09,-0.45,25510435,25510435,8800,2951,8800,2951,Palm ci
2026-07-09,-2.78,4216825,4216825,1575,2620,1575,2620,Cfao
2026-07-09,7.14,92943079,92943079,60,1553051,60,1553051,ETIT
2026-07-09,0.0,10669725,10669725,4000,2647,4000,2647,DATA
2026-07-09,-0.45,25510435,25510435,8800,2951,8800,2951,DATA
2026-07-10,6.67,295313419,295313419,64,4615129,64,4615129,DATA
2026-07-10,-0.47,3609185,3609185,39910,89,39910,89,DATA
2026-07-10,-4.53,7320080,7320080,2000,3530,2000,3530,DATA
2026-07-10,7.5,34181670,34181670,29610,1181,29610,1181,CORIS_BANK
2026-07-10,6.67,295313419,295313419,64,4615129,64,4615129,ETIT
2026-07-10,-0.56,49566075,49566075,8950,5513,8950,5513,SIBC
2026-07-10,0.28,17904755,17904755,5340,3361,5340,3361,DATA
2026-07-10,0.0,6064390,6064390,1575,3819,1575,3819,DATA
2026-07-10,5.05,4600030,4600030,1455,3212,1455,3212,DATA
2026-07-10,-2.77,2739885,2739885,1755,1567,1755,1567,DATA
2026-07-10,0.23,150809780,150809780,8820,16881,8820,16881,Palm ci
2026-07-10,0.0,87199640,87199640,39000,2236,39000,2236,SGB CI
2026-07-10,-1.25,10157960,10157960,1975,5115,1975,5115,Filtisac
2026-07-10,-0.93,16212760,16212760,2650,6082,2650,6082,ORAGROUP_TOGO
2026-07-10,7.29,29625445,29625445,2060,15169,2060,15169,DATA
2026-07-10,-3.82,3756445,3756445,7550,491,7550,491,Saph
2026-07-10,0.24,10817170,10817170,4260,2525,4260,2525,Total senegal
2026-07-10,-6.02,1071465,1071465,50500,20,50500,20,DATA
2026-07-10,4.92,14787920,14787920,3200,4812,3200,4812,DATA
2026-07-10,1.34,16589400,16589400,6050,2767,6050,2767,DATA
2026-07-10,1.59,27575395,27575395,28800,960,28800,960,DATA
2026-07-10,0.96,14728385,14728385,12115,1262,12115,1262,DATA
2026-07-10,0.57,7782175,7782175,16795,465,16795,465,ECOBANK_CI
2026-07-10,6.44,50347810,50347810,4790,11023,4790,11023,BOA_NIGER
2026-07-10,-0.56,49566075,49566075,8950,5513,8950,5513,DATA
2026-07-10,0.0,135664280,135664280,7300,18585,7300,18585,BOA_SN
2026-07-10,-0.88,3114830,3114830,16250,192,16250,192,DATA
2026-07-10,-4.11,31935675,31935675,2800,11198,2800,11198,Total ci
2026-07-10,0.0,3717965,3717965,3150,1166,3150,1166,DATA
2026-07-10,-2.51,2628860,2628860,4280,611,4280,611,Tractafric
2026-07-10,-0.32,4361550,4361550,17295,252,17295,252,SMBC
2026-07-10,7.2,12768850,12768850,1340,9655,1340,9655,DATA
2026-07-10,4.92,14787920,14787920,3200,4812,3200,4812,Setao
2026-07-10,-0.32,53986425,53986425,30900,1744,30900,1744,Sonatel
2026-07-10,0.0,135664280,135664280,7300,18585,7300,18585,DATA
2026-07-10,-2.79,22937945,22937945,8360,2769,8360,2769,DATA
2026-07-10,-0.57,47170050,47170050,8750,5416,8750,5416,DATA
2026-07-10,-1.25,10157960,10157960,1975,5115,1975,5115,DATA
2026-07-10,0.0,87199640,87199640,39000,2236,39000,2236,DATA
2026-07-10,-3.49,27388955,27388955,2210,12237,2210,12237,DATA
2026-07-10,7.5,34181670,34181670,29610,1181,29610,1181,DATA
2026-07-10,-1.13,3028505,3028505,3955,764,3955,764,Sicable
2026-07-10,-0.57,47170050,47170050,8750,5416,8750,5416,BOA_BENIN
2026-07-10,-4.53,7320080,7320080,2000,3530,2000,3530,NEI-CEDA
2026-07-10,7.2,12768850,12768850,1340,9655,1340,9655,Uniwax
2026-07-10,-2.51,2628860,2628860,4280,611,4280,611,DATA
2026-07-10,0.36,7650280,7650280,2800,2751,2800,2751,Onatel bf
2026-07-10,1.34,16589400,16589400,6050,2767,6050,2767,BOA_BF
2026-07-10,-0.02,10564095,10564095,21695,489,21695,489,DATA
2026-07-10,-0.8,41762565,41762565,24105,1733,24105,1733,DATA
2026-07-10,3.09,39066830,39066830,16495,2446,16495,2446,Orange ci
2026-07-10,-0.32,4361550,4361550,17295,252,17295,252,DATA
2026-07-10,0.57,7782175,7782175,16795,465,16795,465,DATA
2026-07-10,-0.55,68162425,68162425,6350,10671,6350,10671,DATA
2026-07-10,3.52,14012680,14012680,4270,3385,4270,3385,DATA
2026-07-10,6.44,50347810,50347810,4790,11023,4790,11023,DATA
2026-07-10,0.23,16696790,16696790,2205,7716,2205,7716,Vivo energy
2026-07-10,-0.88,3114830,3114830,16250,192,16250,192,Nestle
2026-07-10,0.23,150809780,150809780,8820,16881,8820,16881,DATA
2026-07-10,-1.13,3028505,3028505,3955,764,3955,764,DATA
2026-07-10,-6.02,1071465,1071465,50500,20,50500,20,Unilever
2026-07-10,-0.8,41762565,41762565,24105,1733,24105,1733,Sitab_ci
2026-07-10,1.59,27575395,27575395,28800,960,28800,960,BICC
2026-07-10,-0.47,3609185,3609185,39910,89,39910,89,Solibra
2026-07-10,7.42,57561390,57561390,4415,13261,4415,13261,LNBB
2026-07-10,-0.93,16212760,16212760,2650,6082,2650,6082,DATA
2026-07-10,-0.32,53986425,53986425,30900,1744,30900,1744,DATA
2026-07-10,-4.11,31935675,31935675,2800,11198,2800,11198,DATA
2026-07-10,0.8,100392055,100392055,9500,10587,9500,10587,DATA
2026-07-10,5.75,23491940,23491940,3495,6944,3495,6944,DATA
2026-07-10,-0.1,10295,10295,5195,2,5195,2,Sicor_ci
2026-07-10,-3.82,3756445,3756445,7550,491,7550,491,DATA
2026-07-10,0.8,100392055,100392055,9500,10587,9500,10587,BOA_CI
2026-07-10,7.29,29625445,29625445,2060,15169,2060,15169,Erium ci
2026-07-10,0.23,16696790,16696790,2205,7716,2205,7716,DATA
2026-07-10,0.46,33790895,33790895,5450,6237,5450,6237,BOA_MALI
2026-07-10,0.28,17904755,17904755,5340,3361,5340,3361,CIE CI
2026-07-10,-2.77,2739885,2739885,1755,1567,1755,1567,Bernabe
2026-07-10,5.05,4600030,4600030,1455,3212,1455,3212,SEMC
2026-07-10,-0.55,68162425,68162425,6350,10671,6350,10671,BICB
2026-07-10,-2.79,22937945,22937945,8360,2769,8360,2769,SOGB
2026-07-10,3.52,14012680,14012680,4270,3385,4270,3385,SAFCA
2026-07-10,3.09,39066830,39066830,16495,2446,16495,2446,DATA
2026-07-10,-3.49,27388955,27388955,2210,12237,2210,12237,AGL
2026-07-10,0.96,14728385,14728385,12115,1262,12115,1262,SODE CI
2026-07-10,-0.1,10295,10295,5195,2,5195,2,DATA
2026-07-10,0.0,3717965,3717965,3150,1166,3150,1166,Servair
2026-07-10,-0.02,10564095,10564095,21695,489,21695,489,NSIA
2026-07-10,5.75,23491940,23491940,3495,6944,3495,6944,Sucrivoire
2026-07-10,0.36,7650280,7650280,2800,2751,2800,2751,DATA
2026-07-10,0.0,6064390,6064390,1575,3819,1575,3819,Cfao
2026-07-10,0.46,33790895,33790895,5450,6237,5450,6237,DATA
2026-07-10,7.42,57561390,57561390,4415,13261,4415,13261,DATA
2026-07-10,0.24,10817170,10817170,4260,2525,4260,2525,DATA
2026-07-13,-0.52,3203015,3203015,28650,112,28650,112,DATA
2026-07-13,7.5,7022120,7022120,2150,3348,2150,3348,DATA
2026-07-13,-3.0,14336165,14336165,16000,887,16000,887,DATA
2026-07-13,0.45,160099250,160099250,8990,17916,8990,17916,SIBC
2026-07-13,0.45,160099250,160099250,8990,17916,8990,17916,DATA
2026-07-13,-1.14,6569670,6569670,3910,1676,3910,1676,DATA
2026-07-13,0.0,190869975,190869975,30900,6174,30900,6174,Sonatel
2026-07-13,-0.28,22294920,22294920,5325,4181,5325,4181,DATA
2026-07-13,2.8,2865965,2865965,4400,671,4400,671,Tractafric
2026-07-13,-0.23,7095915,7095915,2200,3227,2200,3227,DATA
2026-07-13,1.33,73185135,73185135,30005,2355,30005,2355,CORIS_BANK
2026-07-13,-0.28,70307310,70307310,38890,1806,38890,1806,SGB CI
2026-07-13,-1.0,21310020,21310020,3460,6122,3460,6122,DATA
2026-07-13,2.66,24478470,24478470,5595,4423,5595,4423,BOA_MALI
2026-07-13,6.41,1206790,1206790,53735,23,53735,23,DATA
2026-07-13,-3.99,9014005,9014005,16605,538,16605,538,DATA
2026-07-13,-0.52,3203015,3203015,28650,112,28650,112,BICC
2026-07-13,-1.59,43785230,43785230,4345,10613,4345,10613,LNBB
2026-07-13,1.03,5003575,5003575,1470,3411,1470,3411,SEMC
2026-07-13,-0.28,70307310,70307310,38890,1806,38890,1806,DATA
2026-07-13,-2.03,6733250,6733250,39100,166,39100,166,Solibra
2026-07-13,0.0,362331505,362331505,7300,49637,7300,49637,DATA
2026-07-13,-0.57,18016075,18016075,8770,2050,8770,2050,DATA
2026-07-13,-0.57,35080305,35080305,16700,2116,16700,2116,ECOBANK_CI
2026-07-13,-1.0,21310020,21310020,3460,6122,3460,6122,Sucrivoire
2026-07-13,-1.67,28087535,28087535,4710,5976,4710,5976,BOA_NIGER
2026-07-13,-0.78,2845455,2845455,3175,893,3175,893,Setao
2026-07-13,-0.23,7095915,7095915,2200,3227,2200,3227,Vivo energy
2026-07-13,-1.54,16709775,16709775,16000,1066,16000,1066,DATA
2026-07-13,-0.57,18016075,18016075,8770,2050,8770,2050,Palm ci
2026-07-13,7.28,5997940,5997940,2210,2714,2210,2714,Erium ci
2026-07-13,-0.9,29852810,29852810,2190,13655,2190,13655,DATA
2026-07-13,-1.59,9408880,9408880,1550,6142,1550,6142,Cfao
2026-07-13,0.39,94823055,94823055,24200,3937,24200,3937,Sitab_ci
2026-07-13,6.25,157812609,157812609,68,2320837,68,2320837,ETIT
2026-07-13,-6.4,4274965,4274965,11340,364,11340,364,DATA
2026-07-13,0.4,7353015,7353015,7580,972,7580,972,Saph
2026-07-13,6.79,6966100,6966100,2990,2372,2990,2372,DATA
2026-07-13,-3.57,42713990,42713990,2700,15584,2700,15584,Onatel bf
2026-07-13,-0.78,2845455,2845455,3175,893,3175,893,DATA
2026-07-13,-3.57,42713990,42713990,2700,15584,2700,15584,DATA
2026-07-13,6.79,6966100,6966100,2990,2372,2990,2372,Total ci
2026-07-13,-1.83,112190,112190,5100,22,5100,22,DATA
2026-07-13,-0.79,6382500,6382500,3125,2032,3125,2032,DATA
2026-07-13,4.92,17424945,17424945,4480,3946,4480,3946,DATA
2026-07-13,-1.59,9408880,9408880,1550,6142,1550,6142,DATA
2026-07-13,1.18,36230645,36230645,21950,1674,21950,1674,DATA
2026-07-13,-1.67,28087535,28087535,4710,5976,4710,5976,DATA
2026-07-13,0.83,20890865,20890865,6100,3438,6100,3438,BOA_BF
2026-07-13,7.28,5997940,5997940,2210,2714,2210,2714,DATA
2026-07-13,-0.28,22294920,22294920,5325,4181,5325,4181,CIE CI
2026-07-13,6.25,157812609,157812609,68,2320837,68,2320837,DATA
2026-07-13,-2.03,6733250,6733250,39100,166,39100,166,DATA
2026-07-13,0.39,94823055,94823055,24200,3937,24200,3937,DATA
2026-07-13,-0.57,35080305,35080305,16700,2116,16700,2116,DATA
2026-07-13,1.33,73185135,73185135,30005,2355,30005,2355,DATA
2026-07-13,-3.0,14336165,14336165,16000,887,16000,887,Orange ci
2026-07-13,1.18,36230645,36230645,21950,1674,21950,1674,NSIA
2026-07-13,1.03,5003575,5003575,1470,3411,1470,3411,DATA
2026-07-13,0.85,1278055,1278055,1770,725,1770,725,DATA
2026-07-13,0.76,11096975,11096975,1990,5597,1990,5597,Filtisac
2026-07-13,0.82,17648270,17648270,4295,4233,4295,4233,DATA
2026-07-13,1.51,9175380,9175380,2690,3425,2690,3425,ORAGROUP_TOGO
2026-07-13,4.92,17424945,17424945,4480,3946,4480,3946,SAFCA
2026-07-13,-0.79,6382500,6382500,3125,2032,3125,2032,Servair
2026-07-13,0.82,17648270,17648270,4295,4233,4295,4233,Total senegal
2026-07-13,0.83,20890865,20890865,6100,3438,6100,3438,DATA
2026-07-13,-1.54,16709775,16709775,16000,1066,16000,1066,Nestle
2026-07-13,0.4,7353015,7353015,7580,972,7580,972,DATA
2026-07-13,2.05,18983305,18983305,6480,2933,6480,2933,BICB
2026-07-13,2.8,2865965,2865965,4400,671,4400,671,DATA
2026-07-13,2.66,24478470,24478470,5595,4423,5595,4423,DATA
2026-07-13,7.46,4338600,4338600,1440,3018,1440,3018,Uniwax
2026-07-13,-1.83,112190,112190,5100,22,5100,22,Sicor_ci
2026-07-13,-3.99,9014005,9014005,16605,538,16605,538,SMBC
2026-07-13,-1.59,43785230,43785230,4345,10613,4345,10613,DATA
2026-07-13,1.26,47872135,47872135,9620,5009,9620,5009,DATA
2026-07-13,-1.97,11428900,11428900,8195,1388,8195,1388,DATA
2026-07-13,2.05,18983305,18983305,6480,2933,6480,2933,DATA
2026-07-13,0.76,11096975,11096975,1990,5597,1990,5597,DATA
2026-07-13,0.57,16899390,16899390,8800,1932,8800,1932,DATA
2026-07-13,1.51,9175380,9175380,2690,3425,2690,3425,DATA
2026-07-13,7.5,7022120,7022120,2150,3348,2150,3348,NEI-CEDA
2026-07-13,-0.9,29852810,29852810,2190,13655,2190,13655,AGL
2026-07-13,-1.97,11428900,11428900,8195,1388,8195,1388,SOGB
2026-07-13,-1.14,6569670,6569670,3910,1676,3910,1676,Sicable
2026-07-13,0.57,16899390,16899390,8800,1932,8800,1932,BOA_BENIN
2026-07-13,0.85,1278055,1278055,1770,725,1770,725,Bernabe
2026-07-13,0.0,362331505,362331505,7300,49637,7300,49637,BOA_SN
2026-07-13,6.41,1206790,1206790,53735,23,53735,23,Unilever
2026-07-13,-6.4,4274965,4274965,11340,364,11340,364,SODE CI
2026-07-13,0.0,190869975,190869975,30900,6174,30900,6174,DATA
2026-07-13,1.26,47872135,47872135,9620,5009,9620,5009,BOA_CI
2026-07-13,7.46,4338600,4338600,1440,3018,1440,3018,DATA
2026-07-14,0.0,7908455,7908455,1990,3986,1990,3986,DATA
2026-07-14,-2.35,35073695,35073695,5200,6728,5200,6728,DATA
2026-07-14,7.31,38535690,38535690,2350,16828,2350,16828,AGL
2026-07-14,-1.98,15715940,15715940,16370,954,16370,954,DATA
2026-07-14,-0.12,1771000,1771000,4340,420,4340,420,DATA
2026-07-14,7.35,146885052,146885052,73,2012124,73,2012124,DATA
2026-07-14,0.01,6092020,6092020,39105,153,39105,153,Solibra
2026-07-14,0.06,31906550,31906550,8200,3965,8200,3965,SOGB
2026-07-14,7.47,31077995,31077995,2375,13087,2375,13087,DATA
2026-07-14,-0.35,50020590,50020590,11300,4501,11300,4501,SODE CI
2026-07-14,3.55,17603305,17603305,1605,10990,1605,10990,DATA
2026-07-14,7.44,4336835,4336835,2310,1880,2310,1880,DATA
2026-07-14,-0.02,84571960,84571960,30000,2806,30000,2806,DATA
2026-07-14,-0.02,63175525,63175525,24195,2627,24195,2627,DATA
2026-07-14,0.0,41524880,41524880,6480,6537,6480,6537,DATA
2026-07-14,-0.35,50020590,50020590,11300,4501,11300,4501,DATA
2026-07-14,-0.02,84571960,84571960,30000,2806,30000,2806,CORIS_BANK
2026-07-14,0.0,632400,632400,5100,124,5100,124,Sicor_ci
2026-07-14,-1.79,16551280,16551280,4400,3759,4400,3759,DATA
2026-07-14,-1.0,181142675,181142675,8900,20226,8900,20226,DATA
2026-07-14,-3.08,38696650,38696650,8500,4520,8500,4520,Palm ci
2026-07-14,-3.08,38696650,38696650,8500,4520,8500,4520,DATA
2026-07-14,0.21,113075030,113075030,7315,15479,7315,15479,BOA_SN
2026-07-14,0.0,18871450,18871450,3460,5515,3460,5515,Sucrivoire
2026-07-14,-2.27,3343375,3343375,4300,793,4300,793,DATA
2026-07-14,0.0,632400,632400,5100,124,5100,124,DATA
2026-07-14,4.1,15123605,15123605,6350,2437,6350,2437,BOA_BF
2026-07-14,1.0,787255145,787255145,16160,51700,16160,51700,DATA
2026-07-14,-2.27,3343375,3343375,4300,793,4300,793,Tractafric
2026-07-14,0.06,31906550,31906550,8200,3965,8200,3965,DATA
2026-07-14,3.38,6043305,6043305,4440,1371,4440,1371,DATA
2026-07-14,0.96,57492575,57492575,4755,12072,4755,12072,BOA_NIGER
2026-07-14,1.35,155748485,155748485,9750,16287,9750,16287,DATA
2026-07-14,1.61,16707245,16707245,5685,2961,5685,2961,DATA
2026-07-14,-1.77,66383545,66383545,38200,1731,38200,1731,SGB CI
2026-07-14,-1.06,23644380,23644380,7500,3133,7500,3133,Saph
2026-07-14,0.0,2955425,2955425,53735,55,53735,55,DATA
2026-07-14,0.45,30300400,30300400,8840,3437,8840,3437,DATA
2026-07-14,-2.81,35971675,35971675,3800,9348,3800,9348,Sicable
2026-07-14,1.7,5078950,5078950,1495,3407,1495,3407,DATA
2026-07-14,-1.13,8563355,8563355,1750,4841,1750,4841,DATA
2026-07-14,7.47,31077995,31077995,2375,13087,2375,13087,Erium ci
2026-07-14,1.35,155748485,155748485,9750,16287,9750,16287,BOA_CI
2026-07-14,2.38,21006420,21006420,17000,1284,17000,1284,DATA
2026-07-14,-2.36,9518745,9518745,3100,3084,3100,3084,Setao
2026-07-14,4.1,15123605,15123605,6350,2437,6350,2437,DATA
2026-07-14,-0.74,8177370,8177370,2670,3063,2670,3063,ORAGROUP_TOGO
2026-07-14,7.29,10352545,10352545,1545,6701,1545,6701,Uniwax
2026-07-14,-1.06,23644380,23644380,7500,3133,7500,3133,DATA
2026-07-14,7.31,38535690,38535690,2350,16828,2350,16828,DATA
2026-07-14,0.0,22914710,22914710,16000,1441,16000,1441,Nestle
2026-07-14,0.0,13436340,13436340,2700,5025,2700,5025,Onatel bf
2026-07-14,-1.51,9200560,9200560,2945,3103,2945,3103,Total ci
2026-07-14,7.35,146885052,146885052,73,2012124,73,2012124,ETIT
2026-07-14,0.01,6092020,6092020,39105,153,39105,153,DATA
2026-07-14,0.0,32028230,32028230,3125,10553,3125,10553,DATA
2026-07-14,-0.02,63175525,63175525,24195,2627,24195,2627,Sitab_ci
2026-07-14,1.7,5078950,5078950,1495,3407,1495,3407,SEMC
2026-07-14,1.61,16707245,16707245,5685,2961,5685,2961,BOA_MALI
2026-07-14,1.96,1527966115,1527966115,31505,49192,31505,49192,DATA
2026-07-14,-2.81,35971675,35971675,3800,9348,3800,9348,DATA
2026-07-14,0.21,113075030,113075030,7315,15479,7315,15479,DATA
2026-07-14,-0.17,28346050,28346050,28600,996,28600,996,DATA
2026-07-14,2.38,21006420,21006420,17000,1284,17000,1284,SMBC
2026-07-14,-0.17,28346050,28346050,28600,996,28600,996,BICC
2026-07-14,1.96,1527966115,1527966115,31505,49192,31505,49192,Sonatel
2026-07-14,0.0,18871450,18871450,3460,5515,3460,5515,DATA
2026-07-14,0.45,30300400,30300400,8840,3437,8840,3437,BOA_BENIN
2026-07-14,3.55,17603305,17603305,1605,10990,1605,10990,Cfao
2026-07-14,0.0,14575760,14575760,2200,6802,2200,6802,DATA
2026-07-14,7.44,4336835,4336835,2310,1880,2310,1880,NEI-CEDA
2026-07-14,-1.79,16551280,16551280,4400,3759,4400,3759,SAFCA
2026-07-14,0.0,22914710,22914710,16000,1441,16000,1441,DATA
2026-07-14,-1.51,9200560,9200560,2945,3103,2945,3103,DATA
2026-07-14,-1.0,181142675,181142675,8900,20226,8900,20226,SIBC
2026-07-14,0.0,14575760,14575760,2200,6802,2200,6802,Vivo energy
2026-07-14,1.0,787255145,787255145,16160,51700,16160,51700,Orange ci
2026-07-14,-2.35,35073695,35073695,5200,6728,5200,6728,CIE CI
2026-07-14,-0.74,8177370,8177370,2670,3063,2670,3063,DATA
2026-07-14,3.38,6043305,6043305,4440,1371,4440,1371,Total senegal
2026-07-14,0.0,7908455,7908455,1990,3986,1990,3986,Filtisac
2026-07-14,0.0,32028230,32028230,3125,10553,3125,10553,Servair
2026-07-14,-2.36,9518745,9518745,3100,3084,3100,3084,DATA
2026-07-14,0.96,57492575,57492575,4755,12072,4755,12072,DATA
2026-07-14,-1.77,66383545,66383545,38200,1731,38200,1731,DATA
2026-07-14,0.0,13436340,13436340,2700,5025,2700,5025,DATA
2026-07-14,-1.13,8563355,8563355,1750,4841,1750,4841,Bernabe
2026-07-14,-1.98,15715940,15715940,16370,954,16370,954,ECOBANK_CI
2026-07-14,-0.12,1771000,1771000,4340,420,4340,420,LNBB
2026-07-14,0.0,41524880,41524880,6480,6537,6480,6537,BICB
2026-07-14,-3.14,47167980,47167980,21260,2226,21260,2226,NSIA
2026-07-14,7.29,10352545,10352545,1545,6701,1545,6701,DATA
2026-07-14,0.0,2955425,2955425,53735,55,53735,55,Unilever
2026-07-14,-3.14,47167980,47167980,21260,2226,21260,2226,DATA
2026-07-15,-0.5,111079400,111079400,38010,2911,38010,2911,SGB CI
2026-07-15,-1.36,7455915,7455915,2170,3390,2170,3390,DATA
2026-07-15,-7.43,11518775,11518775,4110,2770,4110,2770,Total senegal
2026-07-15,-0.75,8288035,8288035,1975,4183,1975,4183,DATA
2026-07-15,7.44,7654660,7654660,1660,4612,1660,4612,DATA
2026-07-15,7.43,3373190,3373190,1880,1869,1880,1869,DATA
2026-07-15,7.47,71632610,71632610,5110,14419,5110,14419,BOA_NIGER
2026-07-15,1.08,52505280,52505280,6550,8110,6550,8110,DATA
2026-07-15,-2.37,15321380,15321380,3710,4152,3710,4152,DATA
2026-07-15,-6.76,176150,176150,4755,35,4755,35,DATA
2026-07-15,7.45,67541225,67541225,2525,26749,2525,26749,AGL
2026-07-15,0.0,214940,214940,53735,4,53735,4,DATA
2026-07-15,-4.92,38089180,38089180,2800,13280,2800,13280,DATA
2026-07-15,2.03,46830100,46830100,39900,1268,39900,1268,Solibra
2026-07-15,-2.8,9271975,9271975,1560,5912,1560,5912,Cfao
2026-07-15,5.49,49171710,49171710,3650,13669,3650,13669,DATA
2026-07-15,-2.8,18132295,18132295,27800,645,27800,645,BICC
2026-07-15,0.02,67810820,67810820,30005,2256,30005,2256,DATA
2026-07-15,0.0,15326945,15326945,8200,1889,8200,1889,SOGB
2026-07-15,3.16,1139621070,1139621070,32500,35123,32500,35123,DATA
2026-07-15,0.0,214940,214940,53735,4,53735,4,Unilever
2026-07-15,-0.19,21032365,21032365,5190,4123,5190,4123,CIE CI
2026-07-15,-1.22,36774380,36774380,21000,1750,21000,1750,NSIA
2026-07-15,7.43,3373190,3373190,1880,1869,1880,1869,Bernabe
2026-07-15,0.8,3112255,3112255,3150,990,3150,990,Servair
2026-07-15,-7.43,11518775,11518775,4110,2770,4110,2770,DATA
2026-07-15,6.85,145963892,145963892,78,1871864,78,1871864,DATA
2026-07-15,2.03,46830100,46830100,39900,1268,39900,1268,DATA
2026-07-15,0.0,15326945,15326945,8200,1889,8200,1889,DATA
2026-07-15,-0.23,3099995,3099995,4290,723,4290,723,Tractafric
2026-07-15,-0.23,3099995,3099995,4290,723,4290,723,DATA
2026-07-15,0.07,137408225,137408225,7320,18796,7320,18796,BOA_SN
2026-07-15,-0.22,6576600,6576600,11275,583,11275,583,DATA
2026-07-15,-1.33,27375510,27375510,7400,3650,7400,3650,Saph
2026-07-15,7.45,67541225,67541225,2525,26749,2525,26749,DATA
2026-07-15,3.06,19660560,19660560,3195,6217,3195,6217,Setao
2026-07-15,-4.03,11365835,11365835,16315,693,16315,693,DATA
2026-07-15,-4.92,54414415,54414415,23005,2303,23005,2303,DATA
2026-07-15,0.02,67810820,67810820,30005,2256,30005,2256,CORIS_BANK
2026-07-15,2.68,8197390,8197390,1535,5388,1535,5388,SEMC
2026-07-15,3.18,22098535,22098535,4540,4887,4540,4887,SAFCA
2026-07-15,-1.03,102410140,102410140,9650,10538,9650,10538,DATA
2026-07-15,-0.44,6135485,6135485,15930,384,15930,384,Nestle
2026-07-15,-6.76,176150,176150,4755,35,4755,35,Sicor_ci
2026-07-15,3.18,22098535,22098535,4540,4887,4540,4887,DATA
2026-07-15,2.35,87726100,87726100,8700,10056,8700,10056,DATA
2026-07-15,2.35,87726100,87726100,8700,10056,8700,10056,Palm ci
2026-07-15,-2.25,68036810,68036810,8700,7675,8700,7675,DATA
2026-07-15,-2.23,23480910,23480910,15800,1465,15800,1465,DATA
2026-07-15,7.48,66734165,66734165,6825,10110,6825,10110,BOA_BF
2026-07-15,-0.09,27723115,27723115,5680,4872,5680,4872,DATA
2026-07-15,-0.75,8288035,8288035,1975,4183,1975,4183,Filtisac
2026-07-15,-4.92,54414415,54414415,23005,2303,23005,2303,Sitab_ci
2026-07-15,0.37,12282790,12282790,2680,4592,2680,4592,DATA
2026-07-15,-0.46,6461760,6461760,4320,1507,4320,1507,LNBB
2026-07-15,-0.22,6576600,6576600,11275,583,11275,583,SODE CI
2026-07-15,7.47,71632610,71632610,5110,14419,5110,14419,DATA
2026-07-15,1.08,52505280,52505280,6550,8110,6550,8110,BICB
2026-07-15,-1.36,7455915,7455915,2170,3390,2170,3390,Vivo energy
2026-07-15,-1.22,36774380,36774380,21000,1750,21000,1750,DATA
2026-07-15,-2.8,9271975,9271975,1560,5912,1560,5912,DATA
2026-07-15,-2.23,23480910,23480910,15800,1465,15800,1465,Orange ci
2026-07-15,-2.87,102629015,102629015,15900,6512,15900,6512,DATA
2026-07-15,0.07,137408225,137408225,7320,18796,7320,18796,DATA
2026-07-15,-4.03,11365835,11365835,16315,693,16315,693,SMBC
2026-07-15,0.0,13661430,13661430,2310,5865,2310,5865,DATA
2026-07-15,3.16,1139621070,1139621070,32500,35123,32500,35123,Sonatel
2026-07-15,-0.85,35362770,35362770,8765,4019,8765,4019,BOA_BENIN
2026-07-15,0.0,13661430,13661430,2310,5865,2310,5865,NEI-CEDA
2026-07-15,1.67,42374440,42374440,2745,15499,2745,15499,Onatel bf
2026-07-15,-0.44,6135485,6135485,15930,384,15930,384,DATA
2026-07-15,1.67,42374440,42374440,2745,15499,2745,15499,DATA
2026-07-15,6.85,145963892,145963892,78,1871864,78,1871864,ETIT
2026-07-15,5.49,49171710,49171710,3650,13669,3650,13669,Sucrivoire
2026-07-15,7.44,7654660,7654660,1660,4612,1660,4612,Uniwax
2026-07-15,0.8,3112255,3112255,3150,990,3150,990,DATA
2026-07-15,3.06,19660560,19660560,3195,6217,3195,6217,DATA
2026-07-15,-4.92,38089180,38089180,2800,13280,2800,13280,Total ci
2026-07-15,-0.46,6461760,6461760,4320,1507,4320,1507,DATA
2026-07-15,-2.87,102629015,102629015,15900,6512,15900,6512,ECOBANK_CI
2026-07-15,-0.5,111079400,111079400,38010,2911,38010,2911,DATA
2026-07-15,-0.85,35362770,35362770,8765,4019,8765,4019,DATA
2026-07-15,-0.19,21032365,21032365,5190,4123,5190,4123,DATA
2026-07-15,-0.09,27723115,27723115,5680,4872,5680,4872,BOA_MALI
2026-07-15,6.53,26802100,26802100,2530,10595,2530,10595,Erium ci
2026-07-15,-2.8,18132295,18132295,27800,645,27800,645,DATA
2026-07-15,-2.25,68036810,68036810,8700,7675,8700,7675,SIBC
2026-07-15,6.53,26802100,26802100,2530,10595,2530,10595,DATA
2026-07-15,2.68,8197390,8197390,1535,5388,1535,5388,DATA
2026-07-15,-1.03,102410140,102410140,9650,10538,9650,10538,BOA_CI
2026-07-15,7.48,66734165,66734165,6825,10110,6825,10110,DATA
2026-07-15,0.37,12282790,12282790,2680,4592,2680,4592,ORAGROUP_TOGO
2026-07-15,-2.37,15321380,15321380,3710,4152,3710,4152,Sicable
2026-07-15,-1.33,27375510,27375510,7400,3650,7400,3650,DATA
2026-07-16,0.17,32200660,32200660,8780,3674,8780,3674,BOA_BENIN
2026-07-16,-3.08,31194465,31194465,4400,7080,4400,7080,SAFCA
2026-07-16,-2.44,23013665,23013665,8000,2876,8000,2876,SOGB
2026-07-16,0.63,89157255,89157255,16000,5655,16000,5655,DATA
2026-07-16,-1.97,7416910,7416910,39115,188,39115,188,Solibra
2026-07-16,1.58,27595935,27595935,5770,4848,5770,4848,BOA_MALI
2026-07-16,2.31,24233150,24233150,16165,1506,16165,1506,Orange ci
2026-07-16,2.35,576000,576000,55000,11,55000,11,Unilever
2026-07-16,1.38,3303535,3303535,2200,1513,2200,1513,DATA
2026-07-16,-0.02,66792045,66792045,30000,2225,30000,2225,DATA
2026-07-16,-2.28,3958265,3958265,1500,2608,1500,2608,SEMC
2026-07-16,-6.41,606108234,606108234,73,7610825,73,7610825,ETIT
2026-07-16,-7.31,15078320,15078320,2345,6261,2345,6261,DATA
2026-07-16,1.09,140550240,140550240,7400,19109,7400,19109,BOA_SN
2026-07-16,0.73,29755935,29755935,9720,3057,9720,3057,BOA_CI
2026-07-16,2.35,576000,576000,55000,11,55000,11,DATA
2026-07-16,-0.4,18288185,18288185,8665,2120,8665,2120,Palm ci
2026-07-16,0.44,12841460,12841460,16000,808,16000,808,Nestle
2026-07-16,4.2,6539985,6539985,4470,1471,4470,1471,DATA
2026-07-16,6.3,23515545,23515545,7255,3208,7255,3208,BOA_BF
2026-07-16,-6.93,2050715,2050715,2150,911,2150,911,NEI-CEDA
2026-07-16,1.01,9680095,9680095,1995,4858,1995,4858,Filtisac
2026-07-16,0.63,89157255,89157255,16000,5655,16000,5655,ECOBANK_CI
2026-07-16,0.0,7126535,7126535,4320,1682,4320,1682,LNBB
2026-07-16,-0.61,31283670,31283670,4085,8392,4085,8392,DATA
2026-07-16,5.58,78200725,78200725,5395,14858,5395,14858,BOA_NIGER
2026-07-16,1.28,58824060,58824060,7495,8263,7495,8263,Saph
2026-07-16,1.38,3303535,3303535,2200,1513,2200,1513,Vivo energy
2026-07-16,7.23,17771520,17771520,1780,9984,1780,9984,DATA
2026-07-16,-7.31,15078320,15078320,2345,6261,2345,6261,Erium ci
2026-07-16,7.23,17771520,17771520,1780,9984,1780,9984,Uniwax
2026-07-16,7.33,59779645,59779645,2710,22071,2710,22071,DATA
2026-07-16,2.31,24233150,24233150,16165,1506,16165,1506,DATA
2026-07-16,5.05,236210,236210,4995,49,4995,49,DATA
2026-07-16,-0.61,31283670,31283670,4085,8392,4085,8392,Total senegal
2026-07-16,5.05,236210,236210,4995,49,4995,49,Sicor_ci
2026-07-16,-2.29,11331030,11331030,3625,3103,3625,3103,DATA
2026-07-16,-2.52,42953705,42953705,6385,6651,6385,6651,BICB
2026-07-16,-2.52,42953705,42953705,6385,6651,6385,6651,DATA
2026-07-16,0.0,132344165,132344165,8700,15195,8700,15195,DATA
2026-07-16,-0.13,9579770,9579770,11260,850,11260,850,SODE CI
2026-07-16,-0.34,17414035,17414035,27705,629,27705,629,DATA
2026-07-16,0.0,132344165,132344165,8700,15195,8700,15195,SIBC
2026-07-16,-0.04,90506770,90506770,37995,2384,37995,2384,DATA
2026-07-16,-1.82,8521905,8521905,2695,3157,2695,3157,DATA
2026-07-16,5.58,78200725,78200725,5395,14858,5395,14858,DATA
2026-07-16,0.0,8264905,8264905,3195,2572,3195,2572,DATA
2026-07-16,-5.49,18406150,18406150,4905,3681,4905,3681,DATA
2026-07-16,3.57,25835790,25835790,2900,9368,2900,9368,DATA
2026-07-16,-6.35,17453180,17453180,2950,5740,2950,5740,DATA
2026-07-16,0.0,7126535,7126535,4320,1682,4320,1682,DATA
2026-07-16,3.57,25835790,25835790,2900,9368,2900,9368,Total ci
2026-07-16,0.73,29755935,29755935,9720,3057,9720,3057,DATA
2026-07-16,0.0,24547885,24547885,2680,9177,2680,9177,DATA
2026-07-16,0.17,32200660,32200660,8780,3674,8780,3674,DATA
2026-07-16,-2.29,11331030,11331030,3625,3103,3625,3103,Sicable
2026-07-16,-2.28,3958265,3958265,1500,2608,1500,2608,DATA
2026-07-16,-3.35,129309600,129309600,22235,5756,22235,5756,Sitab_ci
2026-07-16,6.3,23515545,23515545,7255,3208,7255,3208,DATA
2026-07-16,1.28,58824060,58824060,7495,8263,7495,8263,DATA
2026-07-16,1.01,9680095,9680095,1995,4858,1995,4858,DATA
2026-07-16,1.28,4531560,4531560,1580,2884,1580,2884,DATA
2026-07-16,-0.04,90506770,90506770,37995,2384,37995,2384,SGB CI
2026-07-16,-0.27,11667820,11667820,1875,6246,1875,6246,DATA
2026-07-16,1.28,4531560,4531560,1580,2884,1580,2884,Cfao
2026-07-16,0.44,12841460,12841460,16000,808,16000,808,DATA
2026-07-16,-1.82,8521905,8521905,2695,3157,2695,3157,Onatel bf
2026-07-16,7.4,46253895,46253895,3920,12005,3920,12005,DATA
2026-07-16,7.33,59779645,59779645,2710,22071,2710,22071,AGL
2026-07-16,7.4,46253895,46253895,3920,12005,3920,12005,Sucrivoire
2026-07-16,-5.49,18406150,18406150,4905,3681,4905,3681,CIE CI
2026-07-16,-0.34,17414035,17414035,27705,629,27705,629,BICC
2026-07-16,-1.54,106084500,106084500,32000,3283,32000,3283,Sonatel
2026-07-16,-1.54,106084500,106084500,32000,3283,32000,3283,DATA
2026-07-16,4.76,116715755,116715755,22000,5471,22000,5471,NSIA
2026-07-16,-6.35,17453180,17453180,2950,5740,2950,5740,Servair
2026-07-16,-6.41,606108234,606108234,73,7610825,73,7610825,DATA
2026-07-16,1.58,27595935,27595935,5770,4848,5770,4848,DATA
2026-07-16,-1.97,7416910,7416910,39115,188,39115,188,DATA
2026-07-16,4.2,6539985,6539985,4470,1471,4470,1471,Tractafric
2026-07-16,-6.93,2050715,2050715,2150,911,2150,911,DATA
2026-07-16,-3.16,31534870,31534870,15800,1965,15800,1965,SMBC
2026-07-16,-0.02,66792045,66792045,30000,2225,30000,2225,CORIS_BANK
2026-07-16,-0.13,9579770,9579770,11260,850,11260,850,DATA
2026-07-16,1.09,140550240,140550240,7400,19109,7400,19109,DATA
2026-07-16,-0.27,11667820,11667820,1875,6246,1875,6246,Bernabe
2026-07-16,-0.4,18288185,18288185,8665,2120,8665,2120,DATA
2026-07-16,4.76,116715755,116715755,22000,5471,22000,5471,DATA
2026-07-16,0.0,8264905,8264905,3195,2572,3195,2572,Setao
2026-07-16,-3.16,31534870,31534870,15800,1965,15800,1965,DATA
2026-07-16,-3.35,129309600,129309600,22235,5756,22235,5756,DATA
2026-07-16,-3.08,31194465,31194465,4400,7080,4400,7080,DATA
2026-07-16,-2.44,23013665,23013665,8000,2876,8000,2876,DATA
2026-07-16,0.0,24547885,24547885,2680,9177,2680,9177,ORAGROUP_TOGO
2026-07-17,1.27,6934085,6934085,1600,4335,1600,4335,Cfao
2026-07-17,-0.83,35250915,35250915,5350,6615,5350,6615,DATA
2026-07-17,-0.45,12349040,12349040,2190,5734,2190,5734,Vivo energy
2026-07-17,-0.26,28373195,28373195,5755,4932,5755,4932,DATA
2026-07-17,1.27,6934085,6934085,1600,4335,1600,4335,DATA
2026-07-17,4.05,30927965,30927965,7700,4057,7700,4057,DATA
2026-07-17,0.0,62480935,62480935,32000,1944,32000,1944,Sonatel
2026-07-17,-0.76,25147290,25147290,7200,3467,7200,3467,BOA_BF
2026-07-17,-1.33,49254865,49254865,6300,7797,6300,7797,BICB
2026-07-17,5.91,13110580,13110580,5195,2614,5195,2614,DATA
2026-07-17,-5.48,22748345,22748345,3705,5978,3705,5978,Sucrivoire
2026-07-17,0.1,5977910,5977910,39155,148,39155,148,Solibra
2026-07-17,-0.92,217990,217990,54495,4,54495,4,Unilever
2026-07-17,-5.03,21508735,21508735,28490,744,28490,744,DATA
2026-07-17,5.91,13110580,13110580,5195,2614,5195,2614,CIE CI
2026-07-17,1.43,32552440,32552440,28100,1162,28100,1162,BICC
2026-07-17,0.67,2987240,2987240,4500,664,4500,664,Tractafric
2026-07-17,-5.03,21508735,21508735,28490,744,28490,744,CORIS_BANK
2026-07-17,4.05,30927965,30927965,7700,4057,7700,4057,BOA_SN
2026-07-17,0.0,8930950,8930950,1875,4512,1875,4512,Bernabe
2026-07-17,0.37,70086680,70086680,2720,25288,2720,25288,DATA
2026-07-17,0.37,70086680,70086680,2720,25288,2720,25288,AGL
2026-07-17,0.0,8930950,8930950,1875,4512,1875,4512,DATA
2026-07-17,-2.2,13965535,13965535,3995,3571,3995,3571,Total senegal
2026-07-17,-1.33,49254865,49254865,6300,7797,6300,7797,DATA
2026-07-17,1.43,32552440,32552440,28100,1162,28100,1162,DATA
2026-07-17,-0.26,28373195,28373195,5755,4932,5755,4932,BOA_MALI
2026-07-17,3.65,75231720,75231720,1845,40295,1845,40295,Uniwax
2026-07-17,0.0,12154795,12154795,2900,4252,2900,4252,Total ci
2026-07-17,-0.91,25023405,25023405,8700,2874,8700,2874,DATA
2026-07-17,-0.76,25147290,25147290,7200,3467,7200,3467,DATA
2026-07-17,0.26,16070010,16070010,9745,1647,9745,1647,BOA_CI
2026-07-17,0.26,16070010,16070010,9745,1647,9745,1647,DATA
2026-07-17,-0.83,35250915,35250915,5350,6615,5350,6615,BOA_NIGER
2026-07-17,-0.91,25023405,25023405,8700,2874,8700,2874,BOA_BENIN
2026-07-17,0.0,10749235,10749235,2680,3994,2680,3994,DATA
2026-07-17,-0.25,14521750,14521750,1990,7223,1990,7223,DATA
2026-07-17,7.49,72960285,72960285,23900,3211,23900,3211,Sitab_ci
2026-07-17,0.69,201850150,201850150,8760,23204,8760,23204,SIBC
2026-07-17,0.0,81284210,81284210,37995,2139,37995,2139,DATA
2026-07-17,0.13,6981875,6981875,8010,870,8010,870,DATA
2026-07-17,0.69,9078005,9078005,3650,2482,3650,2482,DATA
2026-07-17,0.67,2987240,2987240,4500,664,4500,664,DATA
2026-07-17,6.11,1036920,1036920,5300,200,5300,200,Sicor_ci
2026-07-17,0.0,22296515,22296515,16000,1404,16000,1404,ECOBANK_CI
2026-07-17,-0.74,5675645,5675645,2675,2113,2675,2113,DATA
2026-07-17,0.1,5977910,5977910,39155,148,39155,148,DATA
2026-07-17,1.36,9055820,9055820,2990,3023,2990,3023,Servair
2026-07-17,3.65,75231720,75231720,1845,40295,1845,40295,DATA
2026-07-17,1.36,9055820,9055820,2990,3023,2990,3023,DATA
2026-07-17,-3.83,55942400,55942400,15195,3584,15195,3584,DATA
2026-07-17,-0.31,18063315,18063315,3185,5823,3185,5823,Setao
2026-07-17,-2.39,5610950,5610950,4295,1293,4295,1293,DATA
2026-07-17,0.0,4331230,4331230,1500,2888,1500,2888,SEMC
2026-07-17,0.0,10749235,10749235,2680,3994,2680,3994,ORAGROUP_TOGO
2026-07-17,0.36,8405140,8405140,11300,744,11300,744,DATA
2026-07-17,-0.92,217990,217990,54495,4,54495,4,DATA
2026-07-17,-6.85,113073294,113073294,68,1662045,68,1662045,ETIT
2026-07-17,0.29,5055265,5055265,8690,587,8690,587,Palm ci
2026-07-17,7.5,30246630,30246630,23650,1303,23650,1303,NSIA
2026-07-17,0.0,12154795,12154795,2900,4252,2900,4252,DATA
2026-07-17,-1.25,7839925,7839925,15800,494,15800,494,Nestle
2026-07-17,0.69,201850150,201850150,8760,23204,8760,23204,DATA
2026-07-17,0.29,5055265,5055265,8690,587,8690,587,DATA
2026-07-17,-5.48,22748345,22748345,3705,5978,3705,5978,DATA
2026-07-17,-6.85,113073294,113073294,68,1662045,68,1662045,DATA
2026-07-17,0.07,2321630,2321630,7500,309,7500,309,Saph
2026-07-17,2.35,38084730,38084730,2400,16842,2400,16842,Erium ci
2026-07-17,-0.46,2049640,2049640,4300,487,4300,487,DATA
2026-07-17,0.36,8405140,8405140,11300,744,11300,744,SODE CI
2026-07-17,-0.25,14521750,14521750,1990,7223,1990,7223,Filtisac
2026-07-17,0.07,2321630,2321630,7500,309,7500,309,DATA
2026-07-17,-0.31,18063315,18063315,3185,5823,3185,5823,DATA
2026-07-17,0.0,4331230,4331230,1500,2888,1500,2888,DATA
2026-07-17,-0.74,5675645,5675645,2675,2113,2675,2113,Onatel bf
2026-07-17,7.49,72960285,72960285,23900,3211,23900,3211,DATA
2026-07-17,-3.83,55942400,55942400,15195,3584,15195,3584,SMBC
2026-07-17,-2.39,5610950,5610950,4295,1293,4295,1293,SAFCA
2026-07-17,0.0,62480935,62480935,32000,1944,32000,1944,DATA
2026-07-17,0.69,9078005,9078005,3650,2482,3650,2482,Sicable
2026-07-17,0.0,22296515,22296515,16000,1404,16000,1404,DATA
2026-07-17,6.74,4245415,4245415,2295,2011,2295,2011,NEI-CEDA
2026-07-17,-0.45,12349040,12349040,2190,5734,2190,5734,DATA
2026-07-17,-1.25,7839925,7839925,15800,494,15800,494,DATA
2026-07-17,-2.2,13965535,13965535,3995,3571,3995,3571,DATA
2026-07-17,7.5,30246630,30246630,23650,1303,23650,1303,DATA
2026-07-17,-0.03,17769300,17769300,16160,1103,16160,1103,Orange ci
2026-07-17,0.0,81284210,81284210,37995,2139,37995,2139,SGB CI
2026-07-17,-0.03,17769300,17769300,16160,1103,16160,1103,DATA
2026-07-17,-0.46,2049640,2049640,4300,487,4300,487,LNBB
2026-07-17,6.74,4245415,4245415,2295,2011,2295,2011,DATA
2026-07-17,0.13,6981875,6981875,8010,870,8010,870,SOGB
2026-07-17,2.35,38084730,38084730,2400,16842,2400,16842,DATA
2026-07-17,6.11,1036920,1036920,5300,200,5300,200,DATA
2026-07-20,-4.88,21201045,21201045,3800,5625,3800,5625,DATA
2026-07-20,-4.58,612995,612995,52000,12,52000,12,Unilever
2026-07-20,-4.58,1619455,1619455,2190,751,2190,751,DATA
2026-07-20,1.17,3644585,3644585,15985,229,15985,229,Nestle
2026-07-20,3.32,5574970,5574970,15700,352,15700,352,SMBC
2026-07-20,-0.96,31418230,31418230,5700,5498,5700,5498,DATA
2026-07-20,6.25,16878150,16878150,1700,10079,1700,10079,Cfao
2026-07-20,-1.15,33029570,33029570,8600,3817,8600,3817,BOA_BENIN
2026-07-20,0.31,17937460,17937460,3195,5692,3195,5692,Setao
2026-07-20,0.51,60437060,60437060,8805,6896,8805,6896,DATA
2026-07-20,-0.12,16515025,16515025,8680,1914,8680,1914,Palm ci
2026-07-20,-0.1,15286420,15286420,5190,2966,5190,2966,DATA
2026-07-20,6.13,4041150,4041150,1990,2117,1990,2117,DATA
2026-07-20,3.32,5574970,5574970,15700,352,15700,352,DATA
2026-07-20,-7.35,130468562,130468562,63,2070178,63,2070178,ETIT
2026-07-20,-3.88,9095755,9095755,2105,4291,2105,4291,Vivo energy
2026-07-20,5.31,18972960,18972960,11900,1672,11900,1672,DATA
2026-07-20,-4.65,13877155,13877155,4100,3335,4100,3335,LNBB
2026-07-20,-0.86,3580860,3580860,2875,1239,2875,1239,DATA
2026-07-20,-2.67,10061530,10061530,7300,1366,7300,1366,Saph
2026-07-20,-4.58,1619455,1619455,2190,751,2190,751,NEI-CEDA
2026-07-20,2.38,7575710,7575710,6450,1181,6450,1181,DATA
2026-07-20,6.25,16878150,16878150,1700,10079,1700,10079,DATA
2026-07-20,-0.06,6831520,6831520,16150,423,16150,423,DATA
2026-07-20,0.65,34477955,34477955,5385,6468,5385,6468,DATA
2026-07-20,0.01,102999215,102999215,38000,2710,38000,2710,SGB CI
2026-07-20,-1.95,30637800,30637800,7550,4016,7550,4016,BOA_SN
2026-07-20,-0.06,6831520,6831520,16150,423,16150,423,Orange ci
2026-07-20,2.22,5213820,5213820,4600,1132,4600,1132,DATA
2026-07-20,1.23,4192995,4192995,3695,1148,3695,1148,DATA
2026-07-20,3.68,37075085,37075085,2820,13205,2820,13205,DATA
2026-07-20,-1.95,30637800,30637800,7550,4016,7550,4016,DATA
2026-07-20,0.0,5124115,5124115,2675,1921,2675,1921,DATA
2026-07-20,0.37,4694740,4694740,2690,1725,2690,1725,DATA
2026-07-20,-1.69,10019695,10019695,23495,424,23495,424,Sitab_ci
2026-07-20,-6.0,6048330,6048330,1410,4303,1410,4303,SEMC
2026-07-20,-0.25,7553425,7553425,1985,3810,1985,3810,Filtisac
2026-07-20,6.13,4041150,4041150,1990,2117,1990,2117,Bernabe
2026-07-20,1.17,3644585,3644585,15985,229,15985,229,DATA
2026-07-20,-3.47,13967635,13967635,6950,1991,6950,1991,BOA_BF
2026-07-20,5.31,18972960,18972960,11900,1672,11900,1672,SODE CI
2026-07-20,5.66,462100,462100,5600,85,5600,85,DATA
2026-07-20,-4.65,13877155,13877155,4100,3335,4100,3335,DATA
2026-07-20,-4.61,28133585,28133585,22560,1203,22560,1203,DATA
2026-07-20,-4.88,21201045,21201045,3800,5625,3800,5625,Total senegal
2026-07-20,0.0,119907030,119907030,32000,3745,32000,3745,Sonatel
2026-07-20,-1.69,10019695,10019695,23495,424,23495,424,DATA
2026-07-20,1.36,32903025,32903025,1870,17654,1870,17654,Uniwax
2026-07-20,-6.0,6048330,6048330,1410,4303,1410,4303,DATA
2026-07-20,0.37,4694740,4694740,2690,1725,2690,1725,ORAGROUP_TOGO
2026-07-20,5.66,462100,462100,5600,85,5600,85,Sicor_ci
2026-07-20,2.22,5213820,5213820,4600,1132,4600,1132,Tractafric
2026-07-20,0.51,60437060,60437060,8805,6896,8805,6896,SIBC
2026-07-20,-3.88,9095755,9095755,2105,4291,2105,4291,DATA
2026-07-20,0.01,102999215,102999215,38000,2710,38000,2710,DATA
2026-07-20,-0.12,48942080,48942080,8000,6117,8000,6117,DATA
2026-07-20,0.46,33169845,33169845,9790,3398,9790,3398,DATA
2026-07-20,-0.38,13555950,13555950,39005,343,39005,343,Solibra
2026-07-20,-3.47,13967635,13967635,6950,1991,6950,1991,DATA
2026-07-20,-1.78,69173820,69173820,15715,4603,15715,4603,ECOBANK_CI
2026-07-20,3.68,37075085,37075085,2820,13205,2820,13205,AGL
2026-07-20,0.31,17937460,17937460,3195,5692,3195,5692,DATA
2026-07-20,-4.17,6683785,6683785,2300,2943,2300,2943,DATA
2026-07-20,-0.12,48942080,48942080,8000,6117,8000,6117,SOGB
2026-07-20,-3.47,16613585,16613585,27500,598,27500,598,DATA
2026-07-20,-0.38,13555950,13555950,39005,343,39005,343,DATA
2026-07-20,1.36,32903025,32903025,1870,17654,1870,17654,DATA
2026-07-20,-1.34,8590035,8590035,2950,2880,2950,2880,DATA
2026-07-20,-0.86,3580860,3580860,2875,1239,2875,1239,Total ci
2026-07-20,-1.34,8590035,8590035,2950,2880,2950,2880,Servair
2026-07-20,-2.21,5629310,5629310,4200,1322,4200,1322,DATA
2026-07-20,2.38,7575710,7575710,6450,1181,6450,1181,BICB
2026-07-20,-2.67,10061530,10061530,7300,1366,7300,1366,DATA
2026-07-20,-4.61,28133585,28133585,22560,1203,22560,1203,NSIA
2026-07-20,-2.21,5629310,5629310,4200,1322,4200,1322,SAFCA
2026-07-20,0.46,33169845,33169845,9790,3398,9790,3398,BOA_CI
2026-07-20,0.0,119907030,119907030,32000,3745,32000,3745,DATA
2026-07-20,-1.15,33029570,33029570,8600,3817,8600,3817,DATA
2026-07-20,-0.36,19914000,19914000,28000,709,28000,709,BICC
2026-07-20,-4.58,612995,612995,52000,12,52000,12,DATA
2026-07-20,-0.36,19914000,19914000,28000,709,28000,709,DATA
2026-07-20,-3.47,16613585,16613585,27500,598,27500,598,CORIS_BANK
2026-07-20,0.65,34477955,34477955,5385,6468,5385,6468,BOA_NIGER
2026-07-20,-0.96,31418230,31418230,5700,5498,5700,5498,BOA_MALI
2026-07-20,-0.25,7553425,7553425,1985,3810,1985,3810,DATA
2026-07-20,-0.12,16515025,16515025,8680,1914,8680,1914,DATA
2026-07-20,-1.78,69173820,69173820,15715,4603,15715,4603,DATA
2026-07-20,0.0,5124115,5124115,2675,1921,2675,1921,Onatel bf
2026-07-20,-7.35,130468562,130468562,63,2070178,63,2070178,DATA
2026-07-20,-0.1,15286420,15286420,5190,2966,5190,2966,CIE CI
2026-07-20,-4.17,6683785,6683785,2300,2943,2300,2943,Erium ci
2026-07-20,0.4,38726665,38726665,3720,10215,3720,10215,DATA
2026-07-20,1.23,4192995,4192995,3695,1148,3695,1148,Sicable
2026-07-20,0.4,38726665,38726665,3720,10215,3720,10215,Sucrivoire
2026-07-21,0.0,342100,342100,5600,62,5600,62,DATA
2026-07-21,4.4,12090540,12090540,4385,2822,4385,2822,SAFCA
2026-07-21,4.51,8158520,8158520,2200,3711,2200,3711,Vivo energy
2026-07-21,0.35,3470290,3470290,2885,1205,2885,1205,Total ci
2026-07-21,0.27,21604720,21604720,1875,11470,1875,11470,Uniwax
2026-07-21,-0.23,22290045,22290045,8580,2589,8580,2589,DATA
2026-07-21,3.6,70120230,70120230,7200,10015,7200,10015,DATA
2026-07-21,4.51,8158520,8158520,2200,3711,2200,3711,DATA
2026-07-21,6.9,3097145,3097145,3950,810,3950,810,Sicable
2026-07-21,-1.45,6630445,6630445,3745,1808,3745,1808,DATA
2026-07-21,-0.86,16780050,16780050,7485,2239,7485,2239,DATA
2026-07-21,-1.06,21944525,21944525,2790,7892,2790,7892,AGL
2026-07-21,1.42,6247980,6247980,1430,4428,1430,4428,DATA
2026-07-21,0.0,79128825,79128825,38000,2082,38000,2082,SGB CI
2026-07-21,3.79,9913890,9913890,16295,618,16295,618,SMBC
2026-07-21,-2.48,26384165,26384165,22000,1158,22000,1158,DATA
2026-07-21,0.0,35711050,35711050,15715,2300,15715,2300,ECOBANK_CI
2026-07-21,-1.45,6630445,6630445,3745,1808,3745,1808,Total senegal
2026-07-21,0.57,113786550,113786550,8855,12924,8855,12924,SIBC
2026-07-21,-6.09,26056750,26056750,2160,11976,2160,11976,Erium ci
2026-07-21,-3.53,42212045,42212045,5195,8089,5195,8089,BOA_NIGER
2026-07-21,0.68,3302540,3302540,7350,451,7350,451,Saph
2026-07-21,0.81,27190560,27190560,8750,3138,8750,3138,DATA
2026-07-21,-0.61,12523780,12523780,5665,2211,5665,2211,DATA
2026-07-21,4.4,12090540,12090540,4385,2822,4385,2822,DATA
2026-07-21,0.14,8373190,8373190,28040,299,28040,299,DATA
2026-07-21,0.81,27190560,27190560,8750,3138,8750,3138,Palm ci
2026-07-21,0.97,77998585,77998585,9885,7961,9885,7961,BOA_CI
2026-07-21,-5.24,29324170,29324170,3525,8156,3525,8156,Sucrivoire
2026-07-21,4.76,466369609,466369609,66,7577297,66,7577297,ETIT
2026-07-21,-2.88,258500,258500,50500,5,50500,5,DATA
2026-07-21,-0.93,38541530,38541530,16000,2423,16000,2423,DATA
2026-07-21,0.57,113786550,113786550,8855,12924,8855,12924,DATA
2026-07-21,0.0,831285,831285,4100,200,4100,200,LNBB
2026-07-21,2.33,24774905,24774905,6600,3792,6600,3792,DATA
2026-07-21,-0.86,16780050,16780050,7485,2239,7485,2239,BOA_SN
2026-07-21,0.68,3302540,3302540,7350,451,7350,451,DATA
2026-07-21,0.34,5058470,5058470,2960,1695,2960,1695,DATA
2026-07-21,2.62,228413940,228413940,2745,84400,2745,84400,DATA
2026-07-21,0.27,21604720,21604720,1875,11470,1875,11470,DATA
2026-07-21,-2.97,8340015,8340015,3100,2697,3100,2697,DATA
2026-07-21,0.25,3173900,3173900,1990,1606,1990,1606,Filtisac
2026-07-21,3.6,70120230,70120230,7200,10015,7200,10015,BOA_BF
2026-07-21,0.98,3385615,3385615,4645,731,4645,731,DATA
2026-07-21,-3.53,42212045,42212045,5195,8089,5195,8089,DATA
2026-07-21,0.0,79128825,79128825,38000,2082,38000,2082,DATA
2026-07-21,6.9,3097145,3097145,3950,810,3950,810,DATA
2026-07-21,1.12,4383680,4383680,2720,1624,2720,1624,DATA
2026-07-21,0.0,342100,342100,5600,62,5600,62,Sicor_ci
2026-07-21,0.02,12228285,12228285,23500,524,23500,524,Sitab_ci
2026-07-21,0.97,77998585,77998585,9885,7961,9885,7961,DATA
2026-07-21,0.02,12228285,12228285,23500,524,23500,524,DATA
2026-07-21,-0.61,12523780,12523780,5665,2211,5665,2211,BOA_MALI
2026-07-21,1.42,6247980,6247980,1430,4428,1430,4428,SEMC
2026-07-21,2.33,24774905,24774905,6600,3792,6600,3792,BICB
2026-07-21,0.25,3173900,3173900,1990,1606,1990,1606,DATA
2026-07-21,0.59,22868395,22868395,11970,1949,11970,1949,SODE CI
2026-07-21,0.0,831285,831285,4100,200,4100,200,DATA
2026-07-21,-0.93,38541530,38541530,16000,2423,16000,2423,Orange ci
2026-07-21,-5.59,8394990,8394990,1605,5164,1605,5164,DATA
2026-07-21,-4.55,43697300,43697300,26250,1649,26250,1649,DATA
2026-07-21,-0.25,1083815,1083815,1985,552,1985,552,Bernabe
2026-07-21,0.46,3804835,3804835,2200,1725,2200,1725,DATA
2026-07-21,1.88,2452440,2452440,8150,301,8150,301,DATA
2026-07-21,-1.56,157082045,157082045,31500,5020,31500,5020,Sonatel
2026-07-21,0.35,3470290,3470290,2885,1205,2885,1205,DATA
2026-07-21,-5.24,29324170,29324170,3525,8156,3525,8156,DATA
2026-07-21,-0.03,45995860,45995860,38995,1171,38995,1171,Solibra
2026-07-21,0.0,8849990,8849990,15985,554,15985,554,Nestle
2026-07-21,0.59,22868395,22868395,11970,1949,11970,1949,DATA
2026-07-21,3.79,9913890,9913890,16295,618,16295,618,DATA
2026-07-21,-5.59,8394990,8394990,1605,5164,1605,5164,Cfao
2026-07-21,0.0,8372480,8372480,5190,1624,5190,1624,DATA
2026-07-21,-6.09,26056750,26056750,2160,11976,2160,11976,DATA
2026-07-21,1.88,2452440,2452440,8150,301,8150,301,SOGB
2026-07-21,-2.97,8340015,8340015,3100,2697,3100,2697,Setao
2026-07-21,-2.88,258500,258500,50500,5,50500,5,Unilever
2026-07-21,1.12,4383680,4383680,2720,1624,2720,1624,ORAGROUP_TOGO
2026-07-21,2.62,228413940,228413940,2745,84400,2745,84400,Onatel bf
2026-07-21,0.34,5058470,5058470,2960,1695,2960,1695,Servair
2026-07-21,-0.25,1083815,1083815,1985,552,1985,552,DATA
2026-07-21,4.76,466369609,466369609,66,7577297,66,7577297,DATA
2026-07-21,-1.56,157082045,157082045,31500,5020,31500,5020,DATA
2026-07-21,-4.55,43697300,43697300,26250,1649,26250,1649,CORIS_BANK
2026-07-21,-1.06,21944525,21944525,2790,7892,2790,7892,DATA
2026-07-21,0.0,35711050,35711050,15715,2300,15715,2300,DATA
2026-07-21,0.14,8373190,8373190,28040,299,28040,299,BICC
2026-07-21,-0.23,22290045,22290045,8580,2589,8580,2589,BOA_BENIN
2026-07-21,0.0,8849990,8849990,15985,554,15985,554,DATA
2026-07-21,0.98,3385615,3385615,4645,731,4645,731,Tractafric
2026-07-21,0.46,3804835,3804835,2200,1725,2200,1725,NEI-CEDA
2026-07-21,-2.48,26384165,26384165,22000,1158,22000,1158,NSIA
2026-07-21,-0.03,45995860,45995860,38995,1171,38995,1171,DATA
2026-07-21,0.0,8372480,8372480,5190,1624,5190,1624,CIE CI
2026-07-22,0.0,23763360,23763360,15715,1512,15715,1512,ECOBANK_CI
2026-07-22,-0.62,22129530,22129530,5630,3931,5630,3931,DATA
2026-07-22,0.0,43142355,43142355,23500,1862,23500,1862,Sitab_ci
2026-07-22,0.0,335556280,335556280,38995,8608,38995,8608,Solibra
2026-07-22,0.0,335556280,335556280,38995,8608,38995,8608,DATA
2026-07-22,-0.58,8097995,8097995,11900,684,11900,684,SODE CI
2026-07-22,0.72,34859215,34859215,16100,2184,16100,2184,Nestle
2026-07-22,0.61,21501080,21501080,8200,2650,8200,2650,SOGB
2026-07-22,-0.5,892720,892720,1975,459,1975,459,Bernabe
2026-07-22,0.0,10096480,10096480,2745,3749,2745,3749,Onatel bf
2026-07-22,5.12,6262840,6262840,4310,1497,4310,1497,DATA
2026-07-22,-0.08,21897690,21897690,6595,3307,6595,3307,DATA
2026-07-22,0.13,21220240,21220240,7495,2831,7495,2831,BOA_SN
2026-07-22,5.61,4312035,4312035,1695,2615,1695,2615,Cfao
2026-07-22,-3.55,56219705,56219705,2990,18883,2990,18883,DATA
2026-07-22,0.0,95669955,95669955,31500,3044,31500,3044,Sonatel
2026-07-22,0.8,19415940,19415940,1890,10268,1890,10268,DATA
2026-07-22,6.06,72904064,72904064,70,1042412,70,1042412,DATA
2026-07-22,4.45,15019155,15019155,4580,3384,4580,3384,DATA
2026-07-22,0.1,80732975,80732975,5200,15890,5200,15890,BOA_NIGER
2026-07-22,-0.32,1636750,1636750,4630,354,4630,354,Tractafric
2026-07-22,0.76,104652075,104652075,26450,3955,26450,3955,CORIS_BANK
2026-07-22,0.57,53103225,53103225,8800,5986,8800,5986,DATA
2026-07-22,-1.47,5255975,5255975,2680,1942,2680,1942,ORAGROUP_TOGO
2026-07-22,0.04,6357245,6357245,28050,227,28050,227,BICC
2026-07-22,0.04,6357245,6357245,28050,227,28050,227,DATA
2026-07-22,0.0,800800,800800,5600,143,5600,143,Sicor_ci
2026-07-22,0.71,12382290,12382290,3550,3506,3550,3506,Sucrivoire
2026-07-22,0.61,21501080,21501080,8200,2650,8200,2650,DATA
2026-07-22,-0.62,41228430,41228430,8800,4671,8800,4671,DATA
2026-07-22,-0.25,3138600,3138600,1985,1583,1985,1583,DATA
2026-07-22,-0.1,54011345,54011345,9875,5471,9875,5471,BOA_CI
2026-07-22,4.17,3031535,3031535,2250,1340,2250,1340,Erium ci
2026-07-22,0.71,12382290,12382290,3550,3506,3550,3506,DATA
2026-07-22,0.0,220389300,220389300,38000,5799,38000,5799,DATA
2026-07-22,4.09,27923380,27923380,22900,1225,22900,1225,NSIA
2026-07-22,2.25,11905595,11905595,2950,4107,2950,4107,DATA
2026-07-22,0.0,3345930,3345930,7350,454,7350,454,Saph
2026-07-22,-0.1,54011345,54011345,9875,5471,9875,5471,DATA
2026-07-22,6.06,72904064,72904064,70,1042412,70,1042412,ETIT
2026-07-22,-0.58,8097995,8097995,11900,684,11900,684,DATA
2026-07-22,0.19,36100000,36100000,5200,6946,5200,6946,DATA
2026-07-22,0.57,53103225,53103225,8800,5986,8800,5986,Palm ci
2026-07-22,2.97,924160,924160,52000,18,52000,18,DATA
2026-07-22,0.03,23448265,23448265,16005,1456,16005,1456,DATA
2026-07-22,-0.72,21907280,21907280,2770,7977,2770,7977,DATA
2026-07-22,0.0,3345930,3345930,7350,454,7350,454,DATA
2026-07-22,2.18,112588680,112588680,16650,6867,16650,6867,DATA
2026-07-22,0.23,6765705,6765705,2205,3073,2205,3073,DATA
2026-07-22,5.12,6262840,6262840,4310,1497,4310,1497,LNBB
2026-07-22,-0.72,21907280,21907280,2770,7977,2770,7977,AGL
2026-07-22,0.0,2374090,2374090,2200,1081,2200,1081,DATA
2026-07-22,0.0,3674680,3674680,1430,2546,1430,2546,DATA
2026-07-22,0.03,23448265,23448265,16005,1456,16005,1456,Orange ci
2026-07-22,-0.62,22129530,22129530,5630,3931,5630,3931,BOA_MALI
2026-07-22,0.13,21220240,21220240,7495,2831,7495,2831,DATA
2026-07-22,0.19,36100000,36100000,5200,6946,5200,6946,CIE CI
2026-07-22,2.97,924160,924160,52000,18,52000,18,Unilever
2026-07-22,4.09,27923380,27923380,22900,1225,22900,1225,DATA
2026-07-22,1.4,5205215,5205215,8700,601,8700,601,DATA
2026-07-22,0.72,34859215,34859215,16100,2184,16100,2184,DATA
2026-07-22,0.0,220389300,220389300,38000,5799,38000,5799,SGB CI
2026-07-22,-0.08,21897690,21897690,6595,3307,6595,3307,BICB
2026-07-22,0.0,2374090,2374090,2200,1081,2200,1081,NEI-CEDA
2026-07-22,-1.2,44346600,44346600,3700,11890,3700,11890,DATA
2026-07-22,0.23,6765705,6765705,2205,3073,2205,3073,Vivo energy
2026-07-22,0.0,23763360,23763360,15715,1512,15715,1512,DATA
2026-07-22,-2.53,2344000,2344000,3850,602,3850,602,Sicable
2026-07-22,2.18,112588680,112588680,16650,6867,16650,6867,SMBC
2026-07-22,-0.5,892720,892720,1975,459,1975,459,DATA
2026-07-22,0.0,95669955,95669955,31500,3044,31500,3044,DATA
2026-07-22,0.0,43142355,43142355,23500,1862,23500,1862,DATA
2026-07-22,-1.2,44346600,44346600,3700,11890,3700,11890,Total senegal
2026-07-22,0.8,19415940,19415940,1890,10268,1890,10268,Uniwax
2026-07-22,0.0,800800,800800,5600,143,5600,143,DATA
2026-07-22,1.4,5205215,5205215,8700,601,8700,601,BOA_BENIN
2026-07-22,-1.47,5255975,5255975,2680,1942,2680,1942,DATA
2026-07-22,0.0,21915590,21915590,7200,3081,7200,3081,BOA_BF
2026-07-22,7.43,24257125,24257125,3180,7995,3180,7995,Servair
2026-07-22,7.43,24257125,24257125,3180,7995,3180,7995,DATA
2026-07-22,-2.53,2344000,2344000,3850,602,3850,602,DATA
2026-07-22,-3.55,56219705,56219705,2990,18883,2990,18883,Setao
2026-07-22,4.45,15019155,15019155,4580,3384,4580,3384,SAFCA
2026-07-22,0.1,80732975,80732975,5200,15890,5200,15890,DATA
2026-07-22,0.0,10096480,10096480,2745,3749,2745,3749,DATA
2026-07-22,0.76,104652075,104652075,26450,3955,26450,3955,DATA
2026-07-22,5.61,4312035,4312035,1695,2615,1695,2615,DATA
2026-07-22,-0.32,1636750,1636750,4630,354,4630,354,DATA
2026-07-22,2.25,11905595,11905595,2950,4107,2950,4107,Total ci
2026-07-22,-0.62,41228430,41228430,8800,4671,8800,4671,SIBC
2026-07-22,-0.25,3138600,3138600,1985,1583,1985,1583,Filtisac
2026-07-22,4.17,3031535,3031535,2250,1340,2250,1340,DATA
2026-07-22,0.0,21915590,21915590,7200,3081,7200,3081,DATA
2026-07-22,0.0,3674680,3674680,1430,2546,1430,2546,SEMC
2026-07-23,-1.41,35459895,35459895,3500,10074,3500,10074,DATA
2026-07-23,1.09,8223625,8223625,2775,2975,2775,2975,Onatel bf
2026-07-23,0.0,6509805,6509805,3180,2037,3180,2037,DATA
2026-07-23,-0.27,20587590,20587590,5615,3670,5615,3670,BOA_MALI
2026-07-23,1.27,82718720,82718720,10000,8274,10000,8274,DATA
2026-07-23,1.18,11156345,11156345,15900,705,15900,705,DATA
2026-07-23,-3.17,19242670,19242670,1830,10251,1830,10251,DATA
2026-07-23,0.0,6000370,6000370,2680,2237,2680,2237,ORAGROUP_TOGO
2026-07-23,2.34,1706770,1706770,3940,443,3940,443,Sicable
2026-07-23,-0.54,4171480,4171480,4605,906,4605,906,Tractafric
2026-07-23,0.23,6252820,6252820,2210,2882,2210,2882,DATA
2026-07-23,0.95,55119550,55119550,31800,1750,31800,1750,DATA
2026-07-23,1.69,9164575,9164575,3000,3087,3000,3087,Total ci
2026-07-23,-0.66,12270025,12270025,4550,2692,4550,2692,DATA
2026-07-23,1.22,8581095,8581095,8300,1032,8300,1032,SOGB
2026-07-23,-0.66,12270025,12270025,4550,2692,4550,2692,SAFCA
2026-07-23,2.56,30391015,30391015,39995,751,39995,751,Solibra
2026-07-23,6.29,12024670,12024670,1520,8238,1520,8238,DATA
2026-07-23,-0.01,67300905,67300905,37995,1770,37995,1770,DATA
2026-07-23,-0.06,35102420,35102420,8695,4046,8695,4046,DATA
2026-07-23,0.0,6509805,6509805,3180,2037,3180,2037,Servair
2026-07-23,1.18,11156345,11156345,15900,705,15900,705,ECOBANK_CI
2026-07-23,0.0,5387860,5387860,2250,2394,2250,2394,Erium ci
2026-07-23,2.56,30391015,30391015,39995,751,39995,751,DATA
2026-07-23,7.43,27496715,27496715,7085,3881,7085,3881,BICB
2026-07-23,1.77,12759780,12759780,7480,1723,7480,1723,DATA
2026-07-23,0.0,5387860,5387860,2250,2394,2250,2394,DATA
2026-07-23,0.0,38946745,38946745,26450,1472,26450,1472,DATA
2026-07-23,-3.17,19242670,19242670,1830,10251,1830,10251,Uniwax
2026-07-23,1.22,8581095,8581095,8300,1032,8300,1032,DATA
2026-07-23,-5.36,282750,282750,5300,51,5300,51,Sicor_ci
2026-07-23,0.33,2515695,2515695,3000,834,3000,834,DATA
2026-07-23,3.65,14612000,14612000,5390,2779,5390,2779,CIE CI
2026-07-23,-0.69,19378780,19378780,7150,2690,7150,2690,DATA
2026-07-23,1.13,16071495,16071495,7580,2123,7580,2123,DATA
2026-07-23,0.0,77026285,77026285,2770,29318,2770,29318,DATA
2026-07-23,0.57,16372390,16372390,8850,1847,8850,1847,Palm ci
2026-07-23,2.45,6906675,6906675,16495,423,16495,423,DATA
2026-07-23,2.45,6906675,6906675,16495,423,16495,423,Nestle
2026-07-23,7.43,27496715,27496715,7085,3881,7085,3881,DATA
2026-07-23,0.0,208000,208000,52000,4,52000,4,Unilever
2026-07-23,1.84,23386075,23386075,16300,1449,16300,1449,Orange ci
2026-07-23,1.13,16071495,16071495,7580,2123,7580,2123,BOA_SN
2026-07-23,0.0,6666380,6666380,11900,561,11900,561,SODE CI
2026-07-23,0.0,1750505,1750505,1695,1038,1695,1038,Cfao
2026-07-23,0.76,1348485,1348485,1990,683,1990,683,Bernabe
2026-07-23,-0.4,106400165,106400165,23405,4602,23405,4602,Sitab_ci
2026-07-23,-0.45,3780280,3780280,2190,1729,2190,1729,DATA
2026-07-23,-1.7,85389220,85389220,8650,9710,8650,9710,SIBC
2026-07-23,-0.69,19378780,19378780,7150,2690,7150,2690,BOA_BF
2026-07-23,0.23,5948090,5948090,4320,1378,4320,1378,LNBB
2026-07-23,2.34,1706770,1706770,3940,443,3940,443,DATA
2026-07-23,-5.36,282750,282750,5300,51,5300,51,DATA
2026-07-23,0.33,2515695,2515695,3000,834,3000,834,Setao
2026-07-23,2.79,39249510,39249510,5345,7542,5345,7542,DATA
2026-07-23,-0.06,35102420,35102420,8695,4046,8695,4046,BOA_BENIN
2026-07-23,0.0,6000370,6000370,2680,2237,2680,2237,DATA
2026-07-23,0.0,77026285,77026285,2770,29318,2770,29318,AGL
2026-07-23,-3.9,20344225,20344225,16000,1253,16000,1253,DATA
2026-07-23,-0.54,4171480,4171480,4605,906,4605,906,DATA
2026-07-23,-0.76,4487345,4487345,1970,2259,1970,2259,Filtisac
2026-07-23,0.0,1750505,1750505,1695,1038,1695,1038,DATA
2026-07-23,6.29,12024670,12024670,1520,8238,1520,8238,SEMC
2026-07-23,2.7,7538335,7538335,3800,2026,3800,2026,Total senegal
2026-07-23,1.09,8223625,8223625,2775,2975,2775,2975,DATA
2026-07-23,0.44,35369715,35369715,23000,1512,23000,1512,DATA
2026-07-23,-0.01,67300905,67300905,37995,1770,37995,1770,SGB CI
2026-07-23,-0.27,20587590,20587590,5615,3670,5615,3670,DATA
2026-07-23,-1.7,85389220,85389220,8650,9710,8650,9710,DATA
2026-07-23,7.14,270204834,270204834,75,3805473,75,3805473,ETIT
2026-07-23,0.76,1348485,1348485,1990,683,1990,683,DATA
2026-07-23,-1.94,20184920,20184920,27505,720,27505,720,BICC
2026-07-23,1.69,9164575,9164575,3000,3087,3000,3087,DATA
2026-07-23,-1.41,35459895,35459895,3500,10074,3500,10074,Sucrivoire
2026-07-23,-0.76,4487345,4487345,1970,2259,1970,2259,DATA
2026-07-23,3.65,14612000,14612000,5390,2779,5390,2779,DATA
2026-07-23,1.27,82718720,82718720,10000,8274,10000,8274,BOA_CI
2026-07-23,0.0,208000,208000,52000,4,52000,4,DATA
2026-07-23,0.57,16372390,16372390,8850,1847,8850,1847,DATA
2026-07-23,-3.9,20344225,20344225,16000,1253,16000,1253,SMBC
2026-07-23,0.95,55119550,55119550,31800,1750,31800,1750,Sonatel
2026-07-23,0.0,38946745,38946745,26450,1472,26450,1472,CORIS_BANK
2026-07-23,-0.45,3780280,3780280,2190,1729,2190,1729,NEI-CEDA
2026-07-23,0.44,35369715,35369715,23000,1512,23000,1512,NSIA
2026-07-23,1.84,23386075,23386075,16300,1449,16300,1449,DATA
2026-07-23,-0.4,106400165,106400165,23405,4602,23405,4602,DATA
2026-07-23,2.79,39249510,39249510,5345,7542,5345,7542,BOA_NIGER
2026-07-23,0.0,6666380,6666380,11900,561,11900,561,DATA
2026-07-23,2.7,7538335,7538335,3800,2026,3800,2026,DATA
2026-07-23,0.23,6252820,6252820,2210,2882,2210,2882,Vivo energy
2026-07-23,7.14,270204834,270204834,75,3805473,75,3805473,DATA
2026-07-23,0.23,5948090,5948090,4320,1378,4320,1378,DATA
2026-07-23,1.77,12759780,12759780,7480,1723,7480,1723,Saph
2026-07-23,-1.94,20184920,20184920,27505,720,27505,720,DATA
2026-07-24,-0.96,168609455,168609455,31495,5370,31495,5370,DATA
2026-07-24,0.0,19908255,19908255,16000,1248,16000,1248,DATA
2026-07-24,-0.25,2051340,2051340,1985,1055,1985,1055,DATA
2026-07-24,-1.1,28764510,28764510,3145,9553,3145,9553,Servair
2026-07-24,-0.92,52435945,52435945,23190,2276,23190,2276,DATA
2026-07-24,-1.32,5299075,5299075,3750,1407,3750,1407,DATA
2026-07-24,0.0,414000,414000,52000,8,52000,8,Unilever
2026-07-24,0.01,319239565,319239565,38000,8380,38000,8380,SGB CI
2026-07-24,-1.32,5299075,5299075,3750,1407,3750,1407,Total senegal
2026-07-24,0.0,53000,53000,5300,10,5300,10,DATA
2026-07-24,-0.68,4759475,4759475,2195,2173,2195,2173,DATA
2026-07-24,2.89,93383860,93383860,8900,10569,8900,10569,SIBC
2026-07-24,0.11,4250940,4250940,4610,920,4610,920,DATA
2026-07-24,0.11,4250940,4250940,4610,920,4610,920,Tractafric
2026-07-24,2.08,24045130,24045130,27000,904,27000,904,CORIS_BANK
2026-07-24,2.91,33418375,33418375,28305,1187,28305,1187,DATA
2026-07-24,-0.17,9549015,9549015,2995,3210,2995,3210,DATA
2026-07-24,-0.96,16058170,16058170,8220,1938,8220,1938,DATA
2026-07-24,0.0,414000,414000,52000,8,52000,8,DATA
2026-07-24,-0.25,2051340,2051340,1985,1055,1985,1055,Bernabe
2026-07-24,0.01,319239565,319239565,38000,8380,38000,8380,DATA
2026-07-24,2.89,93383860,93383860,8900,10569,8900,10569,DATA
2026-07-24,-0.84,13070915,13070915,5300,2462,5300,2462,BOA_NIGER
2026-07-24,1.09,21725650,21725650,1850,11983,1850,11983,DATA
2026-07-24,-1.09,42198730,42198730,8600,4923,8600,4923,DATA
2026-07-24,-0.17,9549015,9549015,2995,3210,2995,3210,Total ci
2026-07-24,-0.63,13481040,13481040,11825,1139,11825,1139,DATA
2026-07-24,-1.25,19899230,19899230,39495,503,39495,503,DATA
2026-07-24,7.48,13486165,13486165,7615,1771,7615,1771,DATA
2026-07-24,3.5,62062650,62062650,7845,8145,7845,8145,BOA_SN
2026-07-24,-3.17,13685290,13685290,2905,4611,2905,4611,DATA
2026-07-24,-0.88,3477500,3477500,1680,2056,1680,2056,Cfao
2026-07-24,-0.36,17724130,17724130,2760,6396,2760,6396,DATA
2026-07-24,-3.68,5330255,5330255,3795,1397,3795,1397,DATA
2026-07-24,-1.67,14056295,14056295,5300,2616,5300,2616,CIE CI
2026-07-24,-3.17,13685290,13685290,2905,4611,2905,4611,Setao
2026-07-24,-1.1,28764510,28764510,3145,9553,3145,9553,DATA
2026-07-24,-0.36,17724130,17724130,2760,6396,2760,6396,AGL
2026-07-24,-0.33,12322410,12322410,1515,8449,1515,8449,SEMC
2026-07-24,-0.14,19201545,19201545,3495,5494,3495,5494,DATA
2026-07-24,1.6,9775955,9775955,7600,1305,7600,1305,Saph
2026-07-24,1.6,9775955,9775955,7600,1305,7600,1305,DATA
2026-07-24,3.5,62062650,62062650,7845,8145,7845,8145,DATA
2026-07-24,0.75,18328800,18328800,2700,6800,2700,6800,DATA
2026-07-24,-0.84,13070915,13070915,5300,2462,5300,2462,DATA
2026-07-24,2.61,11715760,11715760,16725,707,16725,707,Orange ci
2026-07-24,2.74,3532535,3532535,2250,1596,2250,1596,DATA
2026-07-24,-1.25,19899230,19899230,39495,503,39495,503,Solibra
2026-07-24,-0.96,16058170,16058170,8220,1938,8220,1938,SOGB
2026-07-24,0.0,53863205,53863205,7150,7557,7150,7557,BOA_BF
2026-07-24,2.17,111993495,111993495,16245,6990,16245,6990,ECOBANK_CI
2026-07-24,-0.35,4220195,4220195,4305,1012,4305,1012,DATA
2026-07-24,0.75,18328800,18328800,2700,6800,2700,6800,ORAGROUP_TOGO
2026-07-24,-0.88,3477500,3477500,1680,2056,1680,2056,DATA
2026-07-24,-2.67,156211586,156211586,73,2162532,73,2162532,DATA
2026-07-24,-1.09,42198730,42198730,8600,4923,8600,4923,BOA_BENIN
2026-07-24,2.0,150147940,150147940,10200,14838,10200,14838,DATA
2026-07-24,-1.69,21451205,21451205,8700,2431,8700,2431,Palm ci
2026-07-24,-0.03,6510905,6510905,16490,395,16490,395,Nestle
2026-07-24,-0.27,27001995,27001995,5600,4824,5600,4824,DATA
2026-07-24,0.0,9937720,9937720,2250,4484,2250,4484,Erium ci
2026-07-24,2.91,33418375,33418375,28305,1187,28305,1187,BICC
2026-07-24,0.0,53000,53000,5300,10,5300,10,Sicor_ci
2026-07-24,4.4,11759965,11759965,4750,2518,4750,2518,DATA
2026-07-24,2.61,11715760,11715760,16725,707,16725,707,DATA
2026-07-24,-0.63,13481040,13481040,11825,1139,11825,1139,SODE CI
2026-07-24,0.76,8312255,8312255,1985,4188,1985,4188,DATA
2026-07-24,1.74,46504575,46504575,23400,2022,23400,2022,NSIA
2026-07-24,-1.69,21451205,21451205,8700,2431,8700,2431,DATA
2026-07-24,2.0,150147940,150147940,10200,14838,10200,14838,BOA_CI
2026-07-24,-2.67,156211586,156211586,73,2162532,73,2162532,ETIT
2026-07-24,-1.67,14056295,14056295,5300,2616,5300,2616,DATA
2026-07-24,0.9,13455075,13455075,2800,4820,2800,4820,Onatel bf
2026-07-24,-0.03,6510905,6510905,16490,395,16490,395,DATA
2026-07-24,-0.92,52435945,52435945,23190,2276,23190,2276,Sitab_ci
2026-07-24,0.9,13455075,13455075,2800,4820,2800,4820,DATA
2026-07-24,-3.68,5330255,5330255,3795,1397,3795,1397,Sicable
2026-07-24,-0.27,27001995,27001995,5600,4824,5600,4824,BOA_MALI
2026-07-24,1.74,46504575,46504575,23400,2022,23400,2022,DATA
2026-07-24,-0.68,4759475,4759475,2195,2173,2195,2173,Vivo energy
2026-07-24,2.17,111993495,111993495,16245,6990,16245,6990,DATA
2026-07-24,-0.35,4220195,4220195,4305,1012,4305,1012,LNBB
2026-07-24,7.48,13486165,13486165,7615,1771,7615,1771,BICB
2026-07-24,1.09,21725650,21725650,1850,11983,1850,11983,Uniwax
2026-07-24,0.76,8312255,8312255,1985,4188,1985,4188,Filtisac
2026-07-24,0.0,19908255,19908255,16000,1248,16000,1248,SMBC
2026-07-24,-0.96,168609455,168609455,31495,5370,31495,5370,Sonatel
2026-07-24,0.0,53863205,53863205,7150,7557,7150,7557,DATA
2026-07-24,-0.33,12322410,12322410,1515,8449,1515,8449,DATA
2026-07-24,-0.14,19201545,19201545,3495,5494,3495,5494,Sucrivoire
2026-07-24,0.0,9937720,9937720,2250,4484,2250,4484,DATA
2026-07-24,2.74,3532535,3532535,2250,1596,2250,1596,NEI-CEDA
2026-07-24,4.4,11759965,11759965,4750,2518,4750,2518,SAFCA
2026-07-24,2.08,24045130,24045130,27000,904,27000,904,DATA
2026-07-27,0.0,8360310,8360310,16490,513,16490,513,DATA
2026-07-27,-3.87,5670520,5670520,2110,2607,2110,2607,Vivo energy
2026-07-27,2.25,46697210,46697210,9100,5201,9100,5201,DATA
2026-07-27,-1.92,306000,306000,51000,6,51000,6,Unilever
2026-07-27,0.97,2702290,2702290,11940,226,11940,226,DATA
2026-07-27,-7.4,15301305,15301305,2690,5480,2690,5480,Setao
2026-07-27,-1.33,10015720,10015720,3700,2698,3700,2698,DATA
2026-07-27,-0.6,4643380,4643380,1670,2763,1670,2763,Cfao
2026-07-27,0.97,2702290,2702290,11940,226,11940,226,SODE CI
2026-07-27,-1.3,1612775,1612775,4550,356,4550,356,DATA
2026-07-27,-2.63,14240530,14240530,7400,1902,7400,1902,Saph
2026-07-27,0.0,10285750,10285750,16725,616,16725,616,DATA
2026-07-27,-4.28,902530,902530,1900,475,1900,475,DATA
2026-07-27,0.74,16009210,16009210,2720,5909,2720,5909,DATA
2026-07-27,-1.89,20268245,20268245,5200,3835,5200,3835,DATA
2026-07-27,-0.04,19688560,19688560,23390,839,23390,839,DATA
2026-07-27,-1.92,306000,306000,51000,6,51000,6,DATA
2026-07-27,-4.28,902530,902530,1900,475,1900,475,Bernabe
2026-07-27,5.83,77165210,77165210,10795,7319,10795,7319,BOA_CI
2026-07-27,0.7,38255565,38255565,7900,4860,7900,4860,DATA
2026-07-27,-0.94,37323685,37323685,5250,7161,5250,7161,DATA
2026-07-27,-2.09,1814480,1814480,4215,424,4215,424,LNBB
2026-07-27,-4.46,39410425,39410425,5350,7257,5350,7257,DATA
2026-07-27,0.04,48628185,48628185,23200,2104,23200,2104,Sitab_ci
2026-07-27,-0.06,24864400,24864400,15990,1569,15990,1569,DATA
2026-07-27,1.33,2846075,2846075,2280,1271,2280,1271,DATA
2026-07-27,-0.5,13110055,13110055,1975,6628,1975,6628,Filtisac
2026-07-27,-0.36,12333150,12333150,2790,4478,2790,4478,DATA
2026-07-27,0.7,38255565,38255565,7900,4860,7900,4860,BOA_SN
2026-07-27,0.0,10285750,10285750,16725,616,16725,616,Orange ci
2026-07-27,3.09,156603275,156603275,7850,19484,7850,19484,DATA
2026-07-27,0.33,3658440,3658440,1520,2429,1520,2429,SEMC
2026-07-27,-1.33,10015720,10015720,3700,2698,3700,2698,Total senegal
2026-07-27,-0.6,4643380,4643380,1670,2763,1670,2763,DATA
2026-07-27,-3.5,40186165,40186165,6900,5675,6900,5675,BOA_BF
2026-07-27,-3.82,8165435,8165435,3650,2196,3650,2196,DATA
2026-07-27,-0.64,22350350,22350350,8545,2605,8545,2605,BOA_BENIN
2026-07-27,1.33,2846075,2846075,2280,1271,2280,1271,NEI-CEDA
2026-07-27,0.04,48628185,48628185,23200,2104,23200,2104,DATA
2026-07-27,-3.62,23052780,23052780,2660,8573,2660,8573,DATA
2026-07-27,-0.46,13659520,13659520,8660,1571,8660,1571,Palm ci
2026-07-27,3.77,660100,660100,5500,131,5500,131,DATA
2026-07-27,-0.06,24864400,24864400,15990,1569,15990,1569,SMBC
2026-07-27,-1.54,298127920,298127920,31010,9508,31010,9508,Sonatel
2026-07-27,0.0,8360310,8360310,16490,513,16490,513,Nestle
2026-07-27,-2.09,1814480,1814480,4215,424,4215,424,DATA
2026-07-27,0.26,145267830,145267830,38100,3804,38100,3804,SGB CI
2026-07-27,-0.64,4765010,4765010,3125,1523,3125,1523,Servair
2026-07-27,1.37,58940763,58940763,74,802471,74,802471,DATA
2026-07-27,-0.44,5200130,5200130,2240,2348,2240,2348,DATA
2026-07-27,-0.17,5879705,5879705,2990,1998,2990,1998,Total ci
2026-07-27,-1.3,1612775,1612775,4550,356,4550,356,Tractafric
2026-07-27,-3.5,40186165,40186165,6900,5675,6900,5675,DATA
2026-07-27,0.33,3658440,3658440,1520,2429,1520,2429,DATA
2026-07-27,6.49,49276985,49276985,1970,25581,1970,25581,DATA
2026-07-27,5.83,77165210,77165210,10795,7319,10795,7319,DATA
2026-07-27,-0.64,4765010,4765010,3125,1523,3125,1523,DATA
2026-07-27,0.74,16009210,16009210,2720,5909,2720,5909,ORAGROUP_TOGO
2026-07-27,-0.64,22350350,22350350,8545,2605,8545,2605,DATA
2026-07-27,1.57,44878950,44878950,3550,12813,3550,12813,Sucrivoire
2026-07-27,-1.89,20268245,20268245,5200,3835,5200,3835,CIE CI
2026-07-27,-1.46,123650110,123650110,8100,15144,8100,15144,SOGB
2026-07-27,-0.03,30677580,30677580,16240,1894,16240,1894,ECOBANK_CI
2026-07-27,1.57,44878950,44878950,3550,12813,3550,12813,DATA
2026-07-27,-0.21,28532800,28532800,4740,6120,4740,6120,SAFCA
2026-07-27,-7.4,15301305,15301305,2690,5480,2690,5480,DATA
2026-07-27,-2.63,14240530,14240530,7400,1902,7400,1902,DATA
2026-07-27,0.3,8361850,8361850,27080,308,27080,308,DATA
2026-07-27,0.01,82306520,82306520,39500,2087,39500,2087,DATA
2026-07-27,0.01,82306520,82306520,39500,2087,39500,2087,Solibra
2026-07-27,-3.62,23052780,23052780,2660,8573,2660,8573,AGL
2026-07-27,-0.94,37323685,37323685,5250,7161,5250,7161,BOA_NIGER
2026-07-27,-3.87,5670520,5670520,2110,2607,2110,2607,DATA
2026-07-27,0.3,8361850,8361850,27080,308,27080,308,CORIS_BANK
2026-07-27,1.4,24156670,24156670,28700,845,28700,845,DATA
2026-07-27,1.37,58940763,58940763,74,802471,74,802471,ETIT
2026-07-27,-3.82,8165435,8165435,3650,2196,3650,2196,Sicable
2026-07-27,-1.54,298127920,298127920,31010,9508,31010,9508,DATA
2026-07-27,-4.46,39410425,39410425,5350,7257,5350,7257,BOA_MALI
2026-07-27,-0.46,13659520,13659520,8660,1571,8660,1571,DATA
2026-07-27,-0.04,19688560,19688560,23390,839,23390,839,NSIA
2026-07-27,-0.5,13110055,13110055,1975,6628,1975,6628,DATA
2026-07-27,-0.17,5879705,5879705,2990,1998,2990,1998,DATA
2026-07-27,2.25,46697210,46697210,9100,5201,9100,5201,SIBC
2026-07-27,-0.21,28532800,28532800,4740,6120,4740,6120,DATA
2026-07-27,3.77,660100,660100,5500,131,5500,131,Sicor_ci
2026-07-27,-1.46,123650110,123650110,8100,15144,8100,15144,DATA
2026-07-27,6.49,49276985,49276985,1970,25581,1970,25581,Uniwax
2026-07-27,0.26,145267830,145267830,38100,3804,38100,3804,DATA
2026-07-27,-0.03,30677580,30677580,16240,1894,16240,1894,DATA
2026-07-27,1.4,24156670,24156670,28700,845,28700,845,BICC
2026-07-27,-0.44,5200130,5200130,2240,2348,2240,2348,Erium ci
2026-07-27,-0.36,12333150,12333150,2790,4478,2790,4478,Onatel bf
2026-07-27,3.09,156603275,156603275,7850,19484,7850,19484,BICB
2026-07-28,-0.02,145577115,145577115,31005,4654,31005,4654,Sonatel
2026-07-28,-3.18,81494745,81494745,7600,10419,7600,10419,BICB
2026-07-28,0.03,71217825,71217825,16245,4385,16245,4385,DATA
2026-07-28,-0.8,4055790,4055790,3100,1312,3100,1312,Servair
2026-07-28,3.37,19292510,19292510,5375,3683,5375,3683,CIE CI
2026-07-28,0.0,3116195,3116195,2280,1396,2280,1396,NEI-CEDA
2026-07-28,-2.46,5734250,5734250,2185,2614,2185,2614,DATA
2026-07-28,0.06,8570360,8570360,16000,537,16000,537,SMBC
2026-07-28,0.44,27789470,27789470,27200,1022,27200,1022,DATA
2026-07-28,-1.32,2589765,2589765,1875,1365,1875,1365,DATA
2026-07-28,-0.86,43678200,43678200,23000,1892,23000,1892,DATA
2026-07-28,-1.35,17416305,17416305,3650,4799,3650,4799,DATA
2026-07-28,1.9,12772990,12772990,2150,6057,2150,6057,Vivo energy
2026-07-28,0.0,518213480,518213480,39500,13111,39500,13111,Solibra
2026-07-28,3.2,10716560,10716560,4350,2488,4350,2488,DATA
2026-07-28,0.0,9098855,9098855,23390,390,23390,390,NSIA
2026-07-28,-0.08,4920450,4920450,11930,418,11930,418,DATA
2026-07-28,3.37,19292510,19292510,5375,3683,5375,3683,DATA
2026-07-28,3.46,26260565,26260565,8380,3170,8380,3170,DATA
2026-07-28,5.95,13167185,13167185,2850,4634,2850,4634,Setao
2026-07-28,-1.27,8858360,8858360,1950,4613,1950,4613,DATA
2026-07-28,-0.6,1613625,1613625,1660,968,1660,968,Cfao
2026-07-28,-0.08,4920450,4920450,11930,418,11930,418,SODE CI
2026-07-28,0.63,11520750,11520750,28880,401,28880,401,BICC
2026-07-28,-0.75,27272175,27272175,2640,10474,2640,10474,DATA
2026-07-28,0.44,27789470,27789470,27200,1022,27200,1022,CORIS_BANK
2026-07-28,0.36,16034125,16034125,16550,979,16550,979,Nestle
2026-07-28,0.18,13853620,13853620,2795,5091,2795,5091,Onatel bf
2026-07-28,-0.29,81761515,81761515,8520,9616,8520,9616,BOA_BENIN
2026-07-28,0.33,44759350,44759350,3000,15015,3000,15015,DATA
2026-07-28,-1.21,10733760,10733760,4495,2507,4495,2507,Tractafric
2026-07-28,-0.6,1613625,1613625,1660,968,1660,968,DATA
2026-07-28,-6.76,128746149,128746149,69,1813321,69,1813321,DATA
2026-07-28,-1.32,8351275,8351275,1500,5656,1500,5656,SEMC
2026-07-28,0.0,26944970,26944970,16725,1615,16725,1615,Orange ci
2026-07-28,0.0,3116195,3116195,2280,1396,2280,1396,DATA
2026-07-28,3.46,26260565,26260565,8380,3170,8380,3170,SOGB
2026-07-28,0.06,8570360,8570360,16000,537,16000,537,DATA
2026-07-28,1.41,31444260,31444260,3600,8776,3600,8776,DATA
2026-07-28,1.92,718900,718900,51980,14,51980,14,Unilever
2026-07-28,0.0,518213480,518213480,39500,13111,39500,13111,DATA
2026-07-28,0.36,16034125,16034125,16550,979,16550,979,DATA
2026-07-28,-0.75,27272175,27272175,2640,10474,2640,10474,AGL
2026-07-28,1.1,11627130,11627130,2750,4255,2750,4255,ORAGROUP_TOGO
2026-07-28,1.37,4416945,4416945,3700,1184,3700,1184,Sicable
2026-07-28,0.93,49597855,49597855,10895,4563,10895,4563,BOA_CI
2026-07-28,2.86,58874720,58874720,5400,11322,5400,11322,DATA
2026-07-28,5.95,13167185,13167185,2850,4634,2850,4634,DATA
2026-07-28,0.03,71217825,71217825,16245,4385,16245,4385,ECOBANK_CI
2026-07-28,0.63,11520750,11520750,28880,401,28880,401,DATA
2026-07-28,-0.86,43678200,43678200,23000,1892,23000,1892,Sitab_ci
2026-07-28,0.93,49597855,49597855,10895,4563,10895,4563,DATA
2026-07-28,-1.27,8858360,8858360,1950,4613,1950,4613,Filtisac
2026-07-28,0.57,14848285,14848285,7945,1869,7945,1869,BOA_SN
2026-07-28,-0.29,81761515,81761515,8520,9616,8520,9616,DATA
2026-07-28,-3.18,81494745,81494745,7600,10419,7600,10419,DATA
2026-07-28,-1.02,20653705,20653705,1950,10900,1950,10900,DATA
2026-07-28,1.62,17898465,17898465,8800,2041,8800,2041,Palm ci
2026-07-28,1.37,4416945,4416945,3700,1184,3700,1184,DATA
2026-07-28,5.17,37930440,37930440,4985,7800,4985,7800,SAFCA
2026-07-28,-1.32,2589765,2589765,1875,1365,1875,1365,Bernabe
2026-07-28,-0.39,274586550,274586550,37950,7204,37950,7204,DATA
2026-07-28,1.92,718900,718900,51980,14,51980,14,DATA
2026-07-28,-2.46,5734250,5734250,2185,2614,2185,2614,Erium ci
2026-07-28,0.0,26944970,26944970,16725,1615,16725,1615,DATA
2026-07-28,5.23,44623150,44623150,5630,8125,5630,8125,DATA
2026-07-28,7.27,88505,88505,5900,15,5900,15,Sicor_ci
2026-07-28,5.17,37930440,37930440,4985,7800,4985,7800,DATA
2026-07-28,0.0,28655200,28655200,9100,3150,9100,3150,DATA
2026-07-28,0.0,28655200,28655200,9100,3150,9100,3150,SIBC
2026-07-28,1.35,5592135,5592135,7500,754,7500,754,Saph
2026-07-28,-6.76,128746149,128746149,69,1813321,69,1813321,ETIT
2026-07-28,1.62,17898465,17898465,8800,2041,8800,2041,DATA
2026-07-28,-0.39,274586550,274586550,37950,7204,37950,7204,SGB CI
2026-07-28,2.86,58874720,58874720,5400,11322,5400,11322,BOA_NIGER
2026-07-28,1.1,11627130,11627130,2750,4255,2750,4255,DATA
2026-07-28,3.55,10067725,10067725,7145,1419,7145,1419,BOA_BF
2026-07-28,0.33,44759350,44759350,3000,15015,3000,15015,Total ci
2026-07-28,5.23,44623150,44623150,5630,8125,5630,8125,BOA_MALI
2026-07-28,0.0,9098855,9098855,23390,390,23390,390,DATA
2026-07-28,0.57,14848285,14848285,7945,1869,7945,1869,DATA
2026-07-28,-1.02,20653705,20653705,1950,10900,1950,10900,Uniwax
2026-07-28,3.2,10716560,10716560,4350,2488,4350,2488,LNBB
2026-07-28,3.55,10067725,10067725,7145,1419,7145,1419,DATA
2026-07-28,7.27,88505,88505,5900,15,5900,15,DATA
2026-07-28,-1.32,8351275,8351275,1500,5656,1500,5656,DATA
2026-07-28,-0.8,4055790,4055790,3100,1312,3100,1312,DATA
2026-07-28,-0.02,145577115,145577115,31005,4654,31005,4654,DATA
2026-07-28,1.35,5592135,5592135,7500,754,7500,754,DATA
2026-07-28,0.18,13853620,13853620,2795,5091,2795,5091,DATA
2026-07-28,1.9,12772990,12772990,2150,6057,2150,6057,DATA
2026-07-28,1.41,31444260,31444260,3600,8776,3600,8776,Sucrivoire
2026-07-28,-1.21,10733760,10733760,4495,2507,4495,2507,DATA
2026-07-28,-1.35,17416305,17416305,3650,4799,3650,4799,Total senegal
2026-07-29,2.5,24858420,24858420,9020,2770,9020,2770,DATA
2026-07-29,7.46,405760,405760,6340,64,6340,64,Sicor_ci
2026-07-29,-0.63,17856050,17856050,7100,2516,7100,2516,DATA
2026-07-29,1.03,4279545,4279545,1970,2169,1970,2169,DATA
2026-07-29,0.69,11036520,11036520,2200,5018,2200,5018,DATA
2026-07-29,-0.18,33137975,33137975,2845,11650,2845,11650,DATA
2026-07-29,2.09,9286285,9286285,2195,4364,2195,4364,DATA
2026-07-29,7.42,65788995,65788995,5355,12625,5355,12625,DATA
2026-07-29,-2.31,6141955,6141955,1905,3225,1905,3225,Uniwax
2026-07-29,-0.95,27268190,27268190,8300,3309,8300,3309,DATA
2026-07-29,-2.58,6642985,6642985,3020,2175,3020,2175,Servair
2026-07-29,1.65,29489980,29489980,9250,3226,9250,3226,SIBC
2026-07-29,-7.25,170200267,170200267,64,2659250,64,2659250,ETIT
2026-07-29,7.42,65788995,65788995,5355,12625,5355,12625,SAFCA
2026-07-29,-0.27,7682210,7682210,7480,1025,7480,1025,DATA
2026-07-29,1.32,38955190,38955190,7700,5081,7700,5081,BICB
2026-07-29,-1.24,20677730,20677730,23100,890,23100,890,NSIA
2026-07-29,0.0,5680705,5680705,4350,1306,4350,1306,DATA
2026-07-29,-2.58,6642985,6642985,3020,2175,3020,2175,DATA
2026-07-29,0.8,69299990,69299990,5675,12275,5675,12275,BOA_MALI
2026-07-29,7.45,24400350,24400350,2955,8261,2955,8261,ORAGROUP_TOGO
2026-07-29,-4.56,66470305,66470305,37700,1750,37700,1750,DATA
2026-07-29,-0.95,27268190,27268190,8300,3309,8300,3309,SOGB
2026-07-29,-3.26,33911605,33911605,5200,6487,5200,6487,CIE CI
2026-07-29,2.75,84578640,84578640,11195,7716,11195,7716,DATA
2026-07-29,2.05,37019825,37019825,8695,4302,8695,4302,DATA
2026-07-29,-7.25,170200267,170200267,64,2659250,64,2659250,DATA
2026-07-29,-5.0,8542590,8542590,1425,5915,1425,5915,DATA
2026-07-29,2.92,37844190,37844190,27995,1386,27995,1386,DATA
2026-07-29,-2.31,6141955,6141955,1905,3225,1905,3225,DATA
2026-07-29,1.22,3499090,3499090,4550,793,4550,793,Tractafric
2026-07-29,0.0,1303200,1303200,1875,692,1875,692,Bernabe
2026-07-29,0.0,36761530,36761530,28880,1276,28880,1276,BICC
2026-07-29,-0.33,15565330,15565330,2990,5236,2990,5236,DATA
2026-07-29,-0.06,41826660,41826660,16235,2573,16235,2573,ECOBANK_CI
2026-07-29,1.97,14512805,14512805,2850,5162,2850,5162,Onatel bf
2026-07-29,-0.33,15565330,15565330,2990,5236,2990,5236,Total ci
2026-07-29,-2.04,35789115,35789115,5290,6667,5290,6667,BOA_NIGER
2026-07-29,4.72,19304355,19304355,3770,5133,3770,5133,DATA
2026-07-29,2.92,37844190,37844190,27995,1386,27995,1386,CORIS_BANK
2026-07-29,0.13,265291875,265291875,38000,6972,38000,6972,DATA
2026-07-29,0.69,11036520,11036520,2200,5018,2200,5018,Erium ci
2026-07-29,-4.56,66470305,66470305,37700,1750,37700,1750,Solibra
2026-07-29,0.13,265291875,265291875,38000,6972,38000,6972,SGB CI
2026-07-29,4.72,19304355,19304355,3770,5133,3770,5133,Sucrivoire
2026-07-29,1.32,38955190,38955190,7700,5081,7700,5081,DATA
2026-07-29,-0.02,45843570,45843570,22995,2000,22995,2000,Sitab_ci
2026-07-29,0.0,14657385,14657385,16000,917,16000,917,DATA
2026-07-29,-5.0,8542590,8542590,1425,5915,1425,5915,SEMC
2026-07-29,0.0,36761530,36761530,28880,1276,28880,1276,DATA
2026-07-29,1.52,19621735,19621735,2680,7423,2680,7423,AGL
2026-07-29,7.49,1524835,1524835,55875,28,55875,28,Unilever
2026-07-29,-0.63,17856050,17856050,7100,2516,7100,2516,BOA_BF
2026-07-29,-2.04,35789115,35789115,5290,6667,5290,6667,DATA
2026-07-29,7.49,1524835,1524835,55875,28,55875,28,DATA
2026-07-29,-0.27,7629240,7629240,16505,460,16505,460,DATA
2026-07-29,7.45,24400350,24400350,2955,8261,2955,8261,DATA
2026-07-29,0.0,1303200,1303200,1875,692,1875,692,DATA
2026-07-29,0.15,24822380,24822380,16750,1482,16750,1482,Orange ci
2026-07-29,-0.68,11862620,11862620,3625,3305,3625,3305,Total senegal
2026-07-29,1.97,14512805,14512805,2850,5162,2850,5162,DATA
2026-07-29,0.0,5680705,5680705,4350,1306,4350,1306,LNBB
2026-07-29,-0.06,41826660,41826660,16235,2573,16235,2573,DATA
2026-07-29,0.44,1590090,1590090,2290,696,2290,696,NEI-CEDA
2026-07-29,1.22,3499090,3499090,4550,793,4550,793,DATA
2026-07-29,7.46,405760,405760,6340,64,6340,64,DATA
2026-07-29,-0.02,45843570,45843570,22995,2000,22995,2000,DATA
2026-07-29,-0.68,11862620,11862620,3625,3305,3625,3305,DATA
2026-07-29,0.25,31690205,31690205,7965,3983,7965,3983,DATA
2026-07-29,0.0,14657385,14657385,16000,917,16000,917,SMBC
2026-07-29,-2.7,9051395,9051395,3600,2489,3600,2489,Sicable
2026-07-29,-1.24,20677730,20677730,23100,890,23100,890,DATA
2026-07-29,2.09,9286285,9286285,2195,4364,2195,4364,Vivo energy
2026-07-29,-0.02,488417850,488417850,31000,15736,31000,15736,Sonatel
2026-07-29,1.03,4279545,4279545,1970,2169,1970,2169,Filtisac
2026-07-29,-0.02,488417850,488417850,31000,15736,31000,15736,DATA
2026-07-29,-3.26,33911605,33911605,5200,6487,5200,6487,DATA
2026-07-29,2.05,37019825,37019825,8695,4302,8695,4302,BOA_BENIN
2026-07-29,0.25,31690205,31690205,7965,3983,7965,3983,BOA_SN
2026-07-29,-3.01,4878855,4878855,1610,2941,1610,2941,Cfao
2026-07-29,2.75,84578640,84578640,11195,7716,11195,7716,BOA_CI
2026-07-29,-2.7,9051395,9051395,3600,2489,3600,2489,DATA
2026-07-29,1.65,29489980,29489980,9250,3226,9250,3226,DATA
2026-07-29,0.44,1590090,1590090,2290,696,2290,696,DATA
2026-07-29,-0.27,7629240,7629240,16505,460,16505,460,Nestle
2026-07-29,-0.18,33137975,33137975,2845,11650,2845,11650,Setao
2026-07-29,0.8,69299990,69299990,5675,12275,5675,12275,DATA
2026-07-29,2.5,24858420,24858420,9020,2770,9020,2770,Palm ci
2026-07-29,-0.27,7682210,7682210,7480,1025,7480,1025,Saph
2026-07-29,-3.01,4878855,4878855,1610,2941,1610,2941,DATA
2026-07-29,-1.09,8850250,8850250,11800,747,11800,747,DATA
2026-07-29,1.52,19621735,19621735,2680,7423,2680,7423,DATA
2026-07-29,-1.09,8850250,8850250,11800,747,11800,747,SODE CI
2026-07-29,0.15,24822380,24822380,16750,1482,16750,1482,DATA
2026-07-30,0.44,6750980,6750980,2300,2960,2300,2960,NEI-CEDA
2026-07-30,-0.26,7709620,7709620,1900,4076,1900,4076,DATA
2026-07-30,0.69,8223565,8223565,3650,2283,3650,2283,DATA
2026-07-30,6.25,96149671,96149671,68,1520546,68,1520546,ETIT
2026-07-30,0.23,9947035,9947035,2200,4691,2200,4691,Vivo energy
2026-07-30,0.45,32366170,32366170,23205,1395,23205,1395,NSIA
2026-07-30,-0.26,7709620,7709620,1900,4076,1900,4076,Uniwax
2026-07-30,-0.26,22817280,22817280,5660,4027,5660,4027,BOA_MALI
2026-07-30,-0.07,10622575,10622575,7475,1430,7475,1430,Saph
2026-07-30,-1.3,114525395,114525395,7600,15134,7600,15134,BICB
2026-07-30,-0.66,4293970,4293970,4520,945,4520,945,DATA
2026-07-30,-3.53,146837985,146837985,10800,13384,10800,13384,BOA_CI
2026-07-30,0.0,27271410,27271410,4350,6266,4350,6266,LNBB
2026-07-30,0.0,25721260,25721260,7100,3635,7100,3635,BOA_BF
2026-07-30,0.8,34207630,34207630,3800,8934,3800,8934,DATA
2026-07-30,0.06,15571660,15571660,16760,926,16760,926,Orange ci
2026-07-30,0.42,17033530,17033530,29000,589,29000,589,BICC
2026-07-30,-3.05,7555175,7555175,1910,3898,1910,3898,Filtisac
2026-07-30,0.0,15382915,15382915,5290,2912,5290,2912,BOA_NIGER
2026-07-30,-4.66,22254490,22254490,8600,2532,8600,2532,Palm ci
2026-07-30,1.52,38288315,38288315,3000,12659,3000,12659,ORAGROUP_TOGO
2026-07-30,-1.58,5893380,5893380,2805,2105,2805,2105,Onatel bf
2026-07-30,-7.36,24964070,24964070,2770,8892,2770,8892,DATA
2026-07-30,-0.23,3843985,3843985,2195,1750,2195,1750,Erium ci
2026-07-30,0.75,20711985,20711985,2700,7750,2700,7750,AGL
2026-07-30,0.0,26010690,26010690,16235,1602,16235,1602,ECOBANK_CI
2026-07-30,-2.8,99055495,99055495,5205,19464,5205,19464,SAFCA
2026-07-30,-3.36,215585,215585,54000,4,54000,4,Unilever
2026-07-30,0.06,26611985,26611985,8700,3066,8700,3066,BOA_BENIN
2026-07-30,0.0,2983500,2983500,16505,180,16505,180,Nestle
2026-07-30,-3.36,215585,215585,54000,4,54000,4,DATA
2026-07-30,-3.33,61105950,61105950,7700,7928,7700,7928,BOA_SN
2026-07-30,0.23,9947035,9947035,2200,4691,2200,4691,DATA
2026-07-30,3.11,1567620,1567620,1660,947,1660,947,Cfao
2026-07-30,-3.85,47107570,47107570,5000,9344,5000,9344,CIE CI
2026-07-30,5.26,5053345,5053345,1500,3398,1500,3398,SEMC
2026-07-30,0.0,26010690,26010690,16235,1602,16235,1602,DATA
2026-07-30,-1.27,11405600,11405600,11650,973,11650,973,SODE CI
2026-07-30,0.27,2145565,2145565,1880,1137,1880,1137,Bernabe
2026-07-30,0.75,20711985,20711985,2700,7750,2700,7750,DATA
2026-07-30,0.44,6750980,6750980,2300,2960,2300,2960,DATA
2026-07-30,3.11,1567620,1567620,1660,947,1660,947,DATA
2026-07-30,-5.76,1075900,1075900,5975,172,5975,172,DATA
2026-07-30,5.26,5053345,5053345,1500,3398,1500,3398,DATA
2026-07-30,-1.58,8286595,8286595,2800,2966,2800,2966,Setao
2026-07-30,-0.07,10622575,10622575,7475,1430,7475,1430,DATA
2026-07-30,-2.41,21134375,21134375,8100,2563,8100,2563,SOGB
2026-07-30,5.28,6743320,6743320,39690,171,39690,171,Solibra
2026-07-30,-1.27,11405600,11405600,11650,973,11650,973,DATA
2026-07-30,0.0,282375400,282375400,31000,9126,31000,9126,DATA
2026-07-30,-2.41,21134375,21134375,8100,2563,8100,2563,DATA
2026-07-30,0.0,2983500,2983500,16505,180,16505,180,DATA
2026-07-30,-3.53,146837985,146837985,10800,13384,10800,13384,DATA
2026-07-30,-2.78,17788405,17788405,3500,4997,3500,4997,Sicable
2026-07-30,-5.76,1075900,1075900,5975,172,5975,172,Sicor_ci
2026-07-30,-2.0,33319350,33319350,15680,2112,15680,2112,DATA
2026-07-30,-7.36,24964070,24964070,2770,8892,2770,8892,Total ci
2026-07-30,0.0,168116370,168116370,38000,4422,38000,4422,SGB CI
2026-07-30,6.25,96149671,96149671,68,1520546,68,1520546,DATA
2026-07-30,-3.05,7555175,7555175,1910,3898,1910,3898,DATA
2026-07-30,-1.3,114525395,114525395,7600,15134,7600,15134,DATA
2026-07-30,-2.78,17788405,17788405,3500,4997,3500,4997,DATA
2026-07-30,-5.95,45517260,45517260,8700,5051,8700,5051,DATA
2026-07-30,0.0,27271410,27271410,4350,6266,4350,6266,DATA
2026-07-30,-3.85,47107570,47107570,5000,9344,5000,9344,DATA
2026-07-30,0.89,81782460,81782460,23200,3533,23200,3533,DATA
2026-07-30,0.27,2145565,2145565,1880,1137,1880,1137,DATA
2026-07-30,0.42,17033530,17033530,29000,589,29000,589,DATA
2026-07-30,-5.95,45517260,45517260,8700,5051,8700,5051,SIBC
2026-07-30,0.0,168116370,168116370,38000,4422,38000,4422,DATA
2026-07-30,0.06,26611985,26611985,8700,3066,8700,3066,DATA
2026-07-30,-1.58,8286595,8286595,2800,2966,2800,2966,DATA
2026-07-30,-0.66,19079185,19079185,3000,6722,3000,6722,DATA
2026-07-30,-2.8,99055495,99055495,5205,19464,5205,19464,DATA
2026-07-30,0.0,25721260,25721260,7100,3635,7100,3635,DATA
2026-07-30,-0.23,3843985,3843985,2195,1750,2195,1750,DATA
2026-07-30,-1.58,5893380,5893380,2805,2105,2805,2105,DATA
2026-07-30,1.52,38288315,38288315,3000,12659,3000,12659,DATA
2026-07-30,0.0,15382915,15382915,5290,2912,5290,2912,DATA
2026-07-30,0.89,81782460,81782460,23200,3533,23200,3533,Sitab_ci
2026-07-30,-0.66,19079185,19079185,3000,6722,3000,6722,Servair
2026-07-30,-3.33,61105950,61105950,7700,7928,7700,7928,DATA
2026-07-30,-1.05,21323995,21323995,27700,768,27700,768,DATA
2026-07-30,-0.26,22817280,22817280,5660,4027,5660,4027,DATA
2026-07-30,-2.0,33319350,33319350,15680,2112,15680,2112,SMBC
2026-07-30,0.45,32366170,32366170,23205,1395,23205,1395,DATA
2026-07-30,-1.05,21323995,21323995,27700,768,27700,768,CORIS_BANK
2026-07-30,5.28,6743320,6743320,39690,171,39690,171,DATA
2026-07-30,0.8,34207630,34207630,3800,8934,3800,8934,Sucrivoire
2026-07-30,0.06,15571660,15571660,16760,926,16760,926,DATA
2026-07-30,0.69,8223565,8223565,3650,2283,3650,2283,Total senegal
2026-07-30,-4.66,22254490,22254490,8600,2532,8600,2532,DATA
2026-07-30,0.0,282375400,282375400,31000,9126,31000,9126,Sonatel
2026-07-30,-0.66,4293970,4293970,4520,945,4520,945,Tractafric
2026-07-31,0.0,82568960,82568960,38000,2172,38000,2172,DATA
2026-07-31,3.45,84390410,84390410,9000,9484,9000,9484,SIBC
2026-07-31,2.37,19059045,19059045,1945,10059,1945,10059,DATA
2026-07-31,0.0,4538300,4538300,2200,2141,2200,2141,Vivo energy
2026-07-31,-1.14,12759940,12759940,28670,439,28670,439,DATA
2026-07-31,0.0,29968225,29968225,5000,5873,5000,5873,DATA
2026-07-31,3.14,1685685,1685685,1970,861,1970,861,Filtisac
2026-07-31,0.0,151753950,151753950,23200,6503,23200,6503,Sitab_ci
2026-07-31,1.2,8015620,8015620,7565,1066,7565,1066,Saph
2026-07-31,3.43,18282490,18282490,24000,775,24000,775,NSIA
2026-07-31,0.23,12989650,12989650,2200,5877,2200,5877,Erium ci
2026-07-31,1.17,28105750,28105750,7790,3612,7790,3612,DATA
2026-07-31,3.45,84390410,84390410,9000,9484,9000,9484,DATA
2026-07-31,0.0,30609840,30609840,5290,5875,5290,5875,DATA
2026-07-31,3.45,4782700,4782700,4500,1094,4500,1094,DATA
2026-07-31,1.17,28105750,28105750,7790,3612,7790,3612,BOA_SN
2026-07-31,0.0,36042400,36042400,3500,10266,3500,10266,DATA
2026-07-31,0.0,94556805,94556805,31000,3054,31000,3054,Sonatel
2026-07-31,7.11,499200,499200,6400,78,6400,78,Sicor_ci
2026-07-31,-0.2,86033510,86033510,7585,11408,7585,11408,DATA
2026-07-31,0.0,46181035,46181035,7100,6458,7100,6458,BOA_BF
2026-07-31,4.67,19704635,19704635,3140,6342,3140,6342,DATA
2026-07-31,3.14,1685685,1685685,1970,861,1970,861,DATA
2026-07-31,-5.56,213000,213000,51000,4,51000,4,DATA
2026-07-31,7.11,499200,499200,6400,78,6400,78,DATA
2026-07-31,0.14,6419350,6419350,3655,1779,3655,1779,Total senegal
2026-07-31,-1.44,16178845,16178845,5130,3153,5130,3153,DATA
2026-07-31,3.45,4782700,4782700,4500,1094,4500,1094,LNBB
2026-07-31,0.0,30609840,30609840,5290,5875,5290,5875,BOA_NIGER
2026-07-31,-1.44,16178845,16178845,5130,3153,5130,3153,SAFCA
2026-07-31,0.0,23837340,23837340,8700,2740,8700,2740,DATA
2026-07-31,1.2,8015620,8015620,7565,1066,7565,1066,DATA
2026-07-31,1.4,30126445,30126445,16995,1793,16995,1793,Orange ci
2026-07-31,-1.0,3520580,3520580,1485,2355,1485,2355,DATA
2026-07-31,-4.08,19894465,19894465,3645,5370,3645,5370,Sucrivoire
2026-07-31,-0.87,2875905,2875905,2280,1257,2280,1257,NEI-CEDA
2026-07-31,0.0,46181035,46181035,7100,6458,7100,6458,DATA
2026-07-31,0.3,4863825,4863825,1665,2926,1665,2926,DATA
2026-07-31,0.53,698550,698550,1890,371,1890,371,Bernabe
2026-07-31,2.37,19059045,19059045,1945,10059,1945,10059,Uniwax
2026-07-31,0.14,55834080,55834080,10815,5074,10815,5074,BOA_CI
2026-07-31,3.43,18282490,18282490,24000,775,24000,775,DATA
2026-07-31,-0.37,37197795,37197795,2690,13855,2690,13855,AGL
2026-07-31,-0.03,30978325,30978325,16230,1910,16230,1910,ECOBANK_CI
2026-07-31,0.09,30031805,30031805,5665,5309,5665,5309,BOA_MALI
2026-07-31,-2.94,194453823,194453823,66,2817309,66,2817309,ETIT
2026-07-31,-0.87,2875905,2875905,2280,1257,2280,1257,DATA
2026-07-31,0.0,7608510,7608510,3000,2550,3000,2550,DATA
2026-07-31,-1.18,58475555,58475555,15495,3767,15495,3767,SMBC
2026-07-31,0.09,30031805,30031805,5665,5309,5665,5309,DATA
2026-07-31,0.0,36042400,36042400,3500,10266,3500,10266,Sicable
2026-07-31,-0.03,5881245,5881245,16500,356,16500,356,DATA
2026-07-31,0.0,23837340,23837340,8700,2740,8700,2740,BOA_BENIN
2026-07-31,7.4,6494700,6494700,2975,2184,2975,2184,Total ci
2026-07-31,0.14,55834080,55834080,10815,5074,10815,5074,DATA
2026-07-31,0.0,4538300,4538300,2200,2141,2200,2141,DATA
2026-07-31,-4.29,18083390,18083390,2680,6520,2680,6520,DATA
2026-07-31,1.4,30126445,30126445,16995,1793,16995,1793,DATA
2026-07-31,-0.03,5881245,5881245,16500,356,16500,356,Nestle
2026-07-31,4.65,23058930,23058930,9000,2606,9000,2606,Palm ci
2026-07-31,4.65,23058930,23058930,9000,2606,9000,2606,DATA
2026-07-31,2.15,3601685,3601685,11900,305,11900,305,SODE CI
2026-07-31,0.0,94556805,94556805,31000,3054,31000,3054,DATA
2026-07-31,6.77,14778660,14778660,2995,5108,2995,5108,DATA
2026-07-31,4.67,19704635,19704635,3140,6342,3140,6342,ORAGROUP_TOGO
2026-07-31,-1.14,12759940,12759940,28670,439,28670,439,BICC
2026-07-31,-0.11,928875,928875,4515,206,4515,206,Tractafric
2026-07-31,0.23,12989650,12989650,2200,5877,2200,5877,DATA
2026-07-31,1.08,36194750,36194750,28000,1293,28000,1293,CORIS_BANK
2026-07-31,0.0,29968225,29968225,5000,5873,5000,5873,CIE CI
2026-07-31,0.0,151753950,151753950,23200,6503,23200,6503,DATA
2026-07-31,-4.89,85496840,85496840,37750,2246,37750,2246,Solibra
2026-07-31,0.3,4863825,4863825,1665,2926,1665,2926,Cfao
2026-07-31,-0.11,928875,928875,4515,206,4515,206,DATA
2026-07-31,-2.94,194453823,194453823,66,2817309,66,2817309,DATA
2026-07-31,-4.29,18083390,18083390,2680,6520,2680,6520,Setao
2026-07-31,-4.08,19894465,19894465,3645,5370,3645,5370,DATA
2026-07-31,-4.89,85496840,85496840,37750,2246,37750,2246,DATA
2026-07-31,2.53,38849985,38849985,8305,4773,8305,4773,DATA
2026-07-31,-5.56,213000,213000,51000,4,51000,4,Unilever
2026-07-31,0.0,7608510,7608510,3000,2550,3000,2550,Servair
2026-07-31,0.0,82568960,82568960,38000,2172,38000,2172,SGB CI
2026-07-31,-1.0,3520580,3520580,1485,2355,1485,2355,SEMC
2026-07-31,-1.18,58475555,58475555,15495,3767,15495,3767,DATA
2026-07-31,2.53,38849985,38849985,8305,4773,8305,4773,SOGB
2026-07-31,0.53,698550,698550,1890,371,1890,371,DATA
2026-07-31,-0.03,30978325,30978325,16230,1910,16230,1910,DATA
2026-07-31,7.4,6494700,6494700,2975,2184,2975,2184,DATA
2026-07-31,0.14,6419350,6419350,3655,1779,3655,1779,DATA
2026-07-31,2.15,3601685,3601685,11900,305,11900,305,DATA
2026-07-31,-0.2,86033510,86033510,7585,11408,7585,11408,BICB
2026-07-31,6.77,14778660,14778660,2995,5108,2995,5108,Onatel bf
2026-07-31,-0.37,37197795,37197795,2690,13855,2690,13855,DATA
2026-07-31,1.08,36194750,36194750,28000,1293,28000,1293,DATA
2026-08-03,0.03,19977320,19977320,17000,1175,17000,1175,Orange ci
2026-08-03,-0.13,35290850,35290850,37700,935,37700,935,Solibra
2026-08-03,2.12,4491440,4491440,1930,2336,1930,2336,Bernabe
2026-08-03,-2.53,94460915,94460915,5000,18854,5000,18854,SAFCA
2026-08-03,1.8,4504105,4504105,1695,2656,1695,2656,DATA
2026-08-03,-0.8,24239195,24239195,16100,1507,16100,1507,ECOBANK_CI
2026-08-03,1.41,28122710,28122710,7200,3920,7200,3920,DATA
2026-08-03,5.22,12942545,12942545,2820,4652,2820,4652,Setao
2026-08-03,-0.34,3411715,3411715,1480,2293,1480,2293,DATA
2026-08-03,1.8,4504105,4504105,1695,2656,1695,2656,Cfao
2026-08-03,-0.32,17408035,17408035,3130,5561,3130,5561,ORAGROUP_TOGO
2026-08-03,-2.31,13364080,13364080,1900,6968,1900,6968,Uniwax
2026-08-03,2.23,14408590,14408590,2750,5315,2750,5315,DATA
2026-08-03,2.23,14408590,14408590,2750,5315,2750,5315,AGL
2026-08-03,-0.71,17804605,17804605,5625,3155,5625,3155,BOA_MALI
2026-08-03,0.0,7958140,7958140,11900,669,11900,669,DATA
2026-08-03,0.0,1430370,1430370,2280,643,2280,643,DATA
2026-08-03,-0.33,8531950,8531950,2990,2842,2990,2842,DATA
2026-08-03,1.14,22275430,22275430,8400,2652,8400,2652,SOGB
2026-08-03,4.14,24149370,24149370,3645,6890,3645,6890,Sicable
2026-08-03,-0.86,30546335,30546335,7500,4030,7500,4030,DATA
2026-08-03,0.3,29199105,29199105,16550,1778,16550,1778,DATA
2026-08-03,-2.55,2030450,2030450,4400,458,4400,458,Tractafric
2026-08-03,4.95,62137310,62137310,11350,5608,11350,5608,DATA
2026-08-03,0.03,19977320,19977320,17000,1175,17000,1175,DATA
2026-08-03,-0.11,7478820,7478820,8990,831,8990,831,Palm ci
2026-08-03,5.68,13087845,13087845,2325,5795,2325,5795,Vivo energy
2026-08-03,-3.05,5902905,5902905,1910,3008,1910,3008,Filtisac
2026-08-03,-0.33,8531950,8531950,2990,2842,2990,2842,Servair
2026-08-03,3.38,54907945,54907945,23985,2331,23985,2331,Sitab_ci
2026-08-03,1.38,168039160,168039160,7690,22443,7690,22443,BICB
2026-08-03,-1.7,5408265,5408265,5200,1036,5200,1036,DATA
2026-08-03,-0.8,24239195,24239195,16100,1507,16100,1507,DATA
2026-08-03,1.41,28122710,28122710,7200,3920,7200,3920,BOA_BF
2026-08-03,-1.35,26158495,26158495,7685,3389,7685,3389,DATA
2026-08-03,-0.32,17408035,17408035,3130,5561,3130,5561,DATA
2026-08-03,0.0,316230750,316230750,31000,10204,31000,10204,DATA
2026-08-03,-0.17,8148415,8148415,2990,2793,2990,2793,DATA
2026-08-03,1.33,43179810,43179810,4560,9055,4560,9055,LNBB
2026-08-03,1.75,31206840,31206840,28490,1113,28490,1113,CORIS_BANK
2026-08-03,1.14,22275430,22275430,8400,2652,8400,2652,DATA
2026-08-03,-0.71,17804605,17804605,5625,3155,5625,3155,DATA
2026-08-03,0.0,32421490,32421490,5000,6428,5000,6428,CIE CI
2026-08-03,0.0,7454930,7454930,2200,3414,2200,3414,Erium ci
2026-08-03,0.0,316230750,316230750,31000,10204,31000,10204,Sonatel
2026-08-03,3.13,125525,125525,6600,19,6600,19,Sicor_ci
2026-08-03,0.5,21607395,21607395,2990,7265,2990,7265,DATA
2026-08-03,-0.34,3411715,3411715,1480,2293,1480,2293,SEMC
2026-08-03,-2.53,94460915,94460915,5000,18854,5000,18854,DATA
2026-08-03,4.55,57872695,57872695,69,836211,69,836211,ETIT
2026-08-03,0.0,7454930,7454930,2200,3414,2200,3414,DATA
2026-08-03,-0.13,35290850,35290850,37700,935,37700,935,DATA
2026-08-03,-0.11,7478820,7478820,8990,831,8990,831,DATA
2026-08-03,0.08,16657090,16657090,24020,688,24020,688,DATA
2026-08-03,1.51,17446865,17446865,3700,4780,3700,4780,Sucrivoire
2026-08-03,1.51,17446865,17446865,3700,4780,3700,4780,DATA
2026-08-03,0.0,1430370,1430370,2280,643,2280,643,NEI-CEDA
2026-08-03,4.95,62137310,62137310,11350,5608,11350,5608,BOA_CI
2026-08-03,0.03,30565320,30565320,15500,1972,15500,1972,SMBC
2026-08-03,-0.06,76149340,76149340,8695,8777,8695,8777,BOA_BENIN
2026-08-03,0.0,7520870,7520870,3655,2070,3655,2070,Total senegal
2026-08-03,0.5,21607395,21607395,2990,7265,2990,7265,Total ci
2026-08-03,-0.06,76149340,76149340,8695,8777,8695,8777,DATA
2026-08-03,1.38,168039160,168039160,7690,22443,7690,22443,DATA
2026-08-03,0.0,7958140,7958140,11900,669,11900,669,SODE CI
2026-08-03,-0.01,206368645,206368645,37995,5427,37995,5427,SGB CI
2026-08-03,-1.7,5408265,5408265,5200,1036,5200,1036,BOA_NIGER
2026-08-03,0.04,1927035,1927035,51020,37,51020,37,Unilever
2026-08-03,1.2,1651135,1651135,29015,57,29015,57,BICC
2026-08-03,-0.01,206368645,206368645,37995,5427,37995,5427,DATA
2026-08-03,-0.17,8148415,8148415,2990,2793,2990,2793,Onatel bf
2026-08-03,-1.35,26158495,26158495,7685,3389,7685,3389,BOA_SN
2026-08-03,-2.22,40946365,40946365,8800,4617,8800,4617,SIBC
2026-08-03,4.14,24149370,24149370,3645,6890,3645,6890,DATA
2026-08-03,-2.31,13364080,13364080,1900,6968,1900,6968,DATA
2026-08-03,1.33,43179810,43179810,4560,9055,4560,9055,DATA
2026-08-03,3.38,54907945,54907945,23985,2331,23985,2331,DATA
2026-08-03,-2.22,40946365,40946365,8800,4617,8800,4617,DATA
2026-08-03,0.0,7520870,7520870,3655,2070,3655,2070,DATA
2026-08-03,2.12,4491440,4491440,1930,2336,1930,2336,DATA
2026-08-03,1.2,1651135,1651135,29015,57,29015,57,DATA
2026-08-03,-0.86,30546335,30546335,7500,4030,7500,4030,Saph
2026-08-03,0.0,32421490,32421490,5000,6428,5000,6428,DATA
2026-08-03,-3.05,5902905,5902905,1910,3008,1910,3008,DATA
2026-08-03,4.55,57872695,57872695,69,836211,69,836211,DATA
2026-08-03,0.08,16657090,16657090,24020,688,24020,688,NSIA
2026-08-03,5.68,13087845,13087845,2325,5795,2325,5795,DATA
2026-08-03,1.75,31206840,31206840,28490,1113,28490,1113,DATA
2026-08-03,0.03,30565320,30565320,15500,1972,15500,1972,DATA
2026-08-03,-2.55,2030450,2030450,4400,458,4400,458,DATA
2026-08-03,0.3,29199105,29199105,16550,1778,16550,1778,Nestle
2026-08-03,5.22,12942545,12942545,2820,4652,2820,4652,DATA
2026-08-03,3.13,125525,125525,6600,19,6600,19,DATA
2026-08-03,0.04,1927035,1927035,51020,37,51020,37,DATA
2026-08-04,0.33,6751995,6751995,3000,2257,3000,2257,Servair
2026-08-04,-4.66,10090600,10090600,3475,2874,3475,2874,DATA
2026-08-04,-1.22,27294565,27294565,3655,7514,3655,7514,DATA
2026-08-04,-0.88,1990065,1990065,2260,891,2260,891,NEI-CEDA
2026-08-04,0.2,50766485,50766485,7700,6650,7700,6650,DATA
2026-08-04,1.29,2401664105,2401664105,31400,78663,31400,78663,DATA
2026-08-04,-1.22,27294565,27294565,3655,7514,3655,7514,Sucrivoire
2026-08-04,0.52,196727975,196727975,24110,8135,24110,8135,DATA
2026-08-04,5.68,122318590,122318590,9300,13314,9300,13314,DATA
2026-08-04,-0.11,5265230,5265230,8980,586,8980,586,DATA
2026-08-04,-0.67,13967205,13967205,28300,495,28300,495,DATA
2026-08-04,-4.24,8859185,8859185,3500,2450,3500,2450,DATA
2026-08-04,-0.08,104140875,104140875,37670,2793,37670,2793,DATA
2026-08-04,-0.29,15681330,15681330,23950,659,23950,659,DATA
2026-08-04,-1.67,5827225,5827225,2940,1986,2940,1986,DATA
2026-08-04,2.0,45095170,45095170,5100,8981,5100,8981,DATA
2026-08-04,-3.51,18966770,18966770,4400,4270,4400,4270,LNBB
2026-08-04,-4.24,8859185,8859185,3500,2450,3500,2450,Total senegal
2026-08-04,0.4,10312075,10312075,7530,1375,7530,1375,Saph
2026-08-04,0.64,19159855,19159855,3150,6080,3150,6080,DATA
2026-08-04,2.2,95151315,95151315,11600,8263,11600,8263,BOA_CI
2026-08-04,-3.51,18966770,18966770,4400,4270,4400,4270,DATA
2026-08-04,-0.1,26441585,26441585,4995,5299,4995,5299,CIE CI
2026-08-04,0.52,196727975,196727975,24110,8135,24110,8135,Sitab_ci
2026-08-04,7.5,2218065,2218065,7095,319,7095,319,DATA
2026-08-04,-7.45,34475035,34475035,2545,13544,2545,13544,AGL
2026-08-04,0.0,70837845,70837845,7690,9381,7690,9381,DATA
2026-08-04,3.14,6471595,6471595,1970,3316,1970,3316,Filtisac
2026-08-04,0.0,11246295,11246295,2325,4852,2325,4852,Vivo energy
2026-08-04,0.0,3242700,3242700,4400,769,4400,769,DATA
2026-08-04,-1.92,12736460,12736460,5100,2490,5100,2490,DATA
2026-08-04,0.62,103654760,103654760,16200,6408,16200,6408,DATA
2026-08-04,-0.11,5265230,5265230,8980,586,8980,586,Palm ci
2026-08-04,0.01,181295990,181295990,38000,4774,38000,4774,SGB CI
2026-08-04,-7.25,178229112,178229112,64,2726990,64,2726990,ETIT
2026-08-04,0.0,26599360,26599360,17000,1581,17000,1581,DATA
2026-08-04,-0.67,13967205,13967205,28300,495,28300,495,CORIS_BANK
2026-08-04,0.0,70837845,70837845,7690,9381,7690,9381,BICB
2026-08-04,7.21,654200,654200,54700,12,54700,12,DATA
2026-08-04,-0.05,26651295,26651295,29000,919,29000,919,BICC
2026-08-04,0.0,22656635,22656635,7200,3170,7200,3170,BOA_BF
2026-08-04,0.2,50766485,50766485,7700,6650,7700,6650,BOA_SN
2026-08-04,-0.62,16110965,16110965,5590,2883,5590,2883,DATA
2026-08-04,3.14,6471595,6471595,1970,3316,1970,3316,DATA
2026-08-04,-2.27,4906135,4906135,2150,2266,2150,2266,DATA
2026-08-04,1.29,154363510,154363510,15700,9908,15700,9908,SMBC
2026-08-04,-0.29,15681330,15681330,23950,659,23950,659,NSIA
2026-08-04,-1.92,12736460,12736460,5100,2490,5100,2490,BOA_NIGER
2026-08-04,0.01,181295990,181295990,38000,4774,38000,4774,DATA
2026-08-04,2.0,45095170,45095170,5100,8981,5100,8981,SAFCA
2026-08-04,-0.71,3846060,3846060,2800,1382,2800,1382,Setao
2026-08-04,7.21,654200,654200,54700,12,54700,12,Unilever
2026-08-04,-2.84,8060405,8060405,2905,2716,2905,2716,Total ci
2026-08-04,0.0,26599360,26599360,17000,1581,17000,1581,Orange ci
2026-08-04,0.0,3251380,3251380,1480,2188,1480,2188,DATA
2026-08-04,0.0,29926495,29926495,11900,2599,11900,2599,SODE CI
2026-08-04,-7.45,34475035,34475035,2545,13544,2545,13544,DATA
2026-08-04,0.29,39918290,39918290,8720,4589,8720,4589,DATA
2026-08-04,0.0,22656635,22656635,7200,3170,7200,3170,DATA
2026-08-04,-0.29,5253495,5253495,1690,3139,1690,3139,Cfao
2026-08-04,-0.29,5253495,5253495,1690,3139,1690,3139,DATA
2026-08-04,1.29,154363510,154363510,15700,9908,15700,9908,DATA
2026-08-04,-7.25,178229112,178229112,64,2726990,64,2726990,DATA
2026-08-04,-0.62,16110965,16110965,5590,2883,5590,2883,BOA_MALI
2026-08-04,0.91,15072410,15072410,16700,909,16700,909,Nestle
2026-08-04,0.0,11246295,11246295,2325,4852,2325,4852,DATA
2026-08-04,0.0,29926495,29926495,11900,2599,11900,2599,DATA
2026-08-04,0.33,6751995,6751995,3000,2257,3000,2257,DATA
2026-08-04,-0.71,3846060,3846060,2800,1382,2800,1382,DATA
2026-08-04,0.29,39918290,39918290,8720,4589,8720,4589,BOA_BENIN
2026-08-04,0.0,12320685,12320685,8400,1468,8400,1468,SOGB
2026-08-04,-4.66,10090600,10090600,3475,2874,3475,2874,Sicable
2026-08-04,-0.88,1990065,1990065,2260,891,2260,891,DATA
2026-08-04,0.0,3251380,3251380,1480,2188,1480,2188,SEMC
2026-08-04,-0.53,13170830,13170830,1890,7041,1890,7041,Uniwax
2026-08-04,0.62,103654760,103654760,16200,6408,16200,6408,ECOBANK_CI
2026-08-04,0.64,19159855,19159855,3150,6080,3150,6080,ORAGROUP_TOGO
2026-08-04,0.91,15072410,15072410,16700,909,16700,909,DATA
2026-08-04,-0.08,104140875,104140875,37670,2793,37670,2793,Solibra
2026-08-04,-1.67,5827225,5827225,2940,1986,2940,1986,Onatel bf
2026-08-04,-0.53,13170830,13170830,1890,7041,1890,7041,DATA
2026-08-04,0.0,3242700,3242700,4400,769,4400,769,Tractafric
2026-08-04,1.29,2401664105,2401664105,31400,78663,31400,78663,Sonatel
2026-08-04,2.2,95151315,95151315,11600,8263,11600,8263,DATA
2026-08-04,-0.1,26441585,26441585,4995,5299,4995,5299,DATA
2026-08-04,0.0,4616780,4616780,1930,2393,1930,2393,DATA
2026-08-04,-2.27,4906135,4906135,2150,2266,2150,2266,Erium ci
2026-08-04,5.68,122318590,122318590,9300,13314,9300,13314,SIBC
2026-08-04,0.0,4616780,4616780,1930,2393,1930,2393,Bernabe
2026-08-04,0.4,10312075,10312075,7530,1375,7530,1375,DATA
2026-08-04,-0.05,26651295,26651295,29000,919,29000,919,DATA
2026-08-04,0.0,12320685,12320685,8400,1468,8400,1468,DATA
2026-08-04,7.5,2218065,2218065,7095,319,7095,319,Sicor_ci
2026-08-04,-2.84,8060405,8060405,2905,2716,2905,2716,DATA
2026-08-05,1.02,11885960,11885960,1990,6025,1990,6025,DATA
2026-08-05,0.0,24691680,24691680,28300,874,28300,874,DATA
2026-08-05,-2.04,8290340,8290340,36900,221,36900,221,Solibra
2026-08-05,1.53,17771660,17771660,2985,6058,2985,6058,DATA
2026-08-05,0.0,4473695,4473695,2260,1983,2260,1983,DATA
2026-08-05,-0.23,40522895,40522895,8700,4658,8700,4658,BOA_BENIN
2026-08-05,-0.42,16409830,16409830,23850,688,23850,688,DATA
2026-08-05,-1.3,55084290,55084290,7600,7230,7600,7230,DATA
2026-08-05,-3.57,10622255,10622255,8100,1331,8100,1331,SOGB
2026-08-05,-2.27,7934655,7934655,4300,1866,4300,1866,DATA
2026-08-05,0.1,10248675,10248675,5000,2045,5000,2045,DATA
2026-08-05,-3.82,133644215,133644215,30200,4338,30200,4338,Sonatel
2026-08-05,0.0,6022130,6022130,1690,3668,1690,3668,DATA
2026-08-05,5.1,13275410,13275410,16500,807,16500,807,SMBC
2026-08-05,-1.23,25632505,25632505,16000,1590,16000,1590,DATA
2026-08-05,-3.49,10266275,10266275,2075,4894,2075,4894,DATA
2026-08-05,1.03,22290920,22290920,17175,1307,17175,1307,Orange ci
2026-08-05,0.0,4473695,4473695,2260,1983,2260,1983,NEI-CEDA
2026-08-05,-0.32,11658465,11658465,3140,3696,3140,3696,ORAGROUP_TOGO
2026-08-05,0.3,2435300,2435300,16750,146,16750,146,DATA
2026-08-05,1.53,17771660,17771660,2985,6058,2985,6058,Onatel bf
2026-08-05,-1.08,5564960,5564960,2300,2414,2300,2414,Vivo energy
2026-08-05,-7.47,35991755,35991755,2355,15283,2355,15283,AGL
2026-08-05,0.3,2435300,2435300,16750,146,16750,146,Nestle
2026-08-05,0.0,20556660,20556660,29000,709,29000,709,BICC
2026-08-05,-4.2,5708735,5708735,11400,487,11400,487,SODE CI
2026-08-05,0.0,85667076,85667076,64,1365222,64,1365222,DATA
2026-08-05,-2.47,43716085,43716085,7500,5754,7500,5754,BICB
2026-08-05,-0.42,16409830,16409830,23850,688,23850,688,NSIA
2026-08-05,0.93,7266300,7266300,7600,960,7600,960,DATA
2026-08-05,-4.2,5708735,5708735,11400,487,11400,487,DATA
2026-08-05,5.1,13275410,13275410,16500,807,16500,807,DATA
2026-08-05,-0.19,1797500,1797500,54595,33,54595,33,Unilever
2026-08-05,3.71,2425100,2425100,3630,681,3630,681,DATA
2026-08-05,0.72,3976175,3976175,3500,1139,3500,1139,Sicable
2026-08-05,-6.67,10201475,10201475,2800,3530,2800,3530,DATA
2026-08-05,0.26,10414335,10414335,1895,5591,1895,5591,Uniwax
2026-08-05,0.0,34553160,34553160,7200,4831,7200,4831,DATA
2026-08-05,-2.03,6429910,6429910,1450,4433,1450,4433,SEMC
2026-08-05,-2.03,6429910,6429910,1450,4433,1450,4433,DATA
2026-08-05,-1.96,24344655,24344655,5000,4879,5000,4879,SAFCA
2026-08-05,-0.19,1797500,1797500,54595,33,54595,33,DATA
2026-08-05,-1.23,25632505,25632505,16000,1590,16000,1590,ECOBANK_CI
2026-08-05,0.0,6022130,6022130,1690,3668,1690,3668,Cfao
2026-08-05,-7.47,35991755,35991755,2355,15283,2355,15283,DATA
2026-08-05,0.0,87082100,87082100,11600,7512,11600,7512,DATA
2026-08-05,2.58,3971600,3971600,2980,1345,2980,1345,Total ci
2026-08-05,-3.93,11600095,11600095,2690,4287,2690,4287,DATA
2026-08-05,-1.08,5564960,5564960,2300,2414,2300,2414,DATA
2026-08-05,-0.78,4074020,4074020,1915,2121,1915,2121,DATA
2026-08-05,-2.47,43716085,43716085,7500,5754,7500,5754,DATA
2026-08-05,-1.3,55084290,55084290,7600,7230,7600,7230,BOA_SN
2026-08-05,0.72,3976175,3976175,3500,1139,3500,1139,DATA
2026-08-05,-0.54,70067580,70067580,9250,7575,9250,7575,DATA
2026-08-05,3.71,2425100,2425100,3630,681,3630,681,Total senegal
2026-08-05,1.93,1244255,1244255,4485,283,4485,283,DATA
2026-08-05,0.93,7266300,7266300,7600,960,7600,960,Saph
2026-08-05,-0.09,15556145,15556145,5585,2790,5585,2790,BOA_MALI
2026-08-05,-0.54,70067580,70067580,9250,7575,9250,7575,SIBC
2026-08-05,0.0,20556660,20556660,29000,709,29000,709,DATA
2026-08-05,0.26,10414335,10414335,1895,5591,1895,5591,DATA
2026-08-05,-2.27,7934655,7934655,4300,1866,4300,1866,LNBB
2026-08-05,3.69,151110850,151110850,25000,6152,25000,6152,DATA
2026-08-05,-0.49,15928695,15928695,5075,3151,5075,3151,BOA_NIGER
2026-08-05,-0.23,40522895,40522895,8700,4658,8700,4658,DATA
2026-08-05,-0.25,119675915,119675915,37905,3149,37905,3149,DATA
2026-08-05,-0.25,119675915,119675915,37905,3149,37905,3149,SGB CI
2026-08-05,-3.93,11600095,11600095,2690,4287,2690,4287,Setao
2026-08-05,-0.14,528575,528575,7085,78,7085,78,DATA
2026-08-05,-0.09,15556145,15556145,5585,2790,5585,2790,DATA
2026-08-05,1.02,11885960,11885960,1990,6025,1990,6025,Filtisac
2026-08-05,-2.19,17643660,17643660,3575,4921,3575,4921,DATA
2026-08-05,1.03,22290920,22290920,17175,1307,17175,1307,DATA
2026-08-05,0.1,10248675,10248675,5000,2045,5000,2045,CIE CI
2026-08-05,3.69,151110850,151110850,25000,6152,25000,6152,Sitab_ci
2026-08-05,-0.78,4074020,4074020,1915,2121,1915,2121,Bernabe
2026-08-05,-6.67,10201475,10201475,2800,3530,2800,3530,Servair
2026-08-05,-2.04,8290340,8290340,36900,221,36900,221,DATA
2026-08-05,0.0,87082100,87082100,11600,7512,11600,7512,BOA_CI
2026-08-05,-0.49,15928695,15928695,5075,3151,5075,3151,DATA
2026-08-05,0.0,34553160,34553160,7200,4831,7200,4831,BOA_BF
2026-08-05,0.0,7539370,7539370,8980,840,8980,840,Palm ci
2026-08-05,-0.32,11658465,11658465,3140,3696,3140,3696,DATA
2026-08-05,2.58,3971600,3971600,2980,1345,2980,1345,DATA
2026-08-05,0.0,24691680,24691680,28300,874,28300,874,CORIS_BANK
2026-08-05,-2.19,17643660,17643660,3575,4921,3575,4921,Sucrivoire
2026-08-05,0.0,7539370,7539370,8980,840,8980,840,DATA
2026-08-05,-3.57,10622255,10622255,8100,1331,8100,1331,DATA
2026-08-05,-1.96,24344655,24344655,5000,4879,5000,4879,DATA
2026-08-05,-3.49,10266275,10266275,2075,4894,2075,4894,Erium ci
2026-08-05,0.0,85667076,85667076,64,1365222,64,1365222,ETIT
2026-08-05,1.93,1244255,1244255,4485,283,4485,283,Tractafric
2026-08-05,-0.14,528575,528575,7085,78,7085,78,Sicor_ci
2026-08-05,-3.82,133644215,133644215,30200,4338,30200,4338,DATA
2026-08-06,0.02,14823270,14823270,28305,523,28305,523,CORIS_BANK
2026-08-06,0.5,21705525,21705525,2000,10905,2000,10905,DATA
2026-08-06,-0.08,47149915,47149915,24980,1907,24980,1907,DATA
2026-08-06,-0.7,17332370,17332370,3550,4769,3550,4769,DATA
2026-08-06,0.02,14823270,14823270,28305,523,28305,523,DATA
2026-08-06,-3.58,5575120,5575120,3500,1573,3500,1573,Total senegal
2026-08-06,-0.11,2011530,2011530,4480,464,4480,464,DATA
2026-08-06,2.65,74676980,74676980,31000,2386,31000,2386,DATA
2026-08-06,0.0,1183610,1183610,54595,21,54595,21,DATA
2026-08-06,1.27,9796145,9796145,7595,1303,7595,1303,BICB
2026-08-06,0.25,127984205,127984205,38000,3368,38000,3368,SGB CI
2026-08-06,7.5,1500325,1500325,3010,499,3010,499,Servair
2026-08-06,-0.56,11045530,11045530,2675,4162,2675,4162,Setao
2026-08-06,1.25,9077265,9077265,16200,562,16200,562,DATA
2026-08-06,-0.11,2011530,2011530,4480,464,4480,464,Tractafric
2026-08-06,-0.48,3870660,3870660,3125,1235,3125,1235,ORAGROUP_TOGO
2026-08-06,7.43,145679215,145679215,2530,63031,2530,63031,DATA
2026-08-06,0.59,849950,849950,1700,502,1700,502,Cfao
2026-08-06,0.27,11914005,11914005,37000,322,37000,322,Solibra
2026-08-06,4.39,5634750,5634750,11900,478,11900,478,DATA
2026-08-06,-0.34,1482255,1482255,1445,1026,1445,1026,SEMC
2026-08-06,0.0,6240085,6240085,8100,771,8100,771,SOGB
2026-08-06,-5.87,10083675,10083675,2805,3506,2805,3506,DATA
2026-08-06,1.56,27534381,27534381,65,428618,65,428618,DATA
2026-08-06,-3.58,5575120,5575120,3500,1573,3500,1573,DATA
2026-08-06,0.27,11914005,11914005,37000,322,37000,322,DATA
2026-08-06,0.0,1183610,1183610,54595,21,54595,21,Unilever
2026-08-06,0.4,11002295,11002295,5020,2192,5020,2192,CIE CI
2026-08-06,0.3,10385870,10385870,16550,628,16550,628,DATA
2026-08-06,0.0,6240085,6240085,8100,771,8100,771,DATA
2026-08-06,-0.78,2653110,2653110,1900,1386,1900,1386,DATA
2026-08-06,2.41,9901720,9901720,2125,4737,2125,4737,DATA
2026-08-06,-1.51,5002275,5002275,2940,1693,2940,1693,Onatel bf
2026-08-06,0.34,4304340,4304340,29100,148,29100,148,BICC
2026-08-06,0.0,17460870,17460870,4300,4261,4300,4261,LNBB
2026-08-06,0.4,11002295,11002295,5020,2192,5020,2192,DATA
2026-08-06,1.27,9796145,9796145,7595,1303,7595,1303,DATA
2026-08-06,0.0,43575350,43575350,11600,3757,11600,3757,DATA
2026-08-06,0.09,4741040,4741040,5590,849,5590,849,BOA_MALI
2026-08-06,2.41,9901720,9901720,2125,4737,2125,4737,Erium ci
2026-08-06,-1.26,7288905,7288905,23550,309,23550,309,DATA
2026-08-06,2.65,74676980,74676980,31000,2386,31000,2386,Sonatel
2026-08-06,0.0,63765,63765,7085,9,7085,9,Sicor_ci
2026-08-06,1.56,27534381,27534381,65,428618,65,428618,ETIT
2026-08-06,5.0,18927890,18927890,5250,3742,5250,3742,DATA
2026-08-06,-0.7,17332370,17332370,3550,4769,3550,4769,Sucrivoire
2026-08-06,0.0,7510695,7510695,8980,836,8980,836,DATA
2026-08-06,-6.42,1858420,1858420,2115,878,2115,878,NEI-CEDA
2026-08-06,0.0,43575350,43575350,11600,3757,11600,3757,BOA_CI
2026-08-06,-0.78,2653110,2653110,1900,1386,1900,1386,Bernabe
2026-08-06,0.09,4741040,4741040,5590,849,5590,849,DATA
2026-08-06,0.0,13195590,13195590,17175,773,17175,773,DATA
2026-08-06,0.3,10385870,10385870,16550,628,16550,628,SMBC
2026-08-06,0.0,7510695,7510695,8980,836,8980,836,Palm ci
2026-08-06,0.5,21705525,21705525,2000,10905,2000,10905,Filtisac
2026-08-06,-0.08,47149915,47149915,24980,1907,24980,1907,Sitab_ci
2026-08-06,-0.43,4745530,4745530,2290,2066,2290,2066,Vivo energy
2026-08-06,2.46,22758980,22758980,5200,4425,5200,4425,DATA
2026-08-06,0.42,106860730,106860730,7230,14488,7230,14488,BOA_BF
2026-08-06,1.45,8919070,8919070,7710,1166,7710,1166,DATA
2026-08-06,-1.51,5002275,5002275,2940,1693,2940,1693,DATA
2026-08-06,-0.48,3870660,3870660,3125,1235,3125,1235,DATA
2026-08-06,-0.93,6415130,6415130,16595,384,16595,384,DATA
2026-08-06,0.59,849950,849950,1700,502,1700,502,DATA
2026-08-06,0.0,3471730,3471730,7600,455,7600,455,DATA
2026-08-06,1.25,9077265,9077265,16200,562,16200,562,ECOBANK_CI
2026-08-06,0.0,17460870,17460870,4300,4261,4300,4261,DATA
2026-08-06,1.45,8919070,8919070,7710,1166,7710,1166,BOA_SN
2026-08-06,1.43,2814115,2814115,3550,782,3550,782,DATA
2026-08-06,0.54,25006300,25006300,9300,2688,9300,2688,DATA
2026-08-06,0.54,25006300,25006300,9300,2688,9300,2688,SIBC
2026-08-06,0.0,3471730,3471730,7600,455,7600,455,Saph
2026-08-06,-1.26,7288905,7288905,23550,309,23550,309,NSIA
2026-08-06,0.34,4304340,4304340,29100,148,29100,148,DATA
2026-08-06,0.26,10326175,10326175,1900,5463,1900,5463,DATA
2026-08-06,0.11,42556815,42556815,8710,4887,8710,4887,DATA
2026-08-06,2.46,22758980,22758980,5200,4425,5200,4425,BOA_NIGER
2026-08-06,0.25,127984205,127984205,38000,3368,38000,3368,DATA
2026-08-06,0.0,63765,63765,7085,9,7085,9,DATA
2026-08-06,-0.43,4745530,4745530,2290,2066,2290,2066,DATA
2026-08-06,-0.56,11045530,11045530,2675,4162,2675,4162,DATA
2026-08-06,-5.87,10083675,10083675,2805,3506,2805,3506,Total ci
2026-08-06,4.39,5634750,5634750,11900,478,11900,478,SODE CI
2026-08-06,-6.42,1858420,1858420,2115,878,2115,878,DATA
2026-08-06,1.43,2814115,2814115,3550,782,3550,782,Sicable
2026-08-06,7.5,1500325,1500325,3010,499,3010,499,DATA
2026-08-06,0.26,10326175,10326175,1900,5463,1900,5463,Uniwax
2026-08-06,0.42,106860730,106860730,7230,14488,7230,14488,DATA
2026-08-06,-0.93,6415130,6415130,16595,384,16595,384,Nestle
2026-08-06,0.0,13195590,13195590,17175,773,17175,773,Orange ci
2026-08-06,-0.34,1482255,1482255,1445,1026,1445,1026,DATA
2026-08-06,5.0,18927890,18927890,5250,3742,5250,3742,SAFCA
2026-08-06,0.11,42556815,42556815,8710,4887,8710,4887,BOA_BENIN
2026-08-06,7.43,145679215,145679215,2530,63031,2530,63031,AGL
